start_timestamp,end_timestamp,final_equity,total_contributed,net_profit,money_multiple,twr_final_index,twr_cagr_pct,twr_mdd_pct,twr_calmar_ratio,xirr_pct,variant,w1,w2,w3,threshold_pct,rebalance_count,fee_paid,turnover_notional
2022-01-01 08:00:00,2026-03-15 05:15:00,163891.29621720483,52000.0,111891.29621720483,3.151755696484708,8.489573673990348,66.41291788474979,73.92913018696072,0.8983321962100319,58.138738606641404,eth_w30_70_00_thr02,0.3,0.7,0.0,2.0,309,339.92627419192576,849815.6854798143
2022-01-01 08:00:00,2026-03-15 05:15:00,164402.76074731638,52000.0,112402.76074731638,3.1615915528330074,8.581892895643923,66.84205812983477,74.7034445416953,0.8947654092781123,58.3129691881501,eth_w25_75_00_thr02,0.25,0.75,0.0,2.0,248,273.28518595149484,683212.9648787372
2022-01-01 08:00:00,2026-03-15 05:15:00,164202.66254877995,52000.0,112202.66254877995,3.1577435105534604,8.49573921876682,66.44168854313055,74.619604094276,0.8904052674842218,58.24485783728275,eth_w20_75_05_thr02,0.2,0.75,0.05,2.0,227,238.528679397553,596321.6984938821
2022-01-01 08:00:00,2026-03-15 05:15:00,166399.27848017638,52000.0,114399.27848017638,3.1999861246187766,8.463191723857422,66.28963008364055,74.56370756738059,0.8890334486618299,58.98892490433665,eth_w20_70_10_thr02,0.2,0.7,0.1,2.0,288,303.51352021838375,758783.8005459592
2022-01-01 08:00:00,2026-03-15 05:15:00,165381.79372533472,52000.0,113381.79372533472,3.1804191101025907,8.275269827558041,65.40285802078417,73.83776285521036,0.8857643499984373,58.64526053219841,eth_w30_65_05_thr02,0.3,0.65,0.05,2.0,344,393.06400423338414,982660.010583461
2022-01-01 08:00:00,2026-03-15 05:15:00,163047.02489387183,52000.0,111047.02489387183,3.1355197094975353,8.308520211047439,65.56087040401759,74.18745570696181,0.8837190840319559,57.85017455370243,eth_w25_70_05_thr02,0.25,0.7,0.05,2.0,280,294.5357251732061,736339.3129330146
2022-01-01 08:00:00,2026-03-15 05:15:00,168133.5563857641,52000.0,116133.5563857641,3.233337622803156,8.29313697054037,65.48782621120692,74.14925169090299,0.8831893069426796,59.57080519766795,eth_w20_65_15_thr02,0.2,0.65,0.15,2.0,337,359.2537256656337,898134.3141640843
2022-01-01 08:00:00,2026-03-15 05:15:00,166600.81057088004,52000.0,114600.81057088004,3.2038617417476933,8.461468078042898,66.28156497875064,75.0486386908373,0.8831814425281903,59.056792883671385,eth_w15_75_10_thr02,0.15,0.75,0.1,2.0,222,238.80007884612783,597000.1971153194
2022-01-01 08:00:00,2026-03-15 05:15:00,168353.05235043773,52000.0,116353.05235043773,3.2375586990468794,8.474919956904337,66.34447441440948,75.1749483031207,0.8825343536904747,59.64410440978203,eth_w10_75_15_thr02,0.1,0.75,0.15,2.0,219,227.1260652144602,567815.1630361509
2022-01-01 08:00:00,2026-03-15 05:15:00,172459.375225366,52000.0,120459.375225366,3.316526446641654,8.470972367854504,66.3260208998647,75.19651710035195,0.8820358103999775,61.00138634779413,eth_w05_75_20_thr02,0.05,0.75,0.2,2.0,234,257.940412329801,644851.0308245025
2022-01-01 08:00:00,2026-03-15 05:15:00,168326.33113797993,52000.0,116326.33113797993,3.2370448295765373,8.386444815191636,65.92930468589762,74.75480797371836,0.8819406600452572,59.6351851597706,eth_w15_70_15_thr02,0.15,0.7,0.15,2.0,280,300.10645192132034,750266.1298033012
2022-01-01 08:00:00,2026-03-15 05:15:00,164149.34940356278,52000.0,112149.34940356278,3.1567182577608226,8.159331452034143,64.84808388444154,74.01411004070877,0.8761583953218407,58.22669929306377,eth_w25_65_10_thr02,0.25,0.65,0.1,2.0,324,341.4521702218536,853630.425554634
2022-01-01 08:00:00,2026-03-15 05:15:00,164723.3243829229,52000.0,112723.3243829229,3.1677562381331326,8.022011082517096,64.18317106382396,73.7518141241684,0.8702588787275837,58.42194639125211,eth_w30_60_10_thr02,0.3,0.6,0.1,2.0,373,419.98210056494617,1049955.251412366
2022-01-01 08:00:00,2026-03-15 05:15:00,167472.02463778213,52000.0,115472.02463778213,3.220615858418887,7.993760300083441,64.04530524408112,74.10211604409422,0.8642844315804852,59.349423405504155,eth_w20_60_20_thr02,0.2,0.6,0.2,2.0,385,404.4883099450828,1011220.7748627081
2022-01-01 08:00:00,2026-03-15 05:15:00,158749.73732657343,52000.0,106749.73732657343,3.052879563972566,8.12282202270234,64.67214036789346,74.8274637114804,0.8642834750788317,56.36241234296699,eth_w25_75_00_thr04,0.25,0.75,0.0,4.0,66,119.27985765024592,298199.64412561484
2022-01-01 08:00:00,2026-03-15 05:15:00,167981.9099123803,52000.0,115981.9099123803,3.230421344468852,8.177146762283668,64.93372042410195,75.18419529870712,0.8636618396475483,59.52011879198882,eth_w10_70_20_thr02,0.1,0.7,0.2,2.0,271,290.79941808569976,726998.5452142492
2022-01-01 08:00:00,2026-03-15 05:15:00,164222.3854261696,52000.0,112222.38542616961,3.158122796657108,7.96857552936237,63.922088459188096,74.02568230968589,0.863512317141104,58.25157427555694,eth_w25_60_15_thr02,0.25,0.6,0.15,2.0,376,392.9204988445415,982301.2471113537
2022-01-01 08:00:00,2026-03-15 05:15:00,165877.35418560286,52000.0,113877.35418560286,3.1899491189539013,8.095606102048222,64.54059105549726,74.87541342513897,0.8619730843960608,58.812852855954326,eth_w15_70_15_thr04,0.15,0.7,0.15,4.0,77,152.17515954946526,380437.8988736633
2022-01-01 08:00:00,2026-03-15 05:15:00,161681.87016998322,52000.0,109681.87016998322,3.1092667340381386,8.203950909043655,65.06229803714857,75.50662581723246,0.8616766718544024,57.38101421119155,eth_w15_80_05_thr02,0.15,0.8,0.05,2.0,159,158.9114129795491,397278.5324488726
2022-01-01 08:00:00,2026-03-15 05:15:00,166551.3710494519,52000.0,114551.3710494519,3.202910981720229,8.20997879386539,65.09116928556588,75.59350603918094,0.8610682675814563,59.04014975535878,eth_w05_80_15_thr02,0.05,0.8,0.15,2.0,170,170.62638316445555,426565.95791113883
2022-01-01 08:00:00,2026-03-15 05:15:00,159026.1604779067,52000.0,107026.1604779067,3.058195393805898,8.137300253204643,64.74198472294516,75.28613410253575,0.8599456658880902,56.45908594120019,eth_w20_80_00_thr02,0.2,0.8,0.0,2.0,171,167.78849706244654,419471.2426561162
2022-01-01 08:00:00,2026-03-15 05:15:00,164994.58653939064,52000.0,112994.58653939064,3.1729728180652046,8.215379184552702,65.11702136601127,75.72228228595618,0.8599453080416224,58.51402969045567,eth_w05_85_10_thr02,0.05,0.85,0.1,2.0,119,122.32197622953922,305804.9405738481
2022-01-01 08:00:00,2026-03-15 05:15:00,165176.76716157125,52000.0,113176.76716157125,3.1764762915686777,8.02367333359588,64.1912714371197,74.73100713104583,0.8589643563153913,58.57580460205472,eth_w20_65_15_thr04,0.2,0.65,0.15,4.0,101,192.9355691911175,482338.9229777938
2022-01-01 08:00:00,2026-03-15 05:15:00,162909.65032510267,52000.0,110909.65032510267,3.132877890867359,8.177302140297943,64.93446668621328,75.60186492139178,0.8589003294261314,57.803107143879394,eth_w10_80_10_thr02,0.1,0.8,0.1,2.0,156,150.49327838940053,376233.19597350137
2022-01-01 08:00:00,2026-03-15 05:15:00,166813.74766556587,52000.0,114813.74766556587,3.2079566858762667,7.980462313443757,63.98028160342937,74.54397414546811,0.8582891150742201,59.12842970160648,eth_w15_65_20_thr02,0.15,0.65,0.2,2.0,315,328.819562781029,822048.9069525724
2022-01-01 08:00:00,2026-03-15 05:15:00,162354.57443090272,52000.0,110354.57443090272,3.122203354440437,8.211668658771409,65.09926018962524,76.02196572574803,0.8563217166006093,57.61259948193944,eth_w10_85_05_thr02,0.1,0.85,0.05,2.0,120,120.50278204377427,301256.9551094357
2022-01-01 08:00:00,2026-03-15 05:15:00,158105.1557858925,52000.0,106105.15578589251,3.0404837651133176,8.010428984941791,64.12669441682293,75.08899248188582,0.8540092535173195,56.136452675148796,eth_w20_75_05_thr04,0.2,0.75,0.05,4.0,62,100.40570231358532,251014.25578396322
2022-01-01 08:00:00,2026-03-15 05:15:00,159081.2066678371,52000.0,107081.2066678371,3.0592539743814826,7.95029730708259,63.832476107243984,74.7943316263381,0.8534400230507039,56.47832104766608,eth_w25_70_05_thr04,0.25,0.7,0.05,4.0,79,148.14870957417307,370371.77393543266
2022-01-01 08:00:00,2026-03-15 05:15:00,162657.28015805117,52000.0,110657.28015805117,3.128024618424061,8.000383916047825,64.07766223274255,75.27249326836413,0.8512759369387517,57.716556241425025,eth_w10_75_15_thr04,0.1,0.75,0.15,4.0,60,98.48150179194138,246203.75447985344
2022-01-01 08:00:00,2026-03-15 05:15:00,160556.52352265237,52000.0,108556.52352265237,3.0876254523586995,7.948027018446438,63.821334643399474,74.99564698577802,0.8510005208102596,56.99185605436084,eth_w20_70_10_thr04,0.2,0.7,0.1,4.0,77,135.73475360510312,339336.88401275774
2022-01-01 08:00:00,2026-03-15 05:15:00,158476.71919138852,52000.0,106476.71919138852,3.04762921521901,8.094344205258556,64.53448345509487,75.86218234514962,0.8506805559782449,56.26679589040666,eth_w15_85_00_thr02,0.15,0.85,0.0,2.0,116,107.53710965689642,268842.7741422411
2022-01-01 08:00:00,2026-03-15 05:15:00,163559.47820166397,52000.0,111559.47820166397,3.14537458080123,7.8830228030949945,63.50129230032546,74.94332775751124,0.8473241608084451,58.025469783342444,eth_w10_70_20_thr04,0.1,0.7,0.2,4.0,74,126.09202441446742,315230.0610361686
2022-01-01 08:00:00,2026-03-15 05:15:00,164385.35874487465,52000.0,112385.35874487465,3.161256898939897,8.044049205484225,64.29046206227787,75.9881988263452,0.846058507179516,58.30704838449856,eth_w00_85_15_thr02,0.0,0.85,0.15,2.0,120,114.09010271240253,285225.2567810064
2022-01-01 08:00:00,2026-03-15 05:15:00,156065.52353784032,52000.0,104065.52353784032,3.0012600680353905,7.900639799730424,63.58822600475176,75.23843403240171,0.8451561601796131,55.41651089062769,eth_w20_80_00_thr04,0.2,0.8,0.0,4.0,46,78.29583131546762,195739.57828866903
2022-01-01 08:00:00,2026-03-15 05:15:00,158746.0641702039,52000.0,106746.0641702039,3.052808926350075,7.753973780689647,62.85992541979506,74.41961893407132,0.8446687354779786,56.361126812293946,eth_w30_65_05_thr04,0.3,0.65,0.05,4.0,96,184.64961404643583,461624.0351160896
2022-01-01 08:00:00,2026-03-15 05:15:00,165542.2490720986,52000.0,113542.24907209861,3.18350478984805,8.021237401123152,64.17940037410183,75.99106025607267,0.8445651390812522,58.69956882160441,eth_w00_80_20_thr02,0.0,0.8,0.2,2.0,162,157.4332782204518,393583.1955511292
2022-01-01 08:00:00,2026-03-15 05:15:00,158058.33952597957,52000.0,106058.33952597957,3.039583452422684,7.910637947555571,63.637497686227306,75.53731775031596,0.8424643551228177,56.120012118825315,eth_w15_80_05_thr04,0.15,0.8,0.05,4.0,43,74.28203826425873,185705.09566064677
2022-01-01 08:00:00,2026-03-15 05:15:00,155170.33130855323,52000.0,103170.33130855323,2.984044832856793,7.809800786655079,63.13837322694842,74.95790607577659,0.8423177291414791,55.0981231966071,eth_w30_70_00_thr04,0.3,0.7,0.0,4.0,77,140.04568518588636,350114.2129647157
2022-01-01 08:00:00,2026-03-15 05:15:00,160057.189039891,52000.0,108057.189039891,3.07802286615175,7.918094318503847,63.67421240889251,75.62067678902854,0.8420211919887328,56.81847400220812,eth_w15_75_10_thr04,0.15,0.75,0.1,4.0,61,100.24744114284117,250618.60285710287
2022-01-01 08:00:00,2026-03-15 05:15:00,162850.51635805285,52000.0,110850.51635805285,3.131740699193324,7.583078463263951,61.997947929544736,73.70759957104194,0.8411337269203695,57.78283673807596,eth_w30_55_15_thr02,0.3,0.55,0.15,2.0,396,436.96263615135655,1092406.5903783906
2022-01-01 08:00:00,2026-03-15 05:15:00,160614.4715611569,52000.0,108614.47156115691,3.088739837714556,7.740863809418844,62.794315598661335,74.6835757311916,0.8408048889447495,57.01194890516312,eth_w25_65_10_thr04,0.25,0.65,0.1,4.0,92,170.3938393714386,425984.59842859645
2022-01-01 08:00:00,2026-03-15 05:15:00,164118.35120587226,52000.0,112118.35120587226,3.1561221385744664,7.571923977691417,61.941173299191156,73.71818260470934,0.8402428154168056,58.21613906755585,eth_w25_55_20_thr02,0.25,0.55,0.2,2.0,400,427.6378670991258,1069094.6677478142
2022-01-01 08:00:00,2026-03-15 05:15:00,156183.77027388246,52000.0,104183.77027388246,3.003534043728509,7.990862530491667,64.03114294300627,76.28603852775068,0.8393559841190806,55.45845641891951,eth_w10_90_00_thr02,0.1,0.9,0.0,2.0,64,53.28671696867876,133216.7924216969
2022-01-01 08:00:00,2026-03-15 05:15:00,155825.83881417842,52000.0,103825.83881417842,2.996650746426508,7.9078643812593805,63.62383408457304,76.0052597875734,0.8370977780010868,55.331408843643956,eth_w15_85_00_thr04,0.15,0.85,0.0,4.0,30,49.927710396120354,124819.27599030087
2022-01-01 08:00:00,2026-03-15 05:15:00,164506.3893374042,52000.0,112506.3893374042,3.163584410334696,7.710327676045807,62.64116637114523,75.1575534748418,0.8334646815255062,58.348216988490485,eth_w15_65_20_thr04,0.15,0.65,0.2,4.0,93,180.29075991473883,450726.899786847
2022-01-01 08:00:00,2026-03-15 05:15:00,156702.1364545978,52000.0,104702.13645459781,3.013502624126881,7.838633541031032,63.281588626887086,75.9834099710711,0.8328342812066485,55.64203318096783,eth_w10_85_05_thr04,0.1,0.85,0.05,4.0,29,44.087896784209796,110219.74196052446
2022-01-01 08:00:00,2026-03-15 05:15:00,162299.56012395286,52000.0,110299.56012395286,3.1211453869990935,7.80687635367369,63.12382476407776,75.85317760640086,0.8321843165440582,57.59368937818121,eth_w05_75_20_thr04,0.05,0.75,0.2,4.0,58,98.70504523748458,246762.61309371146
2022-01-01 08:00:00,2026-03-15 05:15:00,159080.9418460913,52000.0,107080.9418460913,3.059248881655602,7.785621902778913,63.017963227603204,75.7458522752976,0.8319658612931703,56.47822852236393,eth_w10_80_10_thr04,0.1,0.8,0.1,4.0,40,69.83627469745497,174590.68674363737
2022-01-01 08:00:00,2026-03-15 05:15:00,157401.28784274298,52000.0,105401.28784274298,3.0269478431296726,7.864073636815511,63.407619418099806,76.51978667549575,0.828643442081172,55.888857475410525,eth_w05_90_05_thr02,0.05,0.9,0.05,2.0,52,48.57649313819804,121441.23284549509
2022-01-01 08:00:00,2026-03-15 05:15:00,156899.54952677203,52000.0,104899.54952677203,3.0172990293610007,7.733501858720279,62.757435045894795,76.55663030447494,0.8197517941463844,55.71181684530693,eth_w00_90_10_thr02,0.0,0.9,0.1,2.0,55,43.93883333689271,109847.08334223178
2022-01-01 08:00:00,2026-03-15 05:15:00,156500.17300137226,52000.0,104500.17300137226,3.009618711564851,7.669202494710027,62.43417746441375,76.1805751967924,0.8195550808474672,55.57056735505712,eth_w05_85_10_thr04,0.05,0.85,0.1,4.0,27,35.638094269015156,89095.23567253788
2022-01-01 08:00:00,2026-03-15 05:15:00,158918.94632719926,52000.0,106918.94632719926,3.05613358321537,7.648430610725136,62.32930801775516,76.16333798847923,0.8183636597858059,56.42160602663158,eth_w00_85_15_thr04,0.0,0.85,0.15,4.0,29,41.794701429771806,104486.75357442953
2022-01-01 08:00:00,2026-03-15 05:15:00,155364.66070125002,52000.0,103364.66070125002,2.9877819365625005,7.365096109873292,60.876721058567675,74.44593449119003,0.8177306319631444,55.167365269934486,eth_w30_60_10_thr04,0.3,0.6,0.1,4.0,104,185.81751139887405,464543.77849718503
2022-01-01 08:00:00,2026-03-15 05:15:00,160194.05120547817,52000.0,108194.05120547817,3.0806548308745803,7.650037063119706,62.337426129540205,76.23859711455167,0.8176622929705228,56.86603958018628,eth_w05_80_15_thr04,0.05,0.8,0.15,4.0,41,79.22271258751736,198056.78146879343
2022-01-01 08:00:00,2026-03-15 05:15:00,161864.85563938983,52000.0,109864.85563938983,3.1127856853728813,7.435705100163346,61.2426460123241,75.17885990937963,0.8146258946483866,57.44408576098445,eth_w20_60_20_thr04,0.2,0.6,0.2,4.0,109,215.78422115326103,539460.5528831527
2022-01-01 08:00:00,2026-03-15 05:15:00,159488.8293623367,52000.0,107488.82936233669,3.0670928723526285,7.556289847421747,61.86149061754411,76.18869600351502,0.8119510355537531,56.620591783453534,eth_w00_80_20_thr04,0.0,0.8,0.2,4.0,42,70.41569278797793,176039.23196994484
2022-01-01 08:00:00,2026-03-15 05:15:00,153818.66878094463,52000.0,101818.66878094463,2.9580513227104737,7.5757710547730195,61.96076152908674,77.06347812620417,0.8040223856444133,54.61455627180021,eth_w00_95_05_thr04,0.0,0.95,0.05,4.0,3,6.839327942424919,17098.3198560623
2022-01-01 08:00:00,2026-03-15 05:15:00,156194.4843733241,52000.0,104194.48437332411,3.003740084102387,7.250625098240035,60.27776502196885,74.98470560987252,0.8038674624606734,55.462255749207756,eth_w25_60_15_thr04,0.25,0.6,0.15,4.0,101,171.9232940322563,429808.2350806408
2022-01-01 08:00:00,2026-03-15 05:15:00,152988.8729034403,52000.0,100988.8729034403,2.942093709681544,7.408220632225698,61.10052613923496,76.13417432301284,0.8025374502651733,54.31598363316758,eth_w05_90_05_thr04,0.05,0.9,0.05,4.0,9,17.173333920131615,42933.33480032903
2022-01-01 08:00:00,2026-03-15 05:15:00,150234.63249420607,52000.0,98234.63249420607,2.8891275479655016,7.423675013272666,61.18048878068867,76.3642050883589,0.8011671006055576,53.31546945386187,eth_w10_90_00_thr04,0.1,0.9,0.0,4.0,11,17.35911099713363,43397.77749283407
2022-01-01 08:00:00,2026-03-15 05:15:00,159950.70627596515,52000.0,107950.70627596515,3.0759751206916373,7.026111809194935,59.081784564812565,73.79914524403569,0.8005754588273832,56.78144385055668,eth_w30_50_20_thr02,0.3,0.5,0.2,2.0,406,445.745239651793,1114363.0991294836
2022-01-01 08:00:00,2026-03-15 05:15:00,149796.11589523073,52000.0,97796.11589523073,2.880694536446745,7.500570878511598,61.5764814567046,77.09772514034925,0.7986809123694678,53.15480298799755,eth_w05_95_00_thr04,0.05,0.95,0.0,4.0,2,2.758708514251686,6896.771285629215
2022-01-01 08:00:00,2026-03-15 05:15:00,150406.50657887958,52000.0,98406.50657887958,2.892432818824607,7.419268542882839,61.15770216107212,76.85312756402065,0.7957737583304748,53.37833804737262,eth_w05_95_00_thr02,0.05,0.95,0.0,2.0,14,10.151333923313455,25378.33480828363
2022-01-01 08:00:00,2026-03-15 05:15:00,154515.9633856897,52000.0,102515.96338568971,2.9714608343401867,7.371642595940699,60.910759788073854,76.68254652421824,0.7943236440229164,54.864446099728625,eth_w00_90_10_thr04,0.0,0.9,0.1,4.0,13,22.364637745227757,55911.594363069395
2022-01-01 08:00:00,2026-03-15 05:15:00,151287.9237941551,52000.0,99287.9237941551,2.909383149887598,7.289142314331628,60.48010095233509,76.91185571463217,0.7863560226232976,53.69983318779261,eth_w00_95_05_thr02,0.0,0.95,0.05,2.0,14,9.269553047083553,23173.882617708878
2022-01-01 08:00:00,2026-03-15 05:15:00,154108.7949300284,52000.0,102108.79493002841,2.9636306717313157,6.826846051793766,57.99565641660125,75.15219224988485,0.7717094429363118,54.71864013206098,eth_w25_55_20_thr04,0.25,0.55,0.2,4.0,105,185.91886429944162,464797.1607486041
2022-01-01 08:00:00,2026-03-15 05:15:00,147757.4279553542,52000.0,95757.42795535419,2.8414889991414265,7.173670114166456,59.87104529644882,77.71780132061478,0.7703646304848297,52.40280776216455,case2_only_thr2,0.0,1.0,0.0,2.0,0,0.0,0.0
2022-01-01 08:00:00,2026-03-15 05:15:00,147757.4279553542,52000.0,95757.42795535419,2.8414889991414265,7.173670114166456,59.87104529644882,77.71780132061478,0.7703646304848297,52.40280776216455,case2_only_thr4,0.0,1.0,0.0,4.0,0,0.0,0.0
2022-01-01 08:00:00,2026-03-15 05:15:00,147757.4279553542,52000.0,95757.42795535419,2.8414889991414265,7.173670114166456,59.87104529644882,77.71780132061478,0.7703646304848297,52.40280776216455,eth_w00_100_00_thr02,0.0,1.0,0.0,2.0,0,0.0,0.0
2022-01-01 08:00:00,2026-03-15 05:15:00,147757.4279553542,52000.0,95757.42795535419,2.8414889991414265,7.173670114166456,59.87104529644882,77.71780132061478,0.7703646304848297,52.40280776216455,eth_w00_100_00_thr04,0.0,1.0,0.0,4.0,0,0.0,0.0
2022-01-01 08:00:00,2026-03-15 05:15:00,150034.48689860242,52000.0,98034.48689860242,2.8852785942038928,6.681879357048999,57.19021559205479,74.86391796132423,0.763922289260897,53.24218609048894,eth_w30_55_15_thr04,0.3,0.55,0.15,4.0,103,179.03605746707817,447590.14366769546
2022-01-01 08:00:00,2026-03-15 05:15:00,144557.03794807402,52000.0,92557.03794807402,2.779943037462962,6.131313388930416,54.00430508241949,74.75230099398267,0.7224433811979469,51.205139889816564,eth_w30_50_20_thr04,0.3,0.5,0.2,4.0,103,163.2510690063645,408127.67251591117
2022-01-01 08:00:00,2026-03-15 05:15:00,122657.6666478642,52000.0,70657.6666478642,2.358801281689696,4.5729973631627905,43.617568244057956,73.45800542235197,0.5937755591548624,42.373734221764195,baseline_btc_62_31_7_thr2,0.62,0.31,0.07,2.0,335,306.0410351002331,765102.5877505825
2022-01-01 08:00:00,2026-03-15 05:15:00,115405.05851994228,52000.0,63405.05851994228,2.2193280484604285,4.1438527278439565,40.28679702351896,74.72459165165178,0.5391370649615108,39.163651661277754,baseline_btc_62_31_7_thr4,0.62,0.31,0.07,4.0,86,131.04243461351152,327606.0865337789
