final_equity,total_return_pct,cagr_pct,max_drawdown_pct,calmar_ratio,variant,stage,gate,entry_family,zone_anchor,sweep_lookback,reclaim_window,confirm_mode,entry_scale,max_entries,add_trigger,add_profile,cooldown_bars,stop_mode,tp_mode,max_hold_bars,signal_count,trades,win_rate_pct,avg_entries,avg_hold_minutes,add_count,exposure_pct,benchmark_flag
1005.8232443599288,0.582324435992887,0.1383306801768125,0.8872441956745636,0.15591049324548237,stage1_coarse_sweep_reclaim_overlap_lb12_rw2_proxy_bos_es0.45_me2_addavg_minus_0.5ATR_equal_cd2_stopsweep_low-0.2ATR_tppartial_1.5R_runner_to_bearish_ob_hold48_gatenone,stage1_coarse,none,sweep_reclaim,overlap,12.0,2.0,proxy_bos,0.45,2.0,avg_minus_0.5ATR,equal,2.0,sweep_low-0.2ATR,partial_1.5R_runner_to_bearish_ob,48.0,6.0,6.0,50.0,1.8333333333333333,173.33333333333334,5,0.04710484133594765,
1005.2477894595953,0.5247789459595253,0.12468800984417605,1.0730602222519092,0.1161985201375814,stage1_coarse_sweep_reclaim_overlap_lb12_rw3_proxy_bos_es0.45_me2_addavg_minus_0.5ATR_equal_cd2_stopsweep_low-0.2ATR_tppartial_1.5R_runner_to_bearish_ob_hold48_gatenone,stage1_coarse,none,sweep_reclaim,overlap,12.0,3.0,proxy_bos,0.45,2.0,avg_minus_0.5ATR,equal,2.0,sweep_low-0.2ATR,partial_1.5R_runner_to_bearish_ob,48.0,8.0,8.0,50.0,1.875,190.0,7,0.06884553733715426,
1004.9511049833718,0.49511049833717014,0.11765199995623643,0.4231622026134918,0.2780305027944509,stage1_coarse_choch_ob_reclaim_white_floor_lb12_rw3_close_above_white_es0.45_me2_addavg_minus_0.5ATR_equal_cd2_stopsweep_low-0.2ATR_tppartial_1.5R_runner_to_bearish_ob_hold48_gatenone,stage1_coarse,none,choch_ob_reclaim,white_floor,12.0,3.0,close_above_white,0.45,2.0,avg_minus_0.5ATR,equal,2.0,sweep_low-0.2ATR,partial_1.5R_runner_to_bearish_ob,48.0,10.0,9.0,44.44444444444444,1.6666666666666667,132.44444444444446,6,0.053989395069663076,
1004.3694506480518,0.43694506480518314,0.10385320348234028,0.23914488920545596,0.4342689648412981,stage1_coarse_sweep_reclaim_overlap_lb12_rw1_proxy_bos_es0.45_me2_addavg_minus_0.5ATR_equal_cd2_stopsweep_low-0.2ATR_tppartial_1.5R_runner_to_bearish_ob_hold48_gatenone,stage1_coarse,none,sweep_reclaim,overlap,12.0,1.0,proxy_bos,0.45,2.0,avg_minus_0.5ATR,equal,2.0,sweep_low-0.2ATR,partial_1.5R_runner_to_bearish_ob,48.0,1.0,1.0,100.0,2.0,106.0,1,0.004801070366933126,
1003.2455375598751,0.3245537559875,0.07717294782967343,0.36574669266804527,0.2110010818326558,stage1_coarse_choch_ob_reclaim_white_floor_lb12_rw2_close_above_white_es0.45_me2_addavg_minus_0.5ATR_equal_cd2_stopsweep_low-0.2ATR_tppartial_1.5R_runner_to_bearish_ob_hold48_gatenone,stage1_coarse,none,choch_ob_reclaim,white_floor,12.0,2.0,close_above_white,0.45,2.0,avg_minus_0.5ATR,equal,2.0,sweep_low-0.2ATR,partial_1.5R_runner_to_bearish_ob,48.0,6.0,6.0,33.33333333333333,1.8333333333333333,141.33333333333334,5,0.03840856293546501,
1001.3521114942884,0.13521114942882662,0.03217389583989316,0.096341893499019,0.3339554026953059,stage1_coarse_choch_ob_reclaim_white_floor_lb24_rw3_close_above_white_es0.45_me2_addavg_minus_0.5ATR_equal_cd2_stopsweep_low-0.2ATR_tppartial_1.5R_runner_to_bearish_ob_hold48_gatenone,stage1_coarse,none,choch_ob_reclaim,white_floor,24.0,3.0,close_above_white,0.45,2.0,avg_minus_0.5ATR,equal,2.0,sweep_low-0.2ATR,partial_1.5R_runner_to_bearish_ob,48.0,2.0,2.0,50.0,1.5,134.0,1,0.012138555267340355,
1001.3521114942884,0.13521114942882662,0.03217389583989316,0.096341893499019,0.3339554026953059,stage1_coarse_choch_ob_reclaim_white_floor_lb36_rw3_close_above_white_es0.45_me2_addavg_minus_0.5ATR_equal_cd2_stopsweep_low-0.2ATR_tppartial_1.5R_runner_to_bearish_ob_hold48_gatenone,stage1_coarse,none,choch_ob_reclaim,white_floor,36.0,3.0,close_above_white,0.45,2.0,avg_minus_0.5ATR,equal,2.0,sweep_low-0.2ATR,partial_1.5R_runner_to_bearish_ob,48.0,2.0,2.0,50.0,1.5,134.0,1,0.012138555267340355,
1000.0,0.0,0.0,-0.0,,stage1_coarse_sweep_reclaim_red_floor_lb36_rw1_close_above_prev3bar_high_es0.45_me2_addavg_minus_0.5ATR_equal_cd2_stopsweep_low-0.2ATR_tppartial_1.5R_runner_to_bearish_ob_hold48_gatenone,stage1_coarse,none,sweep_reclaim,red_floor,36.0,1.0,close_above_prev3bar_high,0.45,2.0,avg_minus_0.5ATR,equal,2.0,sweep_low-0.2ATR,partial_1.5R_runner_to_bearish_ob,48.0,0.0,0.0,,,,0,0.0,
1000.0,0.0,0.0,-0.0,,stage1_coarse_sweep_reclaim_red_floor_lb36_rw1_proxy_bos_es0.45_me2_addavg_minus_0.5ATR_equal_cd2_stopsweep_low-0.2ATR_tppartial_1.5R_runner_to_bearish_ob_hold48_gatenone,stage1_coarse,none,sweep_reclaim,red_floor,36.0,1.0,proxy_bos,0.45,2.0,avg_minus_0.5ATR,equal,2.0,sweep_low-0.2ATR,partial_1.5R_runner_to_bearish_ob,48.0,0.0,0.0,,,,0,0.0,
1000.0,0.0,0.0,-0.0,,stage1_coarse_sweep_reclaim_overlap_lb24_rw1_close_above_prev3bar_high_es0.45_me2_addavg_minus_0.5ATR_equal_cd2_stopsweep_low-0.2ATR_tppartial_1.5R_runner_to_bearish_ob_hold48_gatenone,stage1_coarse,none,sweep_reclaim,overlap,24.0,1.0,close_above_prev3bar_high,0.45,2.0,avg_minus_0.5ATR,equal,2.0,sweep_low-0.2ATR,partial_1.5R_runner_to_bearish_ob,48.0,0.0,0.0,,,,0,0.0,
1000.0,0.0,0.0,-0.0,,stage1_coarse_sweep_reclaim_overlap_lb24_rw1_proxy_bos_es0.45_me2_addavg_minus_0.5ATR_equal_cd2_stopsweep_low-0.2ATR_tppartial_1.5R_runner_to_bearish_ob_hold48_gatenone,stage1_coarse,none,sweep_reclaim,overlap,24.0,1.0,proxy_bos,0.45,2.0,avg_minus_0.5ATR,equal,2.0,sweep_low-0.2ATR,partial_1.5R_runner_to_bearish_ob,48.0,0.0,0.0,,,,0,0.0,
1000.0,0.0,0.0,-0.0,,stage1_coarse_sweep_reclaim_overlap_lb36_rw1_close_above_prev3bar_high_es0.45_me2_addavg_minus_0.5ATR_equal_cd2_stopsweep_low-0.2ATR_tppartial_1.5R_runner_to_bearish_ob_hold48_gatenone,stage1_coarse,none,sweep_reclaim,overlap,36.0,1.0,close_above_prev3bar_high,0.45,2.0,avg_minus_0.5ATR,equal,2.0,sweep_low-0.2ATR,partial_1.5R_runner_to_bearish_ob,48.0,0.0,0.0,,,,0,0.0,
1000.0,0.0,0.0,-0.0,,stage1_coarse_sweep_reclaim_overlap_lb36_rw1_proxy_bos_es0.45_me2_addavg_minus_0.5ATR_equal_cd2_stopsweep_low-0.2ATR_tppartial_1.5R_runner_to_bearish_ob_hold48_gatenone,stage1_coarse,none,sweep_reclaim,overlap,36.0,1.0,proxy_bos,0.45,2.0,avg_minus_0.5ATR,equal,2.0,sweep_low-0.2ATR,partial_1.5R_runner_to_bearish_ob,48.0,0.0,0.0,,,,0,0.0,
1000.0,0.0,0.0,-0.0,,stage1_coarse_choch_ob_reclaim_white_floor_lb12_rw1_close_above_prev3bar_high_es0.45_me2_addavg_minus_0.5ATR_equal_cd2_stopsweep_low-0.2ATR_tppartial_1.5R_runner_to_bearish_ob_hold48_gatenone,stage1_coarse,none,choch_ob_reclaim,white_floor,12.0,1.0,close_above_prev3bar_high,0.45,2.0,avg_minus_0.5ATR,equal,2.0,sweep_low-0.2ATR,partial_1.5R_runner_to_bearish_ob,48.0,0.0,0.0,,,,0,0.0,
1000.0,0.0,0.0,-0.0,,stage1_coarse_choch_ob_reclaim_white_floor_lb12_rw1_proxy_bos_es0.45_me2_addavg_minus_0.5ATR_equal_cd2_stopsweep_low-0.2ATR_tppartial_1.5R_runner_to_bearish_ob_hold48_gatenone,stage1_coarse,none,choch_ob_reclaim,white_floor,12.0,1.0,proxy_bos,0.45,2.0,avg_minus_0.5ATR,equal,2.0,sweep_low-0.2ATR,partial_1.5R_runner_to_bearish_ob,48.0,0.0,0.0,,,,0,0.0,
1000.0,0.0,0.0,-0.0,,stage1_coarse_choch_ob_reclaim_white_floor_lb12_rw2_proxy_bos_es0.45_me2_addavg_minus_0.5ATR_equal_cd2_stopsweep_low-0.2ATR_tppartial_1.5R_runner_to_bearish_ob_hold48_gatenone,stage1_coarse,none,choch_ob_reclaim,white_floor,12.0,2.0,proxy_bos,0.45,2.0,avg_minus_0.5ATR,equal,2.0,sweep_low-0.2ATR,partial_1.5R_runner_to_bearish_ob,48.0,0.0,0.0,,,,0,0.0,
1000.0,0.0,0.0,-0.0,,stage1_coarse_choch_ob_reclaim_white_floor_lb12_rw3_proxy_bos_es0.45_me2_addavg_minus_0.5ATR_equal_cd2_stopsweep_low-0.2ATR_tppartial_1.5R_runner_to_bearish_ob_hold48_gatenone,stage1_coarse,none,choch_ob_reclaim,white_floor,12.0,3.0,proxy_bos,0.45,2.0,avg_minus_0.5ATR,equal,2.0,sweep_low-0.2ATR,partial_1.5R_runner_to_bearish_ob,48.0,0.0,0.0,,,,0,0.0,
1000.0,0.0,0.0,-0.0,,stage1_coarse_choch_ob_reclaim_white_floor_lb24_rw1_close_above_prev3bar_high_es0.45_me2_addavg_minus_0.5ATR_equal_cd2_stopsweep_low-0.2ATR_tppartial_1.5R_runner_to_bearish_ob_hold48_gatenone,stage1_coarse,none,choch_ob_reclaim,white_floor,24.0,1.0,close_above_prev3bar_high,0.45,2.0,avg_minus_0.5ATR,equal,2.0,sweep_low-0.2ATR,partial_1.5R_runner_to_bearish_ob,48.0,0.0,0.0,,,,0,0.0,
1000.0,0.0,0.0,-0.0,,stage1_coarse_choch_ob_reclaim_white_floor_lb24_rw1_proxy_bos_es0.45_me2_addavg_minus_0.5ATR_equal_cd2_stopsweep_low-0.2ATR_tppartial_1.5R_runner_to_bearish_ob_hold48_gatenone,stage1_coarse,none,choch_ob_reclaim,white_floor,24.0,1.0,proxy_bos,0.45,2.0,avg_minus_0.5ATR,equal,2.0,sweep_low-0.2ATR,partial_1.5R_runner_to_bearish_ob,48.0,0.0,0.0,,,,0,0.0,
1000.0,0.0,0.0,-0.0,,stage1_coarse_choch_ob_reclaim_white_floor_lb24_rw2_close_above_prev3bar_high_es0.45_me2_addavg_minus_0.5ATR_equal_cd2_stopsweep_low-0.2ATR_tppartial_1.5R_runner_to_bearish_ob_hold48_gatenone,stage1_coarse,none,choch_ob_reclaim,white_floor,24.0,2.0,close_above_prev3bar_high,0.45,2.0,avg_minus_0.5ATR,equal,2.0,sweep_low-0.2ATR,partial_1.5R_runner_to_bearish_ob,48.0,0.0,0.0,,,,0,0.0,
1000.0,0.0,0.0,-0.0,,stage1_coarse_choch_ob_reclaim_white_floor_lb24_rw2_proxy_bos_es0.45_me2_addavg_minus_0.5ATR_equal_cd2_stopsweep_low-0.2ATR_tppartial_1.5R_runner_to_bearish_ob_hold48_gatenone,stage1_coarse,none,choch_ob_reclaim,white_floor,24.0,2.0,proxy_bos,0.45,2.0,avg_minus_0.5ATR,equal,2.0,sweep_low-0.2ATR,partial_1.5R_runner_to_bearish_ob,48.0,0.0,0.0,,,,0,0.0,
1000.0,0.0,0.0,-0.0,,stage1_coarse_choch_ob_reclaim_white_floor_lb24_rw3_close_above_prev3bar_high_es0.45_me2_addavg_minus_0.5ATR_equal_cd2_stopsweep_low-0.2ATR_tppartial_1.5R_runner_to_bearish_ob_hold48_gatenone,stage1_coarse,none,choch_ob_reclaim,white_floor,24.0,3.0,close_above_prev3bar_high,0.45,2.0,avg_minus_0.5ATR,equal,2.0,sweep_low-0.2ATR,partial_1.5R_runner_to_bearish_ob,48.0,0.0,0.0,,,,0,0.0,
1000.0,0.0,0.0,-0.0,,stage1_coarse_choch_ob_reclaim_white_floor_lb24_rw3_proxy_bos_es0.45_me2_addavg_minus_0.5ATR_equal_cd2_stopsweep_low-0.2ATR_tppartial_1.5R_runner_to_bearish_ob_hold48_gatenone,stage1_coarse,none,choch_ob_reclaim,white_floor,24.0,3.0,proxy_bos,0.45,2.0,avg_minus_0.5ATR,equal,2.0,sweep_low-0.2ATR,partial_1.5R_runner_to_bearish_ob,48.0,0.0,0.0,,,,0,0.0,
1000.0,0.0,0.0,-0.0,,stage1_coarse_choch_ob_reclaim_white_floor_lb36_rw1_close_above_prev3bar_high_es0.45_me2_addavg_minus_0.5ATR_equal_cd2_stopsweep_low-0.2ATR_tppartial_1.5R_runner_to_bearish_ob_hold48_gatenone,stage1_coarse,none,choch_ob_reclaim,white_floor,36.0,1.0,close_above_prev3bar_high,0.45,2.0,avg_minus_0.5ATR,equal,2.0,sweep_low-0.2ATR,partial_1.5R_runner_to_bearish_ob,48.0,0.0,0.0,,,,0,0.0,
1000.0,0.0,0.0,-0.0,,stage1_coarse_choch_ob_reclaim_white_floor_lb36_rw1_proxy_bos_es0.45_me2_addavg_minus_0.5ATR_equal_cd2_stopsweep_low-0.2ATR_tppartial_1.5R_runner_to_bearish_ob_hold48_gatenone,stage1_coarse,none,choch_ob_reclaim,white_floor,36.0,1.0,proxy_bos,0.45,2.0,avg_minus_0.5ATR,equal,2.0,sweep_low-0.2ATR,partial_1.5R_runner_to_bearish_ob,48.0,0.0,0.0,,,,0,0.0,
1000.0,0.0,0.0,-0.0,,stage1_coarse_choch_ob_reclaim_white_floor_lb36_rw2_close_above_prev3bar_high_es0.45_me2_addavg_minus_0.5ATR_equal_cd2_stopsweep_low-0.2ATR_tppartial_1.5R_runner_to_bearish_ob_hold48_gatenone,stage1_coarse,none,choch_ob_reclaim,white_floor,36.0,2.0,close_above_prev3bar_high,0.45,2.0,avg_minus_0.5ATR,equal,2.0,sweep_low-0.2ATR,partial_1.5R_runner_to_bearish_ob,48.0,0.0,0.0,,,,0,0.0,
1000.0,0.0,0.0,-0.0,,stage1_coarse_choch_ob_reclaim_white_floor_lb36_rw2_proxy_bos_es0.45_me2_addavg_minus_0.5ATR_equal_cd2_stopsweep_low-0.2ATR_tppartial_1.5R_runner_to_bearish_ob_hold48_gatenone,stage1_coarse,none,choch_ob_reclaim,white_floor,36.0,2.0,proxy_bos,0.45,2.0,avg_minus_0.5ATR,equal,2.0,sweep_low-0.2ATR,partial_1.5R_runner_to_bearish_ob,48.0,0.0,0.0,,,,0,0.0,
1000.0,0.0,0.0,-0.0,,stage1_coarse_choch_ob_reclaim_white_floor_lb36_rw3_close_above_prev3bar_high_es0.45_me2_addavg_minus_0.5ATR_equal_cd2_stopsweep_low-0.2ATR_tppartial_1.5R_runner_to_bearish_ob_hold48_gatenone,stage1_coarse,none,choch_ob_reclaim,white_floor,36.0,3.0,close_above_prev3bar_high,0.45,2.0,avg_minus_0.5ATR,equal,2.0,sweep_low-0.2ATR,partial_1.5R_runner_to_bearish_ob,48.0,0.0,0.0,,,,0,0.0,
1000.0,0.0,0.0,-0.0,,stage1_coarse_choch_ob_reclaim_white_floor_lb36_rw3_proxy_bos_es0.45_me2_addavg_minus_0.5ATR_equal_cd2_stopsweep_low-0.2ATR_tppartial_1.5R_runner_to_bearish_ob_hold48_gatenone,stage1_coarse,none,choch_ob_reclaim,white_floor,36.0,3.0,proxy_bos,0.45,2.0,avg_minus_0.5ATR,equal,2.0,sweep_low-0.2ATR,partial_1.5R_runner_to_bearish_ob,48.0,0.0,0.0,,,,0,0.0,
1000.0,0.0,0.0,-0.0,,stage1_coarse_choch_ob_reclaim_red_floor_lb12_rw1_close_above_prev3bar_high_es0.45_me2_addavg_minus_0.5ATR_equal_cd2_stopsweep_low-0.2ATR_tppartial_1.5R_runner_to_bearish_ob_hold48_gatenone,stage1_coarse,none,choch_ob_reclaim,red_floor,12.0,1.0,close_above_prev3bar_high,0.45,2.0,avg_minus_0.5ATR,equal,2.0,sweep_low-0.2ATR,partial_1.5R_runner_to_bearish_ob,48.0,0.0,0.0,,,,0,0.0,
1000.0,0.0,0.0,-0.0,,stage1_coarse_choch_ob_reclaim_red_floor_lb12_rw1_proxy_bos_es0.45_me2_addavg_minus_0.5ATR_equal_cd2_stopsweep_low-0.2ATR_tppartial_1.5R_runner_to_bearish_ob_hold48_gatenone,stage1_coarse,none,choch_ob_reclaim,red_floor,12.0,1.0,proxy_bos,0.45,2.0,avg_minus_0.5ATR,equal,2.0,sweep_low-0.2ATR,partial_1.5R_runner_to_bearish_ob,48.0,0.0,0.0,,,,0,0.0,
1000.0,0.0,0.0,-0.0,,stage1_coarse_choch_ob_reclaim_red_floor_lb12_rw2_close_above_prev3bar_high_es0.45_me2_addavg_minus_0.5ATR_equal_cd2_stopsweep_low-0.2ATR_tppartial_1.5R_runner_to_bearish_ob_hold48_gatenone,stage1_coarse,none,choch_ob_reclaim,red_floor,12.0,2.0,close_above_prev3bar_high,0.45,2.0,avg_minus_0.5ATR,equal,2.0,sweep_low-0.2ATR,partial_1.5R_runner_to_bearish_ob,48.0,0.0,0.0,,,,0,0.0,
1000.0,0.0,0.0,-0.0,,stage1_coarse_choch_ob_reclaim_red_floor_lb12_rw2_proxy_bos_es0.45_me2_addavg_minus_0.5ATR_equal_cd2_stopsweep_low-0.2ATR_tppartial_1.5R_runner_to_bearish_ob_hold48_gatenone,stage1_coarse,none,choch_ob_reclaim,red_floor,12.0,2.0,proxy_bos,0.45,2.0,avg_minus_0.5ATR,equal,2.0,sweep_low-0.2ATR,partial_1.5R_runner_to_bearish_ob,48.0,0.0,0.0,,,,0,0.0,
1000.0,0.0,0.0,-0.0,,stage1_coarse_choch_ob_reclaim_red_floor_lb12_rw3_close_above_prev3bar_high_es0.45_me2_addavg_minus_0.5ATR_equal_cd2_stopsweep_low-0.2ATR_tppartial_1.5R_runner_to_bearish_ob_hold48_gatenone,stage1_coarse,none,choch_ob_reclaim,red_floor,12.0,3.0,close_above_prev3bar_high,0.45,2.0,avg_minus_0.5ATR,equal,2.0,sweep_low-0.2ATR,partial_1.5R_runner_to_bearish_ob,48.0,0.0,0.0,,,,0,0.0,
1000.0,0.0,0.0,-0.0,,stage1_coarse_choch_ob_reclaim_red_floor_lb12_rw3_proxy_bos_es0.45_me2_addavg_minus_0.5ATR_equal_cd2_stopsweep_low-0.2ATR_tppartial_1.5R_runner_to_bearish_ob_hold48_gatenone,stage1_coarse,none,choch_ob_reclaim,red_floor,12.0,3.0,proxy_bos,0.45,2.0,avg_minus_0.5ATR,equal,2.0,sweep_low-0.2ATR,partial_1.5R_runner_to_bearish_ob,48.0,0.0,0.0,,,,0,0.0,
1000.0,0.0,0.0,-0.0,,stage1_coarse_choch_ob_reclaim_red_floor_lb24_rw1_close_above_prev3bar_high_es0.45_me2_addavg_minus_0.5ATR_equal_cd2_stopsweep_low-0.2ATR_tppartial_1.5R_runner_to_bearish_ob_hold48_gatenone,stage1_coarse,none,choch_ob_reclaim,red_floor,24.0,1.0,close_above_prev3bar_high,0.45,2.0,avg_minus_0.5ATR,equal,2.0,sweep_low-0.2ATR,partial_1.5R_runner_to_bearish_ob,48.0,0.0,0.0,,,,0,0.0,
1000.0,0.0,0.0,-0.0,,stage1_coarse_choch_ob_reclaim_red_floor_lb24_rw1_proxy_bos_es0.45_me2_addavg_minus_0.5ATR_equal_cd2_stopsweep_low-0.2ATR_tppartial_1.5R_runner_to_bearish_ob_hold48_gatenone,stage1_coarse,none,choch_ob_reclaim,red_floor,24.0,1.0,proxy_bos,0.45,2.0,avg_minus_0.5ATR,equal,2.0,sweep_low-0.2ATR,partial_1.5R_runner_to_bearish_ob,48.0,0.0,0.0,,,,0,0.0,
1000.0,0.0,0.0,-0.0,,stage1_coarse_choch_ob_reclaim_red_floor_lb24_rw2_close_above_prev3bar_high_es0.45_me2_addavg_minus_0.5ATR_equal_cd2_stopsweep_low-0.2ATR_tppartial_1.5R_runner_to_bearish_ob_hold48_gatenone,stage1_coarse,none,choch_ob_reclaim,red_floor,24.0,2.0,close_above_prev3bar_high,0.45,2.0,avg_minus_0.5ATR,equal,2.0,sweep_low-0.2ATR,partial_1.5R_runner_to_bearish_ob,48.0,0.0,0.0,,,,0,0.0,
1000.0,0.0,0.0,-0.0,,stage1_coarse_choch_ob_reclaim_red_floor_lb24_rw2_proxy_bos_es0.45_me2_addavg_minus_0.5ATR_equal_cd2_stopsweep_low-0.2ATR_tppartial_1.5R_runner_to_bearish_ob_hold48_gatenone,stage1_coarse,none,choch_ob_reclaim,red_floor,24.0,2.0,proxy_bos,0.45,2.0,avg_minus_0.5ATR,equal,2.0,sweep_low-0.2ATR,partial_1.5R_runner_to_bearish_ob,48.0,0.0,0.0,,,,0,0.0,
1000.0,0.0,0.0,-0.0,,stage1_coarse_choch_ob_reclaim_red_floor_lb24_rw3_close_above_prev3bar_high_es0.45_me2_addavg_minus_0.5ATR_equal_cd2_stopsweep_low-0.2ATR_tppartial_1.5R_runner_to_bearish_ob_hold48_gatenone,stage1_coarse,none,choch_ob_reclaim,red_floor,24.0,3.0,close_above_prev3bar_high,0.45,2.0,avg_minus_0.5ATR,equal,2.0,sweep_low-0.2ATR,partial_1.5R_runner_to_bearish_ob,48.0,0.0,0.0,,,,0,0.0,
1000.0,0.0,0.0,-0.0,,stage1_coarse_choch_ob_reclaim_red_floor_lb24_rw3_proxy_bos_es0.45_me2_addavg_minus_0.5ATR_equal_cd2_stopsweep_low-0.2ATR_tppartial_1.5R_runner_to_bearish_ob_hold48_gatenone,stage1_coarse,none,choch_ob_reclaim,red_floor,24.0,3.0,proxy_bos,0.45,2.0,avg_minus_0.5ATR,equal,2.0,sweep_low-0.2ATR,partial_1.5R_runner_to_bearish_ob,48.0,0.0,0.0,,,,0,0.0,
1000.0,0.0,0.0,-0.0,,stage1_coarse_choch_ob_reclaim_red_floor_lb36_rw1_close_above_prev3bar_high_es0.45_me2_addavg_minus_0.5ATR_equal_cd2_stopsweep_low-0.2ATR_tppartial_1.5R_runner_to_bearish_ob_hold48_gatenone,stage1_coarse,none,choch_ob_reclaim,red_floor,36.0,1.0,close_above_prev3bar_high,0.45,2.0,avg_minus_0.5ATR,equal,2.0,sweep_low-0.2ATR,partial_1.5R_runner_to_bearish_ob,48.0,0.0,0.0,,,,0,0.0,
1000.0,0.0,0.0,-0.0,,stage1_coarse_choch_ob_reclaim_red_floor_lb36_rw1_proxy_bos_es0.45_me2_addavg_minus_0.5ATR_equal_cd2_stopsweep_low-0.2ATR_tppartial_1.5R_runner_to_bearish_ob_hold48_gatenone,stage1_coarse,none,choch_ob_reclaim,red_floor,36.0,1.0,proxy_bos,0.45,2.0,avg_minus_0.5ATR,equal,2.0,sweep_low-0.2ATR,partial_1.5R_runner_to_bearish_ob,48.0,0.0,0.0,,,,0,0.0,
1000.0,0.0,0.0,-0.0,,stage1_coarse_choch_ob_reclaim_red_floor_lb36_rw2_close_above_prev3bar_high_es0.45_me2_addavg_minus_0.5ATR_equal_cd2_stopsweep_low-0.2ATR_tppartial_1.5R_runner_to_bearish_ob_hold48_gatenone,stage1_coarse,none,choch_ob_reclaim,red_floor,36.0,2.0,close_above_prev3bar_high,0.45,2.0,avg_minus_0.5ATR,equal,2.0,sweep_low-0.2ATR,partial_1.5R_runner_to_bearish_ob,48.0,0.0,0.0,,,,0,0.0,
1000.0,0.0,0.0,-0.0,,stage1_coarse_choch_ob_reclaim_red_floor_lb36_rw2_proxy_bos_es0.45_me2_addavg_minus_0.5ATR_equal_cd2_stopsweep_low-0.2ATR_tppartial_1.5R_runner_to_bearish_ob_hold48_gatenone,stage1_coarse,none,choch_ob_reclaim,red_floor,36.0,2.0,proxy_bos,0.45,2.0,avg_minus_0.5ATR,equal,2.0,sweep_low-0.2ATR,partial_1.5R_runner_to_bearish_ob,48.0,0.0,0.0,,,,0,0.0,
1000.0,0.0,0.0,-0.0,,stage1_coarse_choch_ob_reclaim_red_floor_lb36_rw3_close_above_prev3bar_high_es0.45_me2_addavg_minus_0.5ATR_equal_cd2_stopsweep_low-0.2ATR_tppartial_1.5R_runner_to_bearish_ob_hold48_gatenone,stage1_coarse,none,choch_ob_reclaim,red_floor,36.0,3.0,close_above_prev3bar_high,0.45,2.0,avg_minus_0.5ATR,equal,2.0,sweep_low-0.2ATR,partial_1.5R_runner_to_bearish_ob,48.0,0.0,0.0,,,,0,0.0,
1000.0,0.0,0.0,-0.0,,stage1_coarse_choch_ob_reclaim_red_floor_lb36_rw3_proxy_bos_es0.45_me2_addavg_minus_0.5ATR_equal_cd2_stopsweep_low-0.2ATR_tppartial_1.5R_runner_to_bearish_ob_hold48_gatenone,stage1_coarse,none,choch_ob_reclaim,red_floor,36.0,3.0,proxy_bos,0.45,2.0,avg_minus_0.5ATR,equal,2.0,sweep_low-0.2ATR,partial_1.5R_runner_to_bearish_ob,48.0,0.0,0.0,,,,0,0.0,
1000.0,0.0,0.0,-0.0,,stage1_coarse_choch_ob_reclaim_overlap_lb12_rw1_close_above_prev3bar_high_es0.45_me2_addavg_minus_0.5ATR_equal_cd2_stopsweep_low-0.2ATR_tppartial_1.5R_runner_to_bearish_ob_hold48_gatenone,stage1_coarse,none,choch_ob_reclaim,overlap,12.0,1.0,close_above_prev3bar_high,0.45,2.0,avg_minus_0.5ATR,equal,2.0,sweep_low-0.2ATR,partial_1.5R_runner_to_bearish_ob,48.0,0.0,0.0,,,,0,0.0,
1000.0,0.0,0.0,-0.0,,stage1_coarse_choch_ob_reclaim_overlap_lb12_rw1_proxy_bos_es0.45_me2_addavg_minus_0.5ATR_equal_cd2_stopsweep_low-0.2ATR_tppartial_1.5R_runner_to_bearish_ob_hold48_gatenone,stage1_coarse,none,choch_ob_reclaim,overlap,12.0,1.0,proxy_bos,0.45,2.0,avg_minus_0.5ATR,equal,2.0,sweep_low-0.2ATR,partial_1.5R_runner_to_bearish_ob,48.0,0.0,0.0,,,,0,0.0,
1000.0,0.0,0.0,-0.0,,stage1_coarse_choch_ob_reclaim_overlap_lb12_rw2_close_above_prev3bar_high_es0.45_me2_addavg_minus_0.5ATR_equal_cd2_stopsweep_low-0.2ATR_tppartial_1.5R_runner_to_bearish_ob_hold48_gatenone,stage1_coarse,none,choch_ob_reclaim,overlap,12.0,2.0,close_above_prev3bar_high,0.45,2.0,avg_minus_0.5ATR,equal,2.0,sweep_low-0.2ATR,partial_1.5R_runner_to_bearish_ob,48.0,0.0,0.0,,,,0,0.0,
1000.0,0.0,0.0,-0.0,,stage1_coarse_choch_ob_reclaim_overlap_lb12_rw2_proxy_bos_es0.45_me2_addavg_minus_0.5ATR_equal_cd2_stopsweep_low-0.2ATR_tppartial_1.5R_runner_to_bearish_ob_hold48_gatenone,stage1_coarse,none,choch_ob_reclaim,overlap,12.0,2.0,proxy_bos,0.45,2.0,avg_minus_0.5ATR,equal,2.0,sweep_low-0.2ATR,partial_1.5R_runner_to_bearish_ob,48.0,0.0,0.0,,,,0,0.0,
1000.0,0.0,0.0,-0.0,,stage1_coarse_choch_ob_reclaim_overlap_lb12_rw3_close_above_prev3bar_high_es0.45_me2_addavg_minus_0.5ATR_equal_cd2_stopsweep_low-0.2ATR_tppartial_1.5R_runner_to_bearish_ob_hold48_gatenone,stage1_coarse,none,choch_ob_reclaim,overlap,12.0,3.0,close_above_prev3bar_high,0.45,2.0,avg_minus_0.5ATR,equal,2.0,sweep_low-0.2ATR,partial_1.5R_runner_to_bearish_ob,48.0,0.0,0.0,,,,0,0.0,
1000.0,0.0,0.0,-0.0,,stage1_coarse_choch_ob_reclaim_overlap_lb12_rw3_proxy_bos_es0.45_me2_addavg_minus_0.5ATR_equal_cd2_stopsweep_low-0.2ATR_tppartial_1.5R_runner_to_bearish_ob_hold48_gatenone,stage1_coarse,none,choch_ob_reclaim,overlap,12.0,3.0,proxy_bos,0.45,2.0,avg_minus_0.5ATR,equal,2.0,sweep_low-0.2ATR,partial_1.5R_runner_to_bearish_ob,48.0,0.0,0.0,,,,0,0.0,
1000.0,0.0,0.0,-0.0,,stage1_coarse_choch_ob_reclaim_overlap_lb24_rw1_close_above_prev3bar_high_es0.45_me2_addavg_minus_0.5ATR_equal_cd2_stopsweep_low-0.2ATR_tppartial_1.5R_runner_to_bearish_ob_hold48_gatenone,stage1_coarse,none,choch_ob_reclaim,overlap,24.0,1.0,close_above_prev3bar_high,0.45,2.0,avg_minus_0.5ATR,equal,2.0,sweep_low-0.2ATR,partial_1.5R_runner_to_bearish_ob,48.0,0.0,0.0,,,,0,0.0,
1000.0,0.0,0.0,-0.0,,stage1_coarse_choch_ob_reclaim_overlap_lb24_rw1_proxy_bos_es0.45_me2_addavg_minus_0.5ATR_equal_cd2_stopsweep_low-0.2ATR_tppartial_1.5R_runner_to_bearish_ob_hold48_gatenone,stage1_coarse,none,choch_ob_reclaim,overlap,24.0,1.0,proxy_bos,0.45,2.0,avg_minus_0.5ATR,equal,2.0,sweep_low-0.2ATR,partial_1.5R_runner_to_bearish_ob,48.0,0.0,0.0,,,,0,0.0,
1000.0,0.0,0.0,-0.0,,stage1_coarse_choch_ob_reclaim_overlap_lb24_rw2_close_above_prev3bar_high_es0.45_me2_addavg_minus_0.5ATR_equal_cd2_stopsweep_low-0.2ATR_tppartial_1.5R_runner_to_bearish_ob_hold48_gatenone,stage1_coarse,none,choch_ob_reclaim,overlap,24.0,2.0,close_above_prev3bar_high,0.45,2.0,avg_minus_0.5ATR,equal,2.0,sweep_low-0.2ATR,partial_1.5R_runner_to_bearish_ob,48.0,0.0,0.0,,,,0,0.0,
1000.0,0.0,0.0,-0.0,,stage1_coarse_choch_ob_reclaim_overlap_lb24_rw2_proxy_bos_es0.45_me2_addavg_minus_0.5ATR_equal_cd2_stopsweep_low-0.2ATR_tppartial_1.5R_runner_to_bearish_ob_hold48_gatenone,stage1_coarse,none,choch_ob_reclaim,overlap,24.0,2.0,proxy_bos,0.45,2.0,avg_minus_0.5ATR,equal,2.0,sweep_low-0.2ATR,partial_1.5R_runner_to_bearish_ob,48.0,0.0,0.0,,,,0,0.0,
1000.0,0.0,0.0,-0.0,,stage1_coarse_choch_ob_reclaim_overlap_lb24_rw3_close_above_prev3bar_high_es0.45_me2_addavg_minus_0.5ATR_equal_cd2_stopsweep_low-0.2ATR_tppartial_1.5R_runner_to_bearish_ob_hold48_gatenone,stage1_coarse,none,choch_ob_reclaim,overlap,24.0,3.0,close_above_prev3bar_high,0.45,2.0,avg_minus_0.5ATR,equal,2.0,sweep_low-0.2ATR,partial_1.5R_runner_to_bearish_ob,48.0,0.0,0.0,,,,0,0.0,
1000.0,0.0,0.0,-0.0,,stage1_coarse_choch_ob_reclaim_overlap_lb24_rw3_proxy_bos_es0.45_me2_addavg_minus_0.5ATR_equal_cd2_stopsweep_low-0.2ATR_tppartial_1.5R_runner_to_bearish_ob_hold48_gatenone,stage1_coarse,none,choch_ob_reclaim,overlap,24.0,3.0,proxy_bos,0.45,2.0,avg_minus_0.5ATR,equal,2.0,sweep_low-0.2ATR,partial_1.5R_runner_to_bearish_ob,48.0,0.0,0.0,,,,0,0.0,
1000.0,0.0,0.0,-0.0,,stage1_coarse_choch_ob_reclaim_overlap_lb36_rw1_close_above_prev3bar_high_es0.45_me2_addavg_minus_0.5ATR_equal_cd2_stopsweep_low-0.2ATR_tppartial_1.5R_runner_to_bearish_ob_hold48_gatenone,stage1_coarse,none,choch_ob_reclaim,overlap,36.0,1.0,close_above_prev3bar_high,0.45,2.0,avg_minus_0.5ATR,equal,2.0,sweep_low-0.2ATR,partial_1.5R_runner_to_bearish_ob,48.0,0.0,0.0,,,,0,0.0,
1000.0,0.0,0.0,-0.0,,stage1_coarse_choch_ob_reclaim_overlap_lb36_rw1_proxy_bos_es0.45_me2_addavg_minus_0.5ATR_equal_cd2_stopsweep_low-0.2ATR_tppartial_1.5R_runner_to_bearish_ob_hold48_gatenone,stage1_coarse,none,choch_ob_reclaim,overlap,36.0,1.0,proxy_bos,0.45,2.0,avg_minus_0.5ATR,equal,2.0,sweep_low-0.2ATR,partial_1.5R_runner_to_bearish_ob,48.0,0.0,0.0,,,,0,0.0,
1000.0,0.0,0.0,-0.0,,stage1_coarse_choch_ob_reclaim_overlap_lb36_rw2_close_above_prev3bar_high_es0.45_me2_addavg_minus_0.5ATR_equal_cd2_stopsweep_low-0.2ATR_tppartial_1.5R_runner_to_bearish_ob_hold48_gatenone,stage1_coarse,none,choch_ob_reclaim,overlap,36.0,2.0,close_above_prev3bar_high,0.45,2.0,avg_minus_0.5ATR,equal,2.0,sweep_low-0.2ATR,partial_1.5R_runner_to_bearish_ob,48.0,0.0,0.0,,,,0,0.0,
1000.0,0.0,0.0,-0.0,,stage1_coarse_choch_ob_reclaim_overlap_lb36_rw2_proxy_bos_es0.45_me2_addavg_minus_0.5ATR_equal_cd2_stopsweep_low-0.2ATR_tppartial_1.5R_runner_to_bearish_ob_hold48_gatenone,stage1_coarse,none,choch_ob_reclaim,overlap,36.0,2.0,proxy_bos,0.45,2.0,avg_minus_0.5ATR,equal,2.0,sweep_low-0.2ATR,partial_1.5R_runner_to_bearish_ob,48.0,0.0,0.0,,,,0,0.0,
1000.0,0.0,0.0,-0.0,,stage1_coarse_choch_ob_reclaim_overlap_lb36_rw3_close_above_prev3bar_high_es0.45_me2_addavg_minus_0.5ATR_equal_cd2_stopsweep_low-0.2ATR_tppartial_1.5R_runner_to_bearish_ob_hold48_gatenone,stage1_coarse,none,choch_ob_reclaim,overlap,36.0,3.0,close_above_prev3bar_high,0.45,2.0,avg_minus_0.5ATR,equal,2.0,sweep_low-0.2ATR,partial_1.5R_runner_to_bearish_ob,48.0,0.0,0.0,,,,0,0.0,
1000.0,0.0,0.0,-0.0,,stage1_coarse_choch_ob_reclaim_overlap_lb36_rw3_proxy_bos_es0.45_me2_addavg_minus_0.5ATR_equal_cd2_stopsweep_low-0.2ATR_tppartial_1.5R_runner_to_bearish_ob_hold48_gatenone,stage1_coarse,none,choch_ob_reclaim,overlap,36.0,3.0,proxy_bos,0.45,2.0,avg_minus_0.5ATR,equal,2.0,sweep_low-0.2ATR,partial_1.5R_runner_to_bearish_ob,48.0,0.0,0.0,,,,0,0.0,
999.8849832420393,-0.011501675796066202,-0.0027383873852704355,0.3519614755336131,-0.007780361135032556,stage1_coarse_choch_ob_reclaim_overlap_lb12_rw2_close_above_white_es0.45_me2_addavg_minus_0.5ATR_equal_cd2_stopsweep_low-0.2ATR_tppartial_1.5R_runner_to_bearish_ob_hold48_gatenone,stage1_coarse,none,choch_ob_reclaim,overlap,12.0,2.0,close_above_white,0.45,2.0,avg_minus_0.5ATR,equal,2.0,sweep_low-0.2ATR,partial_1.5R_runner_to_bearish_ob,48.0,3.0,3.0,33.33333333333333,2.0,159.33333333333334,3,0.02165010976786825,
999.8849832420393,-0.011501675796066202,-0.0027383873852704355,0.3519614755336131,-0.007780361135032556,stage1_coarse_choch_ob_reclaim_overlap_lb12_rw3_close_above_white_es0.45_me2_addavg_minus_0.5ATR_equal_cd2_stopsweep_low-0.2ATR_tppartial_1.5R_runner_to_bearish_ob_hold48_gatenone,stage1_coarse,none,choch_ob_reclaim,overlap,12.0,3.0,close_above_white,0.45,2.0,avg_minus_0.5ATR,equal,2.0,sweep_low-0.2ATR,partial_1.5R_runner_to_bearish_ob,48.0,3.0,3.0,33.33333333333333,2.0,159.33333333333334,3,0.02165010976786825,
999.7533684957929,-0.024663150420711766,-0.005872244018756412,0.0963418934990079,-0.06095213417013526,stage1_coarse_choch_ob_reclaim_white_floor_lb24_rw1_close_above_white_es0.45_me2_addavg_minus_0.5ATR_equal_cd2_stopsweep_low-0.2ATR_tppartial_1.5R_runner_to_bearish_ob_hold48_gatenone,stage1_coarse,none,choch_ob_reclaim,white_floor,24.0,1.0,close_above_white,0.45,2.0,avg_minus_0.5ATR,equal,2.0,sweep_low-0.2ATR,partial_1.5R_runner_to_bearish_ob,48.0,1.0,1.0,0.0,2.0,240.0,1,0.010870348000603304,
999.7533684957929,-0.024663150420711766,-0.005872244018756412,0.0963418934990079,-0.06095213417013526,stage1_coarse_choch_ob_reclaim_white_floor_lb24_rw2_close_above_white_es0.45_me2_addavg_minus_0.5ATR_equal_cd2_stopsweep_low-0.2ATR_tppartial_1.5R_runner_to_bearish_ob_hold48_gatenone,stage1_coarse,none,choch_ob_reclaim,white_floor,24.0,2.0,close_above_white,0.45,2.0,avg_minus_0.5ATR,equal,2.0,sweep_low-0.2ATR,partial_1.5R_runner_to_bearish_ob,48.0,1.0,1.0,0.0,2.0,240.0,1,0.010870348000603304,
999.7533684957929,-0.024663150420711766,-0.005872244018756412,0.0963418934990079,-0.06095213417013526,stage1_coarse_choch_ob_reclaim_white_floor_lb36_rw1_close_above_white_es0.45_me2_addavg_minus_0.5ATR_equal_cd2_stopsweep_low-0.2ATR_tppartial_1.5R_runner_to_bearish_ob_hold48_gatenone,stage1_coarse,none,choch_ob_reclaim,white_floor,36.0,1.0,close_above_white,0.45,2.0,avg_minus_0.5ATR,equal,2.0,sweep_low-0.2ATR,partial_1.5R_runner_to_bearish_ob,48.0,1.0,1.0,0.0,2.0,240.0,1,0.010870348000603304,
999.7533684957929,-0.024663150420711766,-0.005872244018756412,0.0963418934990079,-0.06095213417013526,stage1_coarse_choch_ob_reclaim_white_floor_lb36_rw2_close_above_white_es0.45_me2_addavg_minus_0.5ATR_equal_cd2_stopsweep_low-0.2ATR_tppartial_1.5R_runner_to_bearish_ob_hold48_gatenone,stage1_coarse,none,choch_ob_reclaim,white_floor,36.0,2.0,close_above_white,0.45,2.0,avg_minus_0.5ATR,equal,2.0,sweep_low-0.2ATR,partial_1.5R_runner_to_bearish_ob,48.0,1.0,1.0,0.0,2.0,240.0,1,0.010870348000603304,
999.7533684957929,-0.024663150420711766,-0.005872244018756412,0.0963418934990079,-0.06095213417013526,stage1_coarse_choch_ob_reclaim_overlap_lb24_rw1_close_above_white_es0.45_me2_addavg_minus_0.5ATR_equal_cd2_stopsweep_low-0.2ATR_tppartial_1.5R_runner_to_bearish_ob_hold48_gatenone,stage1_coarse,none,choch_ob_reclaim,overlap,24.0,1.0,close_above_white,0.45,2.0,avg_minus_0.5ATR,equal,2.0,sweep_low-0.2ATR,partial_1.5R_runner_to_bearish_ob,48.0,1.0,1.0,0.0,2.0,240.0,1,0.010870348000603304,
999.7533684957929,-0.024663150420711766,-0.005872244018756412,0.0963418934990079,-0.06095213417013526,stage1_coarse_choch_ob_reclaim_overlap_lb24_rw2_close_above_white_es0.45_me2_addavg_minus_0.5ATR_equal_cd2_stopsweep_low-0.2ATR_tppartial_1.5R_runner_to_bearish_ob_hold48_gatenone,stage1_coarse,none,choch_ob_reclaim,overlap,24.0,2.0,close_above_white,0.45,2.0,avg_minus_0.5ATR,equal,2.0,sweep_low-0.2ATR,partial_1.5R_runner_to_bearish_ob,48.0,1.0,1.0,0.0,2.0,240.0,1,0.010870348000603304,
999.7533684957929,-0.024663150420711766,-0.005872244018756412,0.0963418934990079,-0.06095213417013526,stage1_coarse_choch_ob_reclaim_overlap_lb24_rw3_close_above_white_es0.45_me2_addavg_minus_0.5ATR_equal_cd2_stopsweep_low-0.2ATR_tppartial_1.5R_runner_to_bearish_ob_hold48_gatenone,stage1_coarse,none,choch_ob_reclaim,overlap,24.0,3.0,close_above_white,0.45,2.0,avg_minus_0.5ATR,equal,2.0,sweep_low-0.2ATR,partial_1.5R_runner_to_bearish_ob,48.0,1.0,1.0,0.0,2.0,240.0,1,0.010870348000603304,
999.7533684957929,-0.024663150420711766,-0.005872244018756412,0.0963418934990079,-0.06095213417013526,stage1_coarse_choch_ob_reclaim_overlap_lb36_rw1_close_above_white_es0.45_me2_addavg_minus_0.5ATR_equal_cd2_stopsweep_low-0.2ATR_tppartial_1.5R_runner_to_bearish_ob_hold48_gatenone,stage1_coarse,none,choch_ob_reclaim,overlap,36.0,1.0,close_above_white,0.45,2.0,avg_minus_0.5ATR,equal,2.0,sweep_low-0.2ATR,partial_1.5R_runner_to_bearish_ob,48.0,1.0,1.0,0.0,2.0,240.0,1,0.010870348000603304,
999.7533684957929,-0.024663150420711766,-0.005872244018756412,0.0963418934990079,-0.06095213417013526,stage1_coarse_choch_ob_reclaim_overlap_lb36_rw2_close_above_white_es0.45_me2_addavg_minus_0.5ATR_equal_cd2_stopsweep_low-0.2ATR_tppartial_1.5R_runner_to_bearish_ob_hold48_gatenone,stage1_coarse,none,choch_ob_reclaim,overlap,36.0,2.0,close_above_white,0.45,2.0,avg_minus_0.5ATR,equal,2.0,sweep_low-0.2ATR,partial_1.5R_runner_to_bearish_ob,48.0,1.0,1.0,0.0,2.0,240.0,1,0.010870348000603304,
999.7533684957929,-0.024663150420711766,-0.005872244018756412,0.0963418934990079,-0.06095213417013526,stage1_coarse_choch_ob_reclaim_overlap_lb36_rw3_close_above_white_es0.45_me2_addavg_minus_0.5ATR_equal_cd2_stopsweep_low-0.2ATR_tppartial_1.5R_runner_to_bearish_ob_hold48_gatenone,stage1_coarse,none,choch_ob_reclaim,overlap,36.0,3.0,close_above_white,0.45,2.0,avg_minus_0.5ATR,equal,2.0,sweep_low-0.2ATR,partial_1.5R_runner_to_bearish_ob,48.0,1.0,1.0,0.0,2.0,240.0,1,0.010870348000603304,
999.2534128695302,-0.07465871304698224,-0.017779469238832224,0.13898295551150186,-0.12792553715236574,stage1_coarse_sweep_reclaim_red_floor_lb36_rw2_proxy_bos_es0.45_me2_addavg_minus_0.5ATR_equal_cd2_stopsweep_low-0.2ATR_tppartial_1.5R_runner_to_bearish_ob_hold48_gatenone,stage1_coarse,none,sweep_reclaim,red_floor,36.0,2.0,proxy_bos,0.45,2.0,avg_minus_0.5ATR,equal,2.0,sweep_low-0.2ATR,partial_1.5R_runner_to_bearish_ob,48.0,1.0,1.0,0.0,2.0,240.0,1,0.010870348000603304,
999.2534128695302,-0.07465871304698224,-0.017779469238832224,0.13898295551150186,-0.12792553715236574,stage1_coarse_sweep_reclaim_overlap_lb36_rw2_proxy_bos_es0.45_me2_addavg_minus_0.5ATR_equal_cd2_stopsweep_low-0.2ATR_tppartial_1.5R_runner_to_bearish_ob_hold48_gatenone,stage1_coarse,none,sweep_reclaim,overlap,36.0,2.0,proxy_bos,0.45,2.0,avg_minus_0.5ATR,equal,2.0,sweep_low-0.2ATR,partial_1.5R_runner_to_bearish_ob,48.0,1.0,1.0,0.0,2.0,240.0,1,0.010870348000603304,
999.2357078537347,-0.07642921462653884,-0.018201225094527373,0.11469336670667518,-0.15869466227350756,stage1_coarse_choch_ob_reclaim_white_floor_lb12_rw2_close_above_prev3bar_high_es0.45_me2_addavg_minus_0.5ATR_equal_cd2_stopsweep_low-0.2ATR_tppartial_1.5R_runner_to_bearish_ob_hold48_gatenone,stage1_coarse,none,choch_ob_reclaim,white_floor,12.0,2.0,close_above_prev3bar_high,0.45,2.0,avg_minus_0.5ATR,equal,2.0,sweep_low-0.2ATR,partial_1.5R_runner_to_bearish_ob,48.0,1.0,1.0,0.0,1.0,105.0,0,0.004755777250263946,
999.2357078537347,-0.07642921462653884,-0.018201225094527373,0.11469336670667518,-0.15869466227350756,stage1_coarse_choch_ob_reclaim_white_floor_lb12_rw3_close_above_prev3bar_high_es0.45_me2_addavg_minus_0.5ATR_equal_cd2_stopsweep_low-0.2ATR_tppartial_1.5R_runner_to_bearish_ob_hold48_gatenone,stage1_coarse,none,choch_ob_reclaim,white_floor,12.0,3.0,close_above_prev3bar_high,0.45,2.0,avg_minus_0.5ATR,equal,2.0,sweep_low-0.2ATR,partial_1.5R_runner_to_bearish_ob,48.0,1.0,1.0,0.0,1.0,105.0,0,0.004755777250263946,
998.5739694303522,-0.14260305696477404,-0.03396875572985181,0.6970711472222502,-0.04873068676736007,stage1_coarse_sweep_reclaim_overlap_lb24_rw2_proxy_bos_es0.45_me2_addavg_minus_0.5ATR_equal_cd2_stopsweep_low-0.2ATR_tppartial_1.5R_runner_to_bearish_ob_hold48_gatenone,stage1_coarse,none,sweep_reclaim,overlap,24.0,2.0,proxy_bos,0.45,2.0,avg_minus_0.5ATR,equal,2.0,sweep_low-0.2ATR,partial_1.5R_runner_to_bearish_ob,48.0,4.0,4.0,25.0,1.75,173.5,3,0.03143342296841122,
998.3139283303846,-0.168607166961543,-0.04016704766258705,0.3849242644189954,-0.10435052132453948,stage1_coarse_sweep_reclaim_red_floor_lb36_rw3_close_above_prev3bar_high_es0.45_me2_addavg_minus_0.5ATR_equal_cd2_stopsweep_low-0.2ATR_tppartial_1.5R_runner_to_bearish_ob_hold48_gatenone,stage1_coarse,none,sweep_reclaim,red_floor,36.0,3.0,close_above_prev3bar_high,0.45,2.0,avg_minus_0.5ATR,equal,2.0,sweep_low-0.2ATR,partial_1.5R_runner_to_bearish_ob,48.0,3.0,3.0,33.33333333333333,2.0,240.0,3,0.03261104400180991,
998.3139283303846,-0.168607166961543,-0.04016704766258705,0.3849242644189954,-0.10435052132453948,stage1_coarse_sweep_reclaim_overlap_lb36_rw3_close_above_prev3bar_high_es0.45_me2_addavg_minus_0.5ATR_equal_cd2_stopsweep_low-0.2ATR_tppartial_1.5R_runner_to_bearish_ob_hold48_gatenone,stage1_coarse,none,sweep_reclaim,overlap,36.0,3.0,close_above_prev3bar_high,0.45,2.0,avg_minus_0.5ATR,equal,2.0,sweep_low-0.2ATR,partial_1.5R_runner_to_bearish_ob,48.0,3.0,3.0,33.33333333333333,2.0,240.0,3,0.03261104400180991,
998.2555986030221,-0.1744401396977846,-0.041557553250226587,0.3519614755335909,-0.11807415339199635,stage1_coarse_choch_ob_reclaim_overlap_lb12_rw1_close_above_white_es0.45_me2_addavg_minus_0.5ATR_equal_cd2_stopsweep_low-0.2ATR_tppartial_1.5R_runner_to_bearish_ob_hold48_gatenone,stage1_coarse,none,choch_ob_reclaim,overlap,12.0,1.0,close_above_white,0.45,2.0,avg_minus_0.5ATR,equal,2.0,sweep_low-0.2ATR,partial_1.5R_runner_to_bearish_ob,48.0,2.0,2.0,0.0,2.0,168.0,2,0.015218487200844625,
998.0026620090166,-0.199733799098345,-0.047587952289906976,1.1847839112437586,-0.04016593392119096,stage1_coarse_sweep_reclaim_overlap_lb24_rw3_proxy_bos_es0.45_me2_addavg_minus_0.5ATR_equal_cd2_stopsweep_low-0.2ATR_tppartial_1.5R_runner_to_bearish_ob_hold48_gatenone,stage1_coarse,none,sweep_reclaim,overlap,24.0,3.0,proxy_bos,0.45,2.0,avg_minus_0.5ATR,equal,2.0,sweep_low-0.2ATR,partial_1.5R_runner_to_bearish_ob,48.0,6.0,6.0,33.33333333333333,1.8333333333333333,195.66666666666666,5,0.05317411896961783,
997.811249859395,-0.21887501406049337,-0.05215228766917157,0.27357406159264075,-0.19063315931913075,stage1_coarse_sweep_reclaim_red_floor_lb24_rw1_close_above_prev3bar_high_es0.45_me2_addavg_minus_0.5ATR_equal_cd2_stopsweep_low-0.2ATR_tppartial_1.5R_runner_to_bearish_ob_hold48_gatenone,stage1_coarse,none,sweep_reclaim,red_floor,24.0,1.0,close_above_prev3bar_high,0.45,2.0,avg_minus_0.5ATR,equal,2.0,sweep_low-0.2ATR,partial_1.5R_runner_to_bearish_ob,48.0,1.0,1.0,0.0,2.0,120.0,1,0.005435174000301652,
997.811249859395,-0.21887501406049337,-0.05215228766917157,0.27357406159264075,-0.19063315931913075,stage1_coarse_sweep_reclaim_red_floor_lb24_rw1_proxy_bos_es0.45_me2_addavg_minus_0.5ATR_equal_cd2_stopsweep_low-0.2ATR_tppartial_1.5R_runner_to_bearish_ob_hold48_gatenone,stage1_coarse,none,sweep_reclaim,red_floor,24.0,1.0,proxy_bos,0.45,2.0,avg_minus_0.5ATR,equal,2.0,sweep_low-0.2ATR,partial_1.5R_runner_to_bearish_ob,48.0,1.0,1.0,0.0,2.0,120.0,1,0.005435174000301652,
997.6215327096432,-0.2378467290356734,-0.05667686312120779,0.3849242644189954,-0.14724159623128938,stage1_coarse_sweep_reclaim_red_floor_lb36_rw2_close_above_prev3bar_high_es0.45_me2_addavg_minus_0.5ATR_equal_cd2_stopsweep_low-0.2ATR_tppartial_1.5R_runner_to_bearish_ob_hold48_gatenone,stage1_coarse,none,sweep_reclaim,red_floor,36.0,2.0,close_above_prev3bar_high,0.45,2.0,avg_minus_0.5ATR,equal,2.0,sweep_low-0.2ATR,partial_1.5R_runner_to_bearish_ob,48.0,2.0,2.0,0.0,2.0,240.0,2,0.021740696001206608,
997.6215327096432,-0.2378467290356734,-0.05667686312120779,0.3849242644189954,-0.14724159623128938,stage1_coarse_sweep_reclaim_overlap_lb36_rw2_close_above_prev3bar_high_es0.45_me2_addavg_minus_0.5ATR_equal_cd2_stopsweep_low-0.2ATR_tppartial_1.5R_runner_to_bearish_ob_hold48_gatenone,stage1_coarse,none,sweep_reclaim,overlap,36.0,2.0,close_above_prev3bar_high,0.45,2.0,avg_minus_0.5ATR,equal,2.0,sweep_low-0.2ATR,partial_1.5R_runner_to_bearish_ob,48.0,2.0,2.0,0.0,2.0,240.0,2,0.021740696001206608,
997.0005495085529,-0.299945049144712,-0.0714913143450957,0.351961475533602,-0.20312255549193017,stage1_coarse_choch_ob_reclaim_white_floor_lb12_rw1_close_above_white_es0.45_me2_addavg_minus_0.5ATR_equal_cd2_stopsweep_low-0.2ATR_tppartial_1.5R_runner_to_bearish_ob_hold48_gatenone,stage1_coarse,none,choch_ob_reclaim,white_floor,12.0,1.0,close_above_white,0.45,2.0,avg_minus_0.5ATR,equal,2.0,sweep_low-0.2ATR,partial_1.5R_runner_to_bearish_ob,48.0,3.0,3.0,0.0,2.0,123.66666666666667,3,0.016803746284265942,
996.7933507294179,-0.3206649270582118,-0.07643590474040174,0.8087195788618939,-0.09451472022968643,stage1_coarse_sweep_reclaim_red_floor_lb12_rw1_proxy_bos_es0.45_me2_addavg_minus_0.5ATR_equal_cd2_stopsweep_low-0.2ATR_tppartial_1.5R_runner_to_bearish_ob_hold48_gatenone,stage1_coarse,none,sweep_reclaim,red_floor,12.0,1.0,proxy_bos,0.45,2.0,avg_minus_0.5ATR,equal,2.0,sweep_low-0.2ATR,partial_1.5R_runner_to_bearish_ob,48.0,3.0,3.0,33.33333333333333,2.0,80.66666666666667,3,0.010960934233941665,
996.3883405143572,-0.3611659485642793,-0.08610332791582076,0.697071147222228,-0.12352157775993963,stage1_coarse_sweep_reclaim_red_floor_lb24_rw2_proxy_bos_es0.45_me2_addavg_minus_0.5ATR_equal_cd2_stopsweep_low-0.2ATR_tppartial_1.5R_runner_to_bearish_ob_hold48_gatenone,stage1_coarse,none,sweep_reclaim,red_floor,24.0,2.0,proxy_bos,0.45,2.0,avg_minus_0.5ATR,equal,2.0,sweep_low-0.2ATR,partial_1.5R_runner_to_bearish_ob,48.0,5.0,5.0,20.0,1.8,162.8,4,0.03686859696871287,
995.8882481665596,-0.4111751833440369,-0.09804445331975664,0.5397552611576262,-0.1816461281164325,stage1_coarse_sweep_reclaim_red_floor_lb36_rw3_proxy_bos_es0.45_me2_addavg_minus_0.5ATR_equal_cd2_stopsweep_low-0.2ATR_tppartial_1.5R_runner_to_bearish_ob_hold48_gatenone,stage1_coarse,none,sweep_reclaim,red_floor,36.0,3.0,proxy_bos,0.45,2.0,avg_minus_0.5ATR,equal,2.0,sweep_low-0.2ATR,partial_1.5R_runner_to_bearish_ob,48.0,2.0,2.0,0.0,2.0,240.0,2,0.021740696001206608,
995.8882481665596,-0.4111751833440369,-0.09804445331975664,0.5397552611576262,-0.1816461281164325,stage1_coarse_sweep_reclaim_overlap_lb36_rw3_proxy_bos_es0.45_me2_addavg_minus_0.5ATR_equal_cd2_stopsweep_low-0.2ATR_tppartial_1.5R_runner_to_bearish_ob_hold48_gatenone,stage1_coarse,none,sweep_reclaim,overlap,36.0,3.0,proxy_bos,0.45,2.0,avg_minus_0.5ATR,equal,2.0,sweep_low-0.2ATR,partial_1.5R_runner_to_bearish_ob,48.0,2.0,2.0,0.0,2.0,240.0,2,0.021740696001206608,
995.8182835422203,-0.41817164577796495,-0.09971542175329917,1.1847839112437586,-0.0841633827122283,stage1_coarse_sweep_reclaim_red_floor_lb24_rw3_proxy_bos_es0.45_me2_addavg_minus_0.5ATR_equal_cd2_stopsweep_low-0.2ATR_tppartial_1.5R_runner_to_bearish_ob_hold48_gatenone,stage1_coarse,none,sweep_reclaim,red_floor,24.0,3.0,proxy_bos,0.45,2.0,avg_minus_0.5ATR,equal,2.0,sweep_low-0.2ATR,partial_1.5R_runner_to_bearish_ob,48.0,7.0,7.0,28.57142857142857,1.8571428571428572,184.85714285714286,6,0.05860929296991948,
995.1829253052392,-0.4817074694760781,-0.11489380854011744,1.8202976220328737,-0.06311814460967445,stage1_coarse_sweep_reclaim_red_floor_lb12_rw2_proxy_bos_es0.45_me2_addavg_minus_0.5ATR_equal_cd2_stopsweep_low-0.2ATR_tppartial_1.5R_runner_to_bearish_ob_hold48_gatenone,stage1_coarse,none,sweep_reclaim,red_floor,12.0,2.0,proxy_bos,0.45,2.0,avg_minus_0.5ATR,equal,2.0,sweep_low-0.2ATR,partial_1.5R_runner_to_bearish_ob,48.0,10.0,10.0,40.0,1.7,142.4,7,0.06449739813691294,
993.7325227753882,-0.6267477224611739,-0.14957087665417035,1.2176482032460134,-0.12283587020901723,stage1_coarse_sweep_reclaim_overlap_lb24_rw2_close_above_prev3bar_high_es0.45_me2_addavg_minus_0.5ATR_equal_cd2_stopsweep_low-0.2ATR_tppartial_1.5R_runner_to_bearish_ob_hold48_gatenone,stage1_coarse,none,sweep_reclaim,overlap,24.0,2.0,close_above_prev3bar_high,0.45,2.0,avg_minus_0.5ATR,equal,2.0,sweep_low-0.2ATR,partial_1.5R_runner_to_bearish_ob,48.0,6.0,6.0,16.666666666666664,1.8333333333333333,165.16666666666666,5,0.04488547861915781,
993.7298396474526,-0.6270160352547349,-0.14963506216369993,1.5618943570201549,-0.09580357435260842,stage1_coarse_sweep_reclaim_overlap_lb24_rw3_close_above_prev3bar_high_es0.45_me2_addavg_minus_0.5ATR_equal_cd2_stopsweep_low-0.2ATR_tppartial_1.5R_runner_to_bearish_ob_hold48_gatenone,stage1_coarse,none,sweep_reclaim,overlap,24.0,3.0,close_above_prev3bar_high,0.45,2.0,avg_minus_0.5ATR,equal,2.0,sweep_low-0.2ATR,partial_1.5R_runner_to_bearish_ob,48.0,9.0,9.0,33.33333333333333,1.8888888888888888,185.44444444444446,8,0.07559421172086216,
993.7203060649543,-0.6279693935045683,-0.1498631246083182,0.9455426714276571,-0.15849430082519986,stage1_coarse_sweep_reclaim_white_floor_lb36_rw1_proxy_bos_es0.45_me2_addavg_minus_0.5ATR_equal_cd2_stopsweep_low-0.2ATR_tppartial_1.5R_runner_to_bearish_ob_hold48_gatenone,stage1_coarse,none,sweep_reclaim,white_floor,36.0,1.0,proxy_bos,0.45,2.0,avg_minus_0.5ATR,equal,2.0,sweep_low-0.2ATR,partial_1.5R_runner_to_bearish_ob,48.0,1.0,1.0,0.0,2.0,211.0,1,0.009556847617197071,
991.5574905764394,-0.8442509423560618,-0.2016451596894897,1.217648203246069,-0.16560214941551568,stage1_coarse_sweep_reclaim_red_floor_lb24_rw2_close_above_prev3bar_high_es0.45_me2_addavg_minus_0.5ATR_equal_cd2_stopsweep_low-0.2ATR_tppartial_1.5R_runner_to_bearish_ob_hold48_gatenone,stage1_coarse,none,sweep_reclaim,red_floor,24.0,2.0,close_above_prev3bar_high,0.45,2.0,avg_minus_0.5ATR,equal,2.0,sweep_low-0.2ATR,partial_1.5R_runner_to_bearish_ob,48.0,7.0,7.0,14.285714285714285,1.8571428571428572,158.71428571428572,6,0.050320652619459456,
991.3324087231405,-0.8667591276859565,-0.2070390021582158,0.9629466940677234,-0.21500567314233376,stage1_coarse_choch_ob_reclaim_red_floor_lb24_rw1_close_above_white_es0.45_me2_addavg_minus_0.5ATR_equal_cd2_stopsweep_low-0.2ATR_tppartial_1.5R_runner_to_bearish_ob_hold48_gatenone,stage1_coarse,none,choch_ob_reclaim,red_floor,24.0,1.0,close_above_white,0.45,2.0,avg_minus_0.5ATR,equal,2.0,sweep_low-0.2ATR,partial_1.5R_runner_to_bearish_ob,48.0,2.0,1.0,0.0,2.0,60.0,1,0.002717587000150826,
991.3324087231405,-0.8667591276859565,-0.2070390021582158,0.9629466940677234,-0.21500567314233376,stage1_coarse_choch_ob_reclaim_red_floor_lb24_rw2_close_above_white_es0.45_me2_addavg_minus_0.5ATR_equal_cd2_stopsweep_low-0.2ATR_tppartial_1.5R_runner_to_bearish_ob_hold48_gatenone,stage1_coarse,none,choch_ob_reclaim,red_floor,24.0,2.0,close_above_white,0.45,2.0,avg_minus_0.5ATR,equal,2.0,sweep_low-0.2ATR,partial_1.5R_runner_to_bearish_ob,48.0,2.0,1.0,0.0,2.0,60.0,1,0.002717587000150826,
991.3324087231405,-0.8667591276859565,-0.2070390021582158,0.9629466940677234,-0.21500567314233376,stage1_coarse_choch_ob_reclaim_red_floor_lb24_rw3_close_above_white_es0.45_me2_addavg_minus_0.5ATR_equal_cd2_stopsweep_low-0.2ATR_tppartial_1.5R_runner_to_bearish_ob_hold48_gatenone,stage1_coarse,none,choch_ob_reclaim,red_floor,24.0,3.0,close_above_white,0.45,2.0,avg_minus_0.5ATR,equal,2.0,sweep_low-0.2ATR,partial_1.5R_runner_to_bearish_ob,48.0,2.0,1.0,0.0,2.0,60.0,1,0.002717587000150826,
991.3324087231405,-0.8667591276859565,-0.2070390021582158,0.9629466940677234,-0.21500567314233376,stage1_coarse_choch_ob_reclaim_red_floor_lb36_rw1_close_above_white_es0.45_me2_addavg_minus_0.5ATR_equal_cd2_stopsweep_low-0.2ATR_tppartial_1.5R_runner_to_bearish_ob_hold48_gatenone,stage1_coarse,none,choch_ob_reclaim,red_floor,36.0,1.0,close_above_white,0.45,2.0,avg_minus_0.5ATR,equal,2.0,sweep_low-0.2ATR,partial_1.5R_runner_to_bearish_ob,48.0,2.0,1.0,0.0,2.0,60.0,1,0.002717587000150826,
991.3324087231405,-0.8667591276859565,-0.2070390021582158,0.9629466940677234,-0.21500567314233376,stage1_coarse_choch_ob_reclaim_red_floor_lb36_rw2_close_above_white_es0.45_me2_addavg_minus_0.5ATR_equal_cd2_stopsweep_low-0.2ATR_tppartial_1.5R_runner_to_bearish_ob_hold48_gatenone,stage1_coarse,none,choch_ob_reclaim,red_floor,36.0,2.0,close_above_white,0.45,2.0,avg_minus_0.5ATR,equal,2.0,sweep_low-0.2ATR,partial_1.5R_runner_to_bearish_ob,48.0,2.0,1.0,0.0,2.0,60.0,1,0.002717587000150826,
991.3324087231405,-0.8667591276859565,-0.2070390021582158,0.9629466940677234,-0.21500567314233376,stage1_coarse_choch_ob_reclaim_red_floor_lb36_rw3_close_above_white_es0.45_me2_addavg_minus_0.5ATR_equal_cd2_stopsweep_low-0.2ATR_tppartial_1.5R_runner_to_bearish_ob_hold48_gatenone,stage1_coarse,none,choch_ob_reclaim,red_floor,36.0,3.0,close_above_white,0.45,2.0,avg_minus_0.5ATR,equal,2.0,sweep_low-0.2ATR,partial_1.5R_runner_to_bearish_ob,48.0,2.0,1.0,0.0,2.0,60.0,1,0.002717587000150826,
990.7752277817983,-0.9224772218201727,-0.2203952541081744,1.3535081993465758,-0.16283259622259633,stage1_coarse_sweep_reclaim_white_floor_lb12_rw1_proxy_bos_es0.45_me2_addavg_minus_0.5ATR_equal_cd2_stopsweep_low-0.2ATR_tppartial_1.5R_runner_to_bearish_ob_hold48_gatenone,stage1_coarse,none,sweep_reclaim,white_floor,12.0,1.0,proxy_bos,0.45,2.0,avg_minus_0.5ATR,equal,2.0,sweep_low-0.2ATR,partial_1.5R_runner_to_bearish_ob,48.0,4.0,4.0,25.0,1.75,85.25,3,0.015444952784190528,
990.6230074322941,-0.9376992567705855,-0.22404514186334934,2.2984480803548424,-0.09747670342362508,stage1_coarse_sweep_reclaim_red_floor_lb12_rw3_proxy_bos_es0.45_me2_addavg_minus_0.5ATR_equal_cd2_stopsweep_low-0.2ATR_tppartial_1.5R_runner_to_bearish_ob_hold48_gatenone,stage1_coarse,none,sweep_reclaim,red_floor,12.0,3.0,proxy_bos,0.45,2.0,avg_minus_0.5ATR,equal,2.0,sweep_low-0.2ATR,partial_1.5R_runner_to_bearish_ob,48.0,13.0,13.0,38.46153846153847,1.7692307692307692,150.15384615384616,10,0.08841216373824021,
990.2785009861344,-0.9721499013865542,-0.23230717845824644,1.2886232467489656,-0.18027548319055103,stage1_coarse_sweep_reclaim_white_floor_lb24_rw1_proxy_bos_es0.45_me2_addavg_minus_0.5ATR_equal_cd2_stopsweep_low-0.2ATR_tppartial_1.5R_runner_to_bearish_ob_hold48_gatenone,stage1_coarse,none,sweep_reclaim,white_floor,24.0,1.0,proxy_bos,0.45,2.0,avg_minus_0.5ATR,equal,2.0,sweep_low-0.2ATR,partial_1.5R_runner_to_bearish_ob,48.0,2.0,2.0,0.0,1.5,108.5,1,0.009828606317212154,
989.93369699293,-1.006630300707001,-0.24057854400160172,2.2316010424137556,-0.10780535562995881,stage1_coarse_sweep_reclaim_overlap_lb12_rw3_close_above_prev3bar_high_es0.45_me2_addavg_minus_0.5ATR_equal_cd2_stopsweep_low-0.2ATR_tppartial_1.5R_runner_to_bearish_ob_hold48_gatenone,stage1_coarse,none,sweep_reclaim,overlap,12.0,3.0,close_above_prev3bar_high,0.45,2.0,avg_minus_0.5ATR,equal,2.0,sweep_low-0.2ATR,partial_1.5R_runner_to_bearish_ob,48.0,17.0,17.0,35.294117647058826,1.9411764705882353,162.7058823529412,16,0.12528076070695307,
989.847254601832,-1.0152745398168017,-0.2426525201942198,1.1113180038173964,-0.21834661128561242,stage1_coarse_choch_ob_reclaim_red_floor_lb12_rw1_close_above_white_es0.45_me2_addavg_minus_0.5ATR_equal_cd2_stopsweep_low-0.2ATR_tppartial_1.5R_runner_to_bearish_ob_hold48_gatenone,stage1_coarse,none,choch_ob_reclaim,red_floor,12.0,1.0,close_above_white,0.45,2.0,avg_minus_0.5ATR,equal,2.0,sweep_low-0.2ATR,partial_1.5R_runner_to_bearish_ob,48.0,3.0,2.0,0.0,2.0,78.0,2,0.007065726200392147,
989.847254601832,-1.0152745398168017,-0.2426525201942198,1.1113180038173964,-0.21834661128561242,stage1_coarse_choch_ob_reclaim_red_floor_lb12_rw2_close_above_white_es0.45_me2_addavg_minus_0.5ATR_equal_cd2_stopsweep_low-0.2ATR_tppartial_1.5R_runner_to_bearish_ob_hold48_gatenone,stage1_coarse,none,choch_ob_reclaim,red_floor,12.0,2.0,close_above_white,0.45,2.0,avg_minus_0.5ATR,equal,2.0,sweep_low-0.2ATR,partial_1.5R_runner_to_bearish_ob,48.0,3.0,2.0,0.0,2.0,78.0,2,0.007065726200392147,
989.847254601832,-1.0152745398168017,-0.2426525201942198,1.1113180038173964,-0.21834661128561242,stage1_coarse_choch_ob_reclaim_red_floor_lb12_rw3_close_above_white_es0.45_me2_addavg_minus_0.5ATR_equal_cd2_stopsweep_low-0.2ATR_tppartial_1.5R_runner_to_bearish_ob_hold48_gatenone,stage1_coarse,none,choch_ob_reclaim,red_floor,12.0,3.0,close_above_white,0.45,2.0,avg_minus_0.5ATR,equal,2.0,sweep_low-0.2ATR,partial_1.5R_runner_to_bearish_ob,48.0,3.0,2.0,0.0,2.0,78.0,2,0.007065726200392147,
989.6577172963677,-1.0342282703632355,-0.24720049267921151,1.3505032255850424,-0.1830432449149638,stage1_coarse_sweep_reclaim_white_floor_lb36_rw1_close_above_prev3bar_high_es0.45_me2_addavg_minus_0.5ATR_equal_cd2_stopsweep_low-0.2ATR_tppartial_1.5R_runner_to_bearish_ob_hold48_gatenone,stage1_coarse,none,sweep_reclaim,white_floor,36.0,1.0,close_above_prev3bar_high,0.45,2.0,avg_minus_0.5ATR,equal,2.0,sweep_low-0.2ATR,partial_1.5R_runner_to_bearish_ob,48.0,2.0,2.0,0.0,2.0,136.5,2,0.01236502085068626,
989.5555243013837,-1.0444475698616285,-0.2496529023667371,1.4749479225109607,-0.16926218109567312,stage1_coarse_sweep_reclaim_overlap_lb12_rw1_close_above_prev3bar_high_es0.45_me2_addavg_minus_0.5ATR_equal_cd2_stopsweep_low-0.2ATR_tppartial_1.5R_runner_to_bearish_ob_hold48_gatenone,stage1_coarse,none,sweep_reclaim,overlap,12.0,1.0,close_above_prev3bar_high,0.45,2.0,avg_minus_0.5ATR,equal,2.0,sweep_low-0.2ATR,partial_1.5R_runner_to_bearish_ob,48.0,5.0,5.0,20.0,2.0,107.6,5,0.024367696768019073,
987.1953840287343,-1.2804615971265698,-0.306344902190947,1.5959496395295703,-0.19195148430952164,stage1_coarse_sweep_reclaim_white_floor_lb24_rw1_close_above_prev3bar_high_es0.45_me2_addavg_minus_0.5ATR_equal_cd2_stopsweep_low-0.2ATR_tppartial_1.5R_runner_to_bearish_ob_hold48_gatenone,stage1_coarse,none,sweep_reclaim,white_floor,24.0,1.0,close_above_prev3bar_high,0.45,2.0,avg_minus_0.5ATR,equal,2.0,sweep_low-0.2ATR,partial_1.5R_runner_to_bearish_ob,48.0,4.0,4.0,25.0,1.75,129.75,3,0.023507127551304647,
986.1832087777085,-1.3816791222291513,-0.3306896094041667,2.074672599588212,-0.15939363611868354,stage1_coarse_sweep_reclaim_overlap_lb12_rw2_close_above_prev3bar_high_es0.45_me2_addavg_minus_0.5ATR_equal_cd2_stopsweep_low-0.2ATR_tppartial_1.5R_runner_to_bearish_ob_hold48_gatenone,stage1_coarse,none,sweep_reclaim,overlap,12.0,2.0,close_above_prev3bar_high,0.45,2.0,avg_minus_0.5ATR,equal,2.0,sweep_low-0.2ATR,partial_1.5R_runner_to_bearish_ob,48.0,12.0,12.0,25.0,1.9166666666666667,147.41666666666666,11,0.08012352338778019,
985.4850267185728,-1.4514973281427146,-0.3474932905923489,2.164481613713043,-0.160543424527522,stage1_coarse_sweep_reclaim_red_floor_lb24_rw3_close_above_prev3bar_high_es0.45_me2_addavg_minus_0.5ATR_equal_cd2_stopsweep_low-0.2ATR_tppartial_1.5R_runner_to_bearish_ob_hold48_gatenone,stage1_coarse,none,sweep_reclaim,red_floor,24.0,3.0,close_above_prev3bar_high,0.45,2.0,avg_minus_0.5ATR,equal,2.0,sweep_low-0.2ATR,partial_1.5R_runner_to_bearish_ob,48.0,11.0,11.0,27.27272727272727,1.9090909090909092,170.9090909090909,10,0.08515105933805922,
979.2520260218074,-2.0747973978192613,-0.4979110725063074,5.012741911612684,-0.09932908601434877,stage1_coarse_sweep_reclaim_red_floor_lb24_rw1_close_above_white_es0.45_me2_addavg_minus_0.5ATR_equal_cd2_stopsweep_low-0.2ATR_tppartial_1.5R_runner_to_bearish_ob_hold48_gatenone,stage1_coarse,none,sweep_reclaim,red_floor,24.0,1.0,close_above_white,0.45,2.0,avg_minus_0.5ATR,equal,2.0,sweep_low-0.2ATR,partial_1.5R_runner_to_bearish_ob,48.0,32.0,32.0,50.0,1.8125,116.25,26,0.1684903940093512,
979.0219909464658,-2.0978009053534197,-0.5034763315461821,4.782508276427544,-0.10527453429150586,stage1_coarse_sweep_reclaim_red_floor_lb36_rw1_close_above_white_es0.45_me2_addavg_minus_0.5ATR_equal_cd2_stopsweep_low-0.2ATR_tppartial_1.5R_runner_to_bearish_ob_hold48_gatenone,stage1_coarse,none,sweep_reclaim,red_floor,36.0,1.0,close_above_white,0.45,2.0,avg_minus_0.5ATR,equal,2.0,sweep_low-0.2ATR,partial_1.5R_runner_to_bearish_ob,48.0,21.0,21.0,47.61904761904761,1.8571428571428572,139.33333333333334,18,0.13252765937402194,
978.8824395481748,-2.1117560451825224,-0.5068529965023272,2.286914796361983,-0.22163177977099427,stage1_coarse_sweep_reclaim_white_floor_lb36_rw2_proxy_bos_es0.45_me2_addavg_minus_0.5ATR_equal_cd2_stopsweep_low-0.2ATR_tppartial_1.5R_runner_to_bearish_ob_hold48_gatenone,stage1_coarse,none,sweep_reclaim,white_floor,36.0,2.0,proxy_bos,0.45,2.0,avg_minus_0.5ATR,equal,2.0,sweep_low-0.2ATR,partial_1.5R_runner_to_bearish_ob,48.0,5.0,5.0,20.0,1.8,218.4,4,0.04946008340274504,
977.2981795481683,-2.270182045183178,-0.5452123927575658,2.445057312879917,-0.2229855267136401,stage1_coarse_sweep_reclaim_white_floor_lb36_rw3_proxy_bos_es0.45_me2_addavg_minus_0.5ATR_equal_cd2_stopsweep_low-0.2ATR_tppartial_1.5R_runner_to_bearish_ob_hold48_gatenone,stage1_coarse,none,sweep_reclaim,white_floor,36.0,3.0,proxy_bos,0.45,2.0,avg_minus_0.5ATR,equal,2.0,sweep_low-0.2ATR,partial_1.5R_runner_to_bearish_ob,48.0,7.0,7.0,28.57142857142857,1.7142857142857142,224.57142857142858,5,0.07120077940395164,
977.210244009738,-2.2789755990262006,-0.547342947279017,4.958714736086655,-0.11038000296644852,stage1_coarse_sweep_reclaim_red_floor_lb36_rw2_close_above_white_es0.45_me2_addavg_minus_0.5ATR_equal_cd2_stopsweep_low-0.2ATR_tppartial_1.5R_runner_to_bearish_ob_hold48_gatenone,stage1_coarse,none,sweep_reclaim,red_floor,36.0,2.0,close_above_white,0.45,2.0,avg_minus_0.5ATR,equal,2.0,sweep_low-0.2ATR,partial_1.5R_runner_to_bearish_ob,48.0,28.0,28.0,39.285714285714285,1.8571428571428572,137.53571428571428,24,0.17442379229301386,
977.0176849342947,-2.298231506570525,-0.552008893290723,2.805489102477998,-0.19676030564622451,stage1_coarse_sweep_reclaim_white_floor_lb24_rw3_proxy_bos_es0.45_me2_addavg_minus_0.5ATR_equal_cd2_stopsweep_low-0.2ATR_tppartial_1.5R_runner_to_bearish_ob_hold48_gatenone,stage1_coarse,none,sweep_reclaim,white_floor,24.0,3.0,proxy_bos,0.45,2.0,avg_minus_0.5ATR,equal,2.0,sweep_low-0.2ATR,partial_1.5R_runner_to_bearish_ob,48.0,13.0,13.0,38.46153846153847,1.6923076923076923,193.23076923076923,9,0.11377630907298125,
976.7226875470226,-2.3277312452977372,-0.5591584061882648,5.0061333884587995,-0.1116946678802757,stage1_coarse_sweep_reclaim_red_floor_lb36_rw3_close_above_white_es0.45_me2_addavg_minus_0.5ATR_equal_cd2_stopsweep_low-0.2ATR_tppartial_1.5R_runner_to_bearish_ob_hold48_gatenone,stage1_coarse,none,sweep_reclaim,red_floor,36.0,3.0,close_above_white,0.45,2.0,avg_minus_0.5ATR,equal,2.0,sweep_low-0.2ATR,partial_1.5R_runner_to_bearish_ob,48.0,31.0,30.0,40.0,1.8333333333333333,139.8,25,0.18995933131054274,
975.8641892051945,-2.4135810794805534,-0.5799742098894445,2.5881997525674327,-0.224084021843416,stage1_coarse_sweep_reclaim_white_floor_lb24_rw2_proxy_bos_es0.45_me2_addavg_minus_0.5ATR_equal_cd2_stopsweep_low-0.2ATR_tppartial_1.5R_runner_to_bearish_ob_hold48_gatenone,stage1_coarse,none,sweep_reclaim,white_floor,24.0,2.0,proxy_bos,0.45,2.0,avg_minus_0.5ATR,equal,2.0,sweep_low-0.2ATR,partial_1.5R_runner_to_bearish_ob,48.0,10.0,10.0,30.0,1.7,179.2,7,0.08116526507117135,
975.7159712522431,-2.4284028747756925,-0.5835694273576664,2.591984088651489,-0.2251439080636006,stage1_coarse_sweep_reclaim_red_floor_lb12_rw1_close_above_prev3bar_high_es0.45_me2_addavg_minus_0.5ATR_equal_cd2_stopsweep_low-0.2ATR_tppartial_1.5R_runner_to_bearish_ob_hold48_gatenone,stage1_coarse,none,sweep_reclaim,red_floor,12.0,1.0,close_above_prev3bar_high,0.45,2.0,avg_minus_0.5ATR,equal,2.0,sweep_low-0.2ATR,partial_1.5R_runner_to_bearish_ob,48.0,8.0,8.0,12.5,2.0,106.5,8,0.03858973540214173,
973.2884350728726,-2.671156492712734,-0.6425117486489551,2.845314266861265,-0.22581398340849193,stage1_coarse_sweep_reclaim_white_floor_lb36_rw2_close_above_prev3bar_high_es0.45_me2_addavg_minus_0.5ATR_equal_cd2_stopsweep_low-0.2ATR_tppartial_1.5R_runner_to_bearish_ob_hold48_gatenone,stage1_coarse,none,sweep_reclaim,white_floor,36.0,2.0,close_above_prev3bar_high,0.45,2.0,avg_minus_0.5ATR,equal,2.0,sweep_low-0.2ATR,partial_1.5R_runner_to_bearish_ob,48.0,7.0,7.0,14.285714285714285,1.8571428571428572,199.14285714285714,6,0.06313860463683753,
973.2067952939203,-2.679320470607971,-0.6444959670510397,6.367153769150258,-0.10122198872810516,stage1_coarse_sweep_reclaim_red_floor_lb24_rw2_close_above_white_es0.45_me2_addavg_minus_0.5ATR_equal_cd2_stopsweep_low-0.2ATR_tppartial_1.5R_runner_to_bearish_ob_hold48_gatenone,stage1_coarse,none,sweep_reclaim,red_floor,24.0,2.0,close_above_white,0.45,2.0,avg_minus_0.5ATR,equal,2.0,sweep_low-0.2ATR,partial_1.5R_runner_to_bearish_ob,48.0,45.0,45.0,40.0,1.8444444444444446,120.4,38,0.2453981061136196,
973.1226428639594,-2.687735713604056,-0.6465413870572312,3.111087037138671,-0.20781848252367385,stage1_coarse_sweep_reclaim_white_floor_lb12_rw1_close_above_prev3bar_high_es0.45_me2_addavg_minus_0.5ATR_equal_cd2_stopsweep_low-0.2ATR_tppartial_1.5R_runner_to_bearish_ob_hold48_gatenone,stage1_coarse,none,sweep_reclaim,white_floor,12.0,1.0,close_above_prev3bar_high,0.45,2.0,avg_minus_0.5ATR,equal,2.0,sweep_low-0.2ATR,partial_1.5R_runner_to_bearish_ob,48.0,10.0,10.0,20.0,1.9,107.5,9,0.04869010041936897,
972.7212362594003,-2.7278763740599787,-0.6562998837094769,6.413869713423437,-0.10232510372574646,stage1_coarse_sweep_reclaim_red_floor_lb24_rw3_close_above_white_es0.45_me2_addavg_minus_0.5ATR_equal_cd2_stopsweep_low-0.2ATR_tppartial_1.5R_runner_to_bearish_ob_hold48_gatenone,stage1_coarse,none,sweep_reclaim,red_floor,24.0,3.0,close_above_white,0.45,2.0,avg_minus_0.5ATR,equal,2.0,sweep_low-0.2ATR,partial_1.5R_runner_to_bearish_ob,48.0,48.0,47.0,40.42553191489361,1.8297872340425532,122.57446808510639,39,0.2609336451311485,
967.4024541155601,-3.259754588443986,-0.7858940668305503,4.4085473410457325,-0.17826599240831376,stage1_coarse_sweep_reclaim_overlap_lb24_rw1_close_above_white_es0.45_me2_addavg_minus_0.5ATR_equal_cd2_stopsweep_low-0.2ATR_tppartial_1.5R_runner_to_bearish_ob_hold48_gatenone,stage1_coarse,none,sweep_reclaim,overlap,24.0,1.0,close_above_white,0.45,2.0,avg_minus_0.5ATR,equal,2.0,sweep_low-0.2ATR,partial_1.5R_runner_to_bearish_ob,48.0,24.0,24.0,50.0,1.9166666666666667,128.70833333333334,22,0.13991043739109835,
967.0821170919492,-3.2917882908050866,-0.7937165187154815,3.4648355220906035,-0.22907769031315256,stage1_coarse_sweep_reclaim_white_floor_lb24_rw2_close_above_prev3bar_high_es0.45_me2_addavg_minus_0.5ATR_equal_cd2_stopsweep_low-0.2ATR_tppartial_1.5R_runner_to_bearish_ob_hold48_gatenone,stage1_coarse,none,sweep_reclaim,white_floor,24.0,2.0,close_above_prev3bar_high,0.45,2.0,avg_minus_0.5ATR,equal,2.0,sweep_low-0.2ATR,partial_1.5R_runner_to_bearish_ob,48.0,13.0,13.0,23.076923076923077,1.7692307692307692,165.46153846153845,10,0.09742549395540712,
965.4260223403636,-3.4573977659636435,-0.834188946947878,3.7170048930623145,-0.22442503331240385,stage1_coarse_sweep_reclaim_red_floor_lb12_rw2_close_above_prev3bar_high_es0.45_me2_addavg_minus_0.5ATR_equal_cd2_stopsweep_low-0.2ATR_tppartial_1.5R_runner_to_bearish_ob_hold48_gatenone,stage1_coarse,none,sweep_reclaim,red_floor,12.0,2.0,close_above_prev3bar_high,0.45,2.0,avg_minus_0.5ATR,equal,2.0,sweep_low-0.2ATR,partial_1.5R_runner_to_bearish_ob,48.0,18.0,18.0,22.22222222222222,1.8333333333333333,138.66666666666666,15,0.11305161920627435,
964.5160798399484,-3.548392016005164,-0.8564490746017062,4.428757104655623,-0.1933836185555051,stage1_coarse_sweep_reclaim_red_floor_lb12_rw3_close_above_prev3bar_high_es0.45_me2_addavg_minus_0.5ATR_equal_cd2_stopsweep_low-0.2ATR_tppartial_1.5R_runner_to_bearish_ob_hold48_gatenone,stage1_coarse,none,sweep_reclaim,red_floor,12.0,3.0,close_above_prev3bar_high,0.45,2.0,avg_minus_0.5ATR,equal,2.0,sweep_low-0.2ATR,partial_1.5R_runner_to_bearish_ob,48.0,26.0,26.0,30.76923076923077,1.8846153846153846,146.76923076923077,23,0.17283853320959255,
962.9078527309825,-3.709214726901744,-0.8958306569071706,4.128122165635062,-0.21700681834578356,stage1_coarse_sweep_reclaim_white_floor_lb12_rw2_proxy_bos_es0.45_me2_addavg_minus_0.5ATR_equal_cd2_stopsweep_low-0.2ATR_tppartial_1.5R_runner_to_bearish_ob_hold48_gatenone,stage1_coarse,none,sweep_reclaim,white_floor,12.0,2.0,proxy_bos,0.45,2.0,avg_minus_0.5ATR,equal,2.0,sweep_low-0.2ATR,partial_1.5R_runner_to_bearish_ob,48.0,19.0,19.0,31.57894736842105,1.7894736842105263,132.89473684210526,15,0.1143651195896806,
962.7367826358744,-3.7263217364125634,-0.9000226969591463,4.624338296528485,-0.19462734757852773,stage1_coarse_sweep_reclaim_overlap_lb36_rw1_close_above_white_es0.45_me2_addavg_minus_0.5ATR_equal_cd2_stopsweep_low-0.2ATR_tppartial_1.5R_runner_to_bearish_ob_hold48_gatenone,stage1_coarse,none,sweep_reclaim,overlap,36.0,1.0,close_above_white,0.45,2.0,avg_minus_0.5ATR,equal,2.0,sweep_low-0.2ATR,partial_1.5R_runner_to_bearish_ob,48.0,18.0,18.0,44.44444444444444,1.9444444444444444,143.83333333333334,17,0.11726387905650815,
961.5027882450232,-3.849721175497678,-0.9302783188043118,5.764477169911498,-0.16138121314106868,stage1_coarse_sweep_reclaim_overlap_lb24_rw2_close_above_white_es0.45_me2_addavg_minus_0.5ATR_equal_cd2_stopsweep_low-0.2ATR_tppartial_1.5R_runner_to_bearish_ob_hold48_gatenone,stage1_coarse,none,sweep_reclaim,overlap,24.0,2.0,close_above_white,0.45,2.0,avg_minus_0.5ATR,equal,2.0,sweep_low-0.2ATR,partial_1.5R_runner_to_bearish_ob,48.0,36.0,36.0,38.88888888888889,1.9166666666666667,131.27777777777777,33,0.21405526937854674,
961.4769911050847,-3.8523008894915334,-0.9309111401602288,5.620356761971868,-0.1656320371793666,stage1_coarse_sweep_reclaim_overlap_lb12_rw1_close_above_white_es0.45_me2_addavg_minus_0.5ATR_equal_cd2_stopsweep_low-0.2ATR_tppartial_1.5R_runner_to_bearish_ob_hold48_gatenone,stage1_coarse,none,sweep_reclaim,overlap,12.0,1.0,close_above_white,0.45,2.0,avg_minus_0.5ATR,equal,2.0,sweep_low-0.2ATR,partial_1.5R_runner_to_bearish_ob,48.0,44.0,44.0,43.18181818181818,1.8863636363636365,121.02272727272727,39,0.24118584626338582,
961.0230686542786,-3.8976931345721333,-0.9420482831307031,5.8114938057427405,-0.162100883975786,stage1_coarse_sweep_reclaim_overlap_lb24_rw3_close_above_white_es0.45_me2_addavg_minus_0.5ATR_equal_cd2_stopsweep_low-0.2ATR_tppartial_1.5R_runner_to_bearish_ob_hold48_gatenone,stage1_coarse,none,sweep_reclaim,overlap,24.0,3.0,close_above_white,0.45,2.0,avg_minus_0.5ATR,equal,2.0,sweep_low-0.2ATR,partial_1.5R_runner_to_bearish_ob,48.0,39.0,38.0,39.473684210526315,1.894736842105263,133.39473684210526,34,0.2295908083960756,
960.9551725873303,-3.904482741266979,-0.9437144809854026,4.800837460518281,-0.19657288728194572,stage1_coarse_sweep_reclaim_overlap_lb36_rw2_close_above_white_es0.45_me2_addavg_minus_0.5ATR_equal_cd2_stopsweep_low-0.2ATR_tppartial_1.5R_runner_to_bearish_ob_hold48_gatenone,stage1_coarse,none,sweep_reclaim,overlap,36.0,2.0,close_above_white,0.45,2.0,avg_minus_0.5ATR,equal,2.0,sweep_low-0.2ATR,partial_1.5R_runner_to_bearish_ob,48.0,25.0,25.0,36.0,1.92,140.56,23,0.15916001197550006,
960.4757262167597,-3.9524273783240305,-0.9554828490304423,4.848334882107697,-0.19707443323615245,stage1_coarse_sweep_reclaim_overlap_lb36_rw3_close_above_white_es0.45_me2_addavg_minus_0.5ATR_equal_cd2_stopsweep_low-0.2ATR_tppartial_1.5R_runner_to_bearish_ob_hold48_gatenone,stage1_coarse,none,sweep_reclaim,overlap,36.0,3.0,close_above_white,0.45,2.0,avg_minus_0.5ATR,equal,2.0,sweep_low-0.2ATR,partial_1.5R_runner_to_bearish_ob,48.0,28.0,27.0,37.03703703703704,1.8888888888888888,142.85185185185185,24,0.17469555099302894,
959.3968585884305,-4.060314141156951,-0.9819808351222092,4.231986191698001,-0.23203781643914317,stage1_coarse_sweep_reclaim_white_floor_lb36_rw3_close_above_prev3bar_high_es0.45_me2_addavg_minus_0.5ATR_equal_cd2_stopsweep_low-0.2ATR_tppartial_1.5R_runner_to_bearish_ob_hold48_gatenone,stage1_coarse,none,sweep_reclaim,white_floor,36.0,3.0,close_above_prev3bar_high,0.45,2.0,avg_minus_0.5ATR,equal,2.0,sweep_low-0.2ATR,partial_1.5R_runner_to_bearish_ob,48.0,13.0,13.0,30.76923076923077,1.8461538461538463,156.30769230769232,11,0.09203561307177464,
958.9812081793077,-4.101879182069224,-0.9921956518671893,6.631205321234457,-0.14962523459950466,stage1_coarse_sweep_reclaim_overlap_lb12_rw2_close_above_white_es0.45_me2_addavg_minus_0.5ATR_equal_cd2_stopsweep_low-0.2ATR_tppartial_1.5R_runner_to_bearish_ob_hold48_gatenone,stage1_coarse,none,sweep_reclaim,overlap,12.0,2.0,close_above_white,0.45,2.0,avg_minus_0.5ATR,equal,2.0,sweep_low-0.2ATR,partial_1.5R_runner_to_bearish_ob,48.0,60.0,60.0,38.333333333333336,1.8833333333333333,123.65,53,0.33602963256864965,
958.5027466726485,-4.1497253327351435,-1.00395826011358,6.677789523089417,-0.15034290263900202,stage1_coarse_sweep_reclaim_overlap_lb12_rw3_close_above_white_es0.45_me2_addavg_minus_0.5ATR_equal_cd2_stopsweep_low-0.2ATR_tppartial_1.5R_runner_to_bearish_ob_hold48_gatenone,stage1_coarse,none,sweep_reclaim,overlap,12.0,3.0,close_above_white,0.45,2.0,avg_minus_0.5ATR,equal,2.0,sweep_low-0.2ATR,partial_1.5R_runner_to_bearish_ob,48.0,65.0,62.0,38.70967741935484,1.8709677419354838,125.19354838709677,54,0.35156517158617856,
958.3975602551556,-4.1602439744844455,-1.006544787153596,5.022499457253504,-0.20040714702317028,stage1_coarse_sweep_reclaim_white_floor_lb12_rw3_proxy_bos_es0.45_me2_addavg_minus_0.5ATR_equal_cd2_stopsweep_low-0.2ATR_tppartial_1.5R_runner_to_bearish_ob_hold48_gatenone,stage1_coarse,none,sweep_reclaim,white_floor,12.0,3.0,proxy_bos,0.45,2.0,avg_minus_0.5ATR,equal,2.0,sweep_low-0.2ATR,partial_1.5R_runner_to_bearish_ob,48.0,24.0,24.0,33.33333333333333,1.7916666666666667,149.625,19,0.16264758195902695,
955.3317906086208,-4.466820939137916,-1.0820270583007163,7.876197124287254,-0.13737937753794258,stage1_coarse_sweep_reclaim_red_floor_lb12_rw1_close_above_white_es0.45_me2_addavg_minus_0.5ATR_equal_cd2_stopsweep_low-0.2ATR_tppartial_1.5R_runner_to_bearish_ob_hold48_gatenone,stage1_coarse,none,sweep_reclaim,red_floor,12.0,1.0,close_above_white,0.45,2.0,avg_minus_0.5ATR,equal,2.0,sweep_low-0.2ATR,partial_1.5R_runner_to_bearish_ob,48.0,66.0,66.0,42.42424242424242,1.7727272727272727,108.54545454545455,51,0.3244798878180086,
949.6074409711894,-5.039255902881068,-1.2234616381261443,9.173211981621343,-0.13337330921572146,stage1_coarse_sweep_reclaim_red_floor_lb12_rw2_close_above_white_es0.45_me2_addavg_minus_0.5ATR_equal_cd2_stopsweep_low-0.2ATR_tppartial_1.5R_runner_to_bearish_ob_hold48_gatenone,stage1_coarse,none,sweep_reclaim,red_floor,12.0,2.0,close_above_white,0.45,2.0,avg_minus_0.5ATR,equal,2.0,sweep_low-0.2ATR,partial_1.5R_runner_to_bearish_ob,48.0,85.0,85.0,37.64705882352941,1.7882352941176471,110.4235294117647,67,0.4251211930569276,
949.1336562890026,-5.086634371099741,-1.2351967708495781,9.218527908012364,-0.13399067434356804,stage1_coarse_sweep_reclaim_red_floor_lb12_rw3_close_above_white_es0.45_me2_addavg_minus_0.5ATR_equal_cd2_stopsweep_low-0.2ATR_tppartial_1.5R_runner_to_bearish_ob_hold48_gatenone,stage1_coarse,none,sweep_reclaim,red_floor,12.0,3.0,close_above_white,0.45,2.0,avg_minus_0.5ATR,equal,2.0,sweep_low-0.2ATR,partial_1.5R_runner_to_bearish_ob,48.0,91.0,87.0,37.93103448275862,1.7816091954022988,111.82758620689656,68,0.4406567320744565,
945.1913917356435,-5.480860826435652,-1.333015871436638,5.971594536211333,-0.22322611881187224,stage1_coarse_sweep_reclaim_white_floor_lb24_rw3_close_above_prev3bar_high_es0.45_me2_addavg_minus_0.5ATR_equal_cd2_stopsweep_low-0.2ATR_tppartial_1.5R_runner_to_bearish_ob_hold48_gatenone,stage1_coarse,none,sweep_reclaim,white_floor,24.0,3.0,close_above_prev3bar_high,0.45,2.0,avg_minus_0.5ATR,equal,2.0,sweep_low-0.2ATR,partial_1.5R_runner_to_bearish_ob,48.0,23.0,23.0,30.434782608695656,1.826086956521739,151.43478260869566,19,0.15775592535875543,
940.0691409434038,-5.993085905659623,-1.4605793106648002,6.402057496189217,-0.22814217328322972,stage1_coarse_sweep_reclaim_white_floor_lb12_rw2_close_above_prev3bar_high_es0.45_me2_addavg_minus_0.5ATR_equal_cd2_stopsweep_low-0.2ATR_tppartial_1.5R_runner_to_bearish_ob_hold48_gatenone,stage1_coarse,none,sweep_reclaim,white_floor,12.0,2.0,close_above_prev3bar_high,0.45,2.0,avg_minus_0.5ATR,equal,2.0,sweep_low-0.2ATR,partial_1.5R_runner_to_bearish_ob,48.0,30.0,30.0,23.333333333333332,1.8,125.9,24,0.1710721016594945,
906.4321409576144,-9.356785904238563,-2.3116939695044914,10.172288901857563,-0.22725406167753973,stage1_coarse_sweep_reclaim_white_floor_lb12_rw3_close_above_prev3bar_high_es0.45_me2_addavg_minus_0.5ATR_equal_cd2_stopsweep_low-0.2ATR_tppartial_1.5R_runner_to_bearish_ob_hold48_gatenone,stage1_coarse,none,sweep_reclaim,white_floor,12.0,3.0,close_above_prev3bar_high,0.45,2.0,avg_minus_0.5ATR,equal,2.0,sweep_low-0.2ATR,partial_1.5R_runner_to_bearish_ob,48.0,47.0,47.0,27.659574468085108,1.8297872340425532,129.89361702127658,39,0.27651447726534656,
893.820387501314,-10.617961249868602,-2.6370151257561703,11.103354401562726,-0.23749715900133994,stage1_coarse_sweep_reclaim_white_floor_lb36_rw3_close_above_white_es0.45_me2_addavg_minus_0.5ATR_equal_cd2_stopsweep_low-0.2ATR_tppartial_1.5R_runner_to_bearish_ob_hold48_gatenone,stage1_coarse,none,sweep_reclaim,white_floor,36.0,3.0,close_above_white,0.45,2.0,avg_minus_0.5ATR,equal,2.0,sweep_low-0.2ATR,partial_1.5R_runner_to_bearish_ob,48.0,74.0,71.0,30.985915492957744,1.647887323943662,95.28169014084507,46,0.30640793426700563,
893.7438730591866,-10.625612694081333,-2.638999465068348,11.11096429426608,-0.23751309023918196,stage1_coarse_sweep_reclaim_white_floor_lb36_rw1_close_above_white_es0.45_me2_addavg_minus_0.5ATR_equal_cd2_stopsweep_low-0.2ATR_tppartial_1.5R_runner_to_bearish_ob_hold48_gatenone,stage1_coarse,none,sweep_reclaim,white_floor,36.0,1.0,close_above_white,0.45,2.0,avg_minus_0.5ATR,equal,2.0,sweep_low-0.2ATR,partial_1.5R_runner_to_bearish_ob,48.0,47.0,46.0,28.26086956521739,1.673913043478261,88.26086956521739,31,0.18389005367687256,
892.8943555445426,-10.710564445545746,-2.6610397062857727,11.195454711451669,-0.23768929220568716,stage1_coarse_sweep_reclaim_white_floor_lb36_rw2_close_above_white_es0.45_me2_addavg_minus_0.5ATR_equal_cd2_stopsweep_low-0.2ATR_tppartial_1.5R_runner_to_bearish_ob_hold48_gatenone,stage1_coarse,none,sweep_reclaim,white_floor,36.0,2.0,close_above_white,0.45,2.0,avg_minus_0.5ATR,equal,2.0,sweep_low-0.2ATR,partial_1.5R_runner_to_bearish_ob,48.0,64.0,63.0,28.57142857142857,1.6984126984126984,93.5079365079365,44,0.266821750298142,
889.5639901069641,-11.043600989303592,-2.7475985145896664,12.472120163121115,-0.22029923370318838,stage1_coarse_sweep_reclaim_white_floor_lb24_rw3_close_above_white_es0.45_me2_addavg_minus_0.5ATR_equal_cd2_stopsweep_low-0.2ATR_tppartial_1.5R_runner_to_bearish_ob_hold48_gatenone,stage1_coarse,none,sweep_reclaim,white_floor,24.0,3.0,close_above_white,0.45,2.0,avg_minus_0.5ATR,equal,2.0,sweep_low-0.2ATR,partial_1.5R_runner_to_bearish_ob,48.0,99.0,96.0,32.29166666666667,1.6875,92.92708333333333,66,0.4040598938057587,
888.5922688114365,-11.140773118856352,-2.7729008380067754,11.850566588372825,-0.23398888292205414,stage1_coarse_sweep_reclaim_white_floor_lb24_rw1_close_above_white_es0.45_me2_addavg_minus_0.5ATR_equal_cd2_stopsweep_low-0.2ATR_tppartial_1.5R_runner_to_bearish_ob_hold48_gatenone,stage1_coarse,none,sweep_reclaim,white_floor,24.0,1.0,close_above_white,0.45,2.0,avg_minus_0.5ATR,equal,2.0,sweep_low-0.2ATR,partial_1.5R_runner_to_bearish_ob,48.0,62.0,61.0,31.147540983606557,1.7049180327868851,86.34426229508196,43,0.23855884549657336,
880.7877530577463,-11.921224694225375,-2.9768884205630397,13.335650421097867,-0.22322783865520412,stage1_coarse_sweep_reclaim_white_floor_lb24_rw2_close_above_white_es0.45_me2_addavg_minus_0.5ATR_equal_cd2_stopsweep_low-0.2ATR_tppartial_1.5R_runner_to_bearish_ob_hold48_gatenone,stage1_coarse,none,sweep_reclaim,white_floor,24.0,2.0,close_above_white,0.45,2.0,avg_minus_0.5ATR,equal,2.0,sweep_low-0.2ATR,partial_1.5R_runner_to_bearish_ob,48.0,87.0,86.0,29.069767441860467,1.7209302325581395,92.46511627906976,62,0.36017086375332286,
877.8557810075472,-12.214421899245275,-3.0538776494587694,14.146974456981953,-0.21586789873304604,stage1_coarse_sweep_reclaim_white_floor_lb12_rw3_close_above_white_es0.45_me2_addavg_minus_0.5ATR_equal_cd2_stopsweep_low-0.2ATR_tppartial_1.5R_runner_to_bearish_ob_hold48_gatenone,stage1_coarse,none,sweep_reclaim,white_floor,12.0,3.0,close_above_white,0.45,2.0,avg_minus_0.5ATR,equal,2.0,sweep_low-0.2ATR,partial_1.5R_runner_to_bearish_ob,48.0,182.0,173.0,33.52601156069364,1.676300578034682,87.76878612716763,117,0.6877306835048358,
877.2359974388843,-12.276400256111575,-3.070177322941703,13.590172289997305,-0.2259115820924086,stage1_coarse_sweep_reclaim_white_floor_lb12_rw1_close_above_white_es0.45_me2_addavg_minus_0.5ATR_equal_cd2_stopsweep_low-0.2ATR_tppartial_1.5R_runner_to_bearish_ob_hold48_gatenone,stage1_coarse,none,sweep_reclaim,white_floor,12.0,1.0,close_above_white,0.45,2.0,avg_minus_0.5ATR,equal,2.0,sweep_low-0.2ATR,partial_1.5R_runner_to_bearish_ob,48.0,115.0,114.0,33.33333333333333,1.719298245614035,91.49122807017544,82,0.4724072068595519,
876.6162694223943,-12.338373057760565,-3.0864843109819406,14.35373250925146,-0.21503008426502296,stage1_coarse_sweep_reclaim_white_floor_lb12_rw2_close_above_white_es0.45_me2_addavg_minus_0.5ATR_equal_cd2_stopsweep_low-0.2ATR_tppartial_1.5R_runner_to_bearish_ob_hold48_gatenone,stage1_coarse,none,sweep_reclaim,white_floor,12.0,2.0,close_above_white,0.45,2.0,avg_minus_0.5ATR,equal,2.0,sweep_low-0.2ATR,partial_1.5R_runner_to_bearish_ob,48.0,155.0,152.0,32.23684210526316,1.7105263157894737,90.15131578947368,108,0.6206515777177796,
309.5763870250288,-69.04236129749712,-24.357776226994808,69.9187397389073,-0.348372643985752,stage1_coarse_band_bounce_red_floor_es0.45_me2_addavg_minus_0.5ATR_equal_cd2_stopsweep_low-0.2ATR_tppartial_1.5R_runner_to_bearish_ob_hold48_gatenone,stage1_coarse,none,band_bounce,red_floor,12.0,1.0,close_above_white,0.45,2.0,avg_minus_0.5ATR,equal,2.0,sweep_low-0.2ATR,partial_1.5R_runner_to_bearish_ob,48.0,4224.0,2388.0,31.155778894472363,1.5816582914572865,66.92797319932998,1389,7.238927078535094,
269.0231286229342,-73.09768713770659,-26.844519093566312,73.41962481286681,-0.36563138482371815,stage1_coarse_band_bounce_white_floor_es0.45_me2_addavg_minus_0.5ATR_equal_cd2_stopsweep_low-0.2ATR_tppartial_1.5R_runner_to_bearish_ob_hold48_gatenone,stage1_coarse,none,band_bounce,white_floor,12.0,1.0,close_above_white,0.45,2.0,avg_minus_0.5ATR,equal,2.0,sweep_low-0.2ATR,partial_1.5R_runner_to_bearish_ob,48.0,3093.0,2179.0,32.033042680128496,1.611748508490133,69.61725562184488,1333,6.870784626247996,
147.41310110617772,-85.25868988938224,-36.605906039972204,85.49610113924695,-0.42815877627393095,stage1_coarse_band_bounce_overlap_es0.45_me2_addavg_minus_0.5ATR_equal_cd2_stopsweep_low-0.2ATR_tppartial_1.5R_runner_to_bearish_ob_hold48_gatenone,stage1_coarse,none,band_bounce,overlap,12.0,1.0,close_above_white,0.45,2.0,avg_minus_0.5ATR,equal,2.0,sweep_low-0.2ATR,partial_1.5R_runner_to_bearish_ob,48.0,5939.0,3528.0,30.300453514739228,1.5697278911564625,63.93622448979592,2010,10.216632447717023,
1095.1580978322067,9.515809783220686,2.187662269266677,2.2608678770911994,0.9676205723623674,stage1_fullstack_choch_ob_reclaim_white_floor_lb12_rw2_close_above_white_es0.60_me3_addavg_minus_0.5ATR_equal_cd4_stopred_floor-0.15ATR_tptrail_white_avg_after_2R_hold96_gatenone,stage1_fullstack,none,choch_ob_reclaim,white_floor,12.0,2.0,close_above_white,0.6,3.0,avg_minus_0.5ATR,equal,4.0,red_floor-0.15ATR,trail_white_avg_after_2R,96.0,6.0,6.0,33.33333333333333,2.1666666666666665,135.5,7,0.036823303852043694,proxy_winner
1078.4756582389214,7.847565823892144,1.8149003051880719,4.0030239539150525,0.4533823244832338,stage1_fullstack_choch_ob_reclaim_white_floor_lb12_rw3_close_above_white_es0.60_me3_addob_revisit_equal_cd0_stopred_floor-0.15ATR_tptrail_white_avg_after_2R_hold96_gatenone,stage1_fullstack,none,choch_ob_reclaim,white_floor,12.0,3.0,close_above_white,0.6,3.0,ob_revisit,equal,0.0,red_floor-0.15ATR,trail_white_avg_after_2R,96.0,10.0,9.0,44.44444444444444,2.3333333333333335,173.55555555555554,12,0.07074784823725984,
1046.1625652968155,4.616256529681539,1.080197973836583,1.3839208262880653,0.7805345170893021,stage1_fullstack_sweep_reclaim_overlap_lb12_rw2_proxy_bos_es0.60_me3_addavg_minus_0.5ATR_equal_cd2_stopred_floor-0.15ATR_tptrail_white_avg_after_2R_hold96_gatenone,stage1_fullstack,none,sweep_reclaim,overlap,12.0,2.0,proxy_bos,0.6,3.0,avg_minus_0.5ATR,equal,2.0,red_floor-0.15ATR,trail_white_avg_after_2R,96.0,6.0,6.0,66.66666666666666,2.1666666666666665,226.5,7,0.061553345553416204,
1045.0657888326944,4.506578883269441,1.0549589071907395,1.1608139611827495,0.9088096305422149,stage1_fullstack_sweep_reclaim_overlap_lb12_rw3_proxy_bos_es0.60_me2_addob_revisit_equal_cd4_stopred_floor-0.15ATR_tptrail_white_avg_after_2R_hold96_gatenone,stage1_fullstack,none,sweep_reclaim,overlap,12.0,3.0,proxy_bos,0.6,2.0,ob_revisit,equal,4.0,red_floor-0.15ATR,trail_white_avg_after_2R,96.0,8.0,8.0,62.5,1.75,217.5,6,0.07881002300437397,
1010.6726481205334,1.0672648120533479,0.253062951686589,0.31856357718960115,0.79438758793185,stage1_fullstack_sweep_reclaim_overlap_lb12_rw1_proxy_bos_es0.60_me2_addavg_minus_0.5ATR_equal_cd2_stopsweep_low-0.2ATR_tp3R_fixed_hold48_gatenone,stage1_fullstack,none,sweep_reclaim,overlap,12.0,1.0,proxy_bos,0.6,2.0,avg_minus_0.5ATR,equal,2.0,sweep_low-0.2ATR,3R_fixed,48.0,1.0,1.0,100.0,2.0,112.0,1,0.005072829066948209,
1004.3180126839238,0.4318012683923733,0.1026326290222146,0.05205757226336427,1.9715216165476608,stage1_fullstack_choch_ob_reclaim_white_floor_lb24_rw3_close_above_white_es0.60_me1_addnone_equal_cd2_stopsweep_low-0.2ATR_tp3R_fixed_hold24_gatenone,stage1_fullstack,none,choch_ob_reclaim,white_floor,24.0,3.0,close_above_white,0.6,1.0,none,equal,2.0,sweep_low-0.2ATR,3R_fixed,24.0,2.0,2.0,100.0,1.0,76.0,0,0.006884553733715426,
1004.3180126839238,0.4318012683923733,0.1026326290222146,0.05205757226336427,1.9715216165476608,stage1_fullstack_choch_ob_reclaim_white_floor_lb36_rw3_close_above_white_es0.60_me1_addnone_equal_cd2_stopsweep_low-0.2ATR_tp3R_fixed_hold24_gatenone,stage1_fullstack,none,choch_ob_reclaim,white_floor,36.0,3.0,close_above_white,0.6,1.0,none,equal,2.0,sweep_low-0.2ATR,3R_fixed,24.0,2.0,2.0,100.0,1.0,76.0,0,0.006884553733715426,
1000.0,0.0,0.0,-0.0,,stage1_fullstack_sweep_reclaim_red_floor_lb36_rw1_close_above_prev3bar_high_es0.45_me2_addavg_minus_0.5ATR_equal_cd2_stopsweep_low-0.2ATR_tppartial_1.5R_runner_to_bearish_ob_hold48_gatenone,stage1_fullstack,none,sweep_reclaim,red_floor,36.0,1.0,close_above_prev3bar_high,0.45,2.0,avg_minus_0.5ATR,equal,2.0,sweep_low-0.2ATR,partial_1.5R_runner_to_bearish_ob,48.0,0.0,0.0,,,,0,0.0,
1000.0,0.0,0.0,-0.0,,stage1_fullstack_sweep_reclaim_red_floor_lb36_rw1_proxy_bos_es0.45_me2_addavg_minus_0.5ATR_equal_cd2_stopsweep_low-0.2ATR_tppartial_1.5R_runner_to_bearish_ob_hold48_gatenone,stage1_fullstack,none,sweep_reclaim,red_floor,36.0,1.0,proxy_bos,0.45,2.0,avg_minus_0.5ATR,equal,2.0,sweep_low-0.2ATR,partial_1.5R_runner_to_bearish_ob,48.0,0.0,0.0,,,,0,0.0,
1000.0,0.0,0.0,-0.0,,stage1_fullstack_sweep_reclaim_overlap_lb24_rw1_close_above_prev3bar_high_es0.45_me2_addavg_minus_0.5ATR_equal_cd2_stopsweep_low-0.2ATR_tppartial_1.5R_runner_to_bearish_ob_hold48_gatenone,stage1_fullstack,none,sweep_reclaim,overlap,24.0,1.0,close_above_prev3bar_high,0.45,2.0,avg_minus_0.5ATR,equal,2.0,sweep_low-0.2ATR,partial_1.5R_runner_to_bearish_ob,48.0,0.0,0.0,,,,0,0.0,
1000.0,0.0,0.0,-0.0,,stage1_fullstack_sweep_reclaim_overlap_lb24_rw1_proxy_bos_es0.45_me2_addavg_minus_0.5ATR_equal_cd2_stopsweep_low-0.2ATR_tppartial_1.5R_runner_to_bearish_ob_hold48_gatenone,stage1_fullstack,none,sweep_reclaim,overlap,24.0,1.0,proxy_bos,0.45,2.0,avg_minus_0.5ATR,equal,2.0,sweep_low-0.2ATR,partial_1.5R_runner_to_bearish_ob,48.0,0.0,0.0,,,,0,0.0,
1000.0,0.0,0.0,-0.0,,stage1_fullstack_sweep_reclaim_overlap_lb36_rw1_close_above_prev3bar_high_es0.45_me2_addavg_minus_0.5ATR_equal_cd2_stopsweep_low-0.2ATR_tppartial_1.5R_runner_to_bearish_ob_hold48_gatenone,stage1_fullstack,none,sweep_reclaim,overlap,36.0,1.0,close_above_prev3bar_high,0.45,2.0,avg_minus_0.5ATR,equal,2.0,sweep_low-0.2ATR,partial_1.5R_runner_to_bearish_ob,48.0,0.0,0.0,,,,0,0.0,
774.2229708393352,-22.577702916066478,-5.91037705218419,24.194059061753947,-0.24429042836914186,stage1_fullstack_band_bounce_red_floor_es0.30_me1_addnone_equal_cd2_stopob_low-0.1ATR_tp3R_fixed_hold96_gatenone,stage1_fullstack,none,band_bounce,red_floor,12.0,1.0,close_above_white,0.3,1.0,none,equal,2.0,ob_low-0.1ATR,3R_fixed,96.0,4224.0,1852.0,29.1036717062635,1.0,134.07397408207345,0,11.246507334540848,sr_only
1000.6152521666853,0.06152521666853428,0.014644215684778139,0.24959054482751597,0.05867295852452378,stage2_exact_choch_ob_reclaim_white_floor_lb12_rw2_close_above_white_es0.60_me3_addavg_minus_0.5ATR_equal_cd4_stopred_floor-0.15ATR_tptrail_white_avg_after_2R_hold96_gaterelaxed,stage2_exact,relaxed,choch_ob_reclaim,white_floor,12.0,2.0,close_above_white,0.6,3.0,avg_minus_0.5ATR,equal,4.0,red_floor-0.15ATR,trail_white_avg_after_2R,96.0,1.0,1.0,100.0,1.0,57.0,0,0.0025817076501432846,exact_winner
1000.6152521666853,0.06152521666853428,0.014644215684778139,0.24959054482751597,0.05867295852452378,stage2_exact_choch_ob_reclaim_white_floor_lb12_rw3_close_above_white_es0.60_me3_addob_revisit_equal_cd0_stopred_floor-0.15ATR_tptrail_white_avg_after_2R_hold96_gaterelaxed,stage2_exact,relaxed,choch_ob_reclaim,white_floor,12.0,3.0,close_above_white,0.6,3.0,ob_revisit,equal,0.0,red_floor-0.15ATR,trail_white_avg_after_2R,96.0,1.0,1.0,100.0,1.0,57.0,0,0.0025817076501432846,
1000.0,0.0,0.0,-0.0,,stage2_exact_choch_ob_reclaim_white_floor_lb12_rw2_close_above_white_es0.60_me3_addavg_minus_0.5ATR_equal_cd4_stopred_floor-0.15ATR_tptrail_white_avg_after_2R_hold96_gatestrict,stage2_exact,strict,choch_ob_reclaim,white_floor,12.0,2.0,close_above_white,0.6,3.0,avg_minus_0.5ATR,equal,4.0,red_floor-0.15ATR,trail_white_avg_after_2R,96.0,0.0,0.0,,,,0,0.0,
1000.0,0.0,0.0,-0.0,,stage2_exact_choch_ob_reclaim_white_floor_lb12_rw3_close_above_white_es0.60_me3_addob_revisit_equal_cd0_stopred_floor-0.15ATR_tptrail_white_avg_after_2R_hold96_gatestrict,stage2_exact,strict,choch_ob_reclaim,white_floor,12.0,3.0,close_above_white,0.6,3.0,ob_revisit,equal,0.0,red_floor-0.15ATR,trail_white_avg_after_2R,96.0,0.0,0.0,,,,0,0.0,
1000.0,0.0,0.0,-0.0,,stage2_exact_sweep_reclaim_overlap_lb12_rw2_proxy_bos_es0.60_me3_addavg_minus_0.5ATR_equal_cd2_stopred_floor-0.15ATR_tptrail_white_avg_after_2R_hold96_gatestrict,stage2_exact,strict,sweep_reclaim,overlap,12.0,2.0,proxy_bos,0.6,3.0,avg_minus_0.5ATR,equal,2.0,red_floor-0.15ATR,trail_white_avg_after_2R,96.0,0.0,0.0,,,,0,0.0,
1000.0,0.0,0.0,-0.0,,stage2_exact_sweep_reclaim_overlap_lb12_rw2_proxy_bos_es0.60_me3_addavg_minus_0.5ATR_equal_cd2_stopred_floor-0.15ATR_tptrail_white_avg_after_2R_hold96_gaterelaxed,stage2_exact,relaxed,sweep_reclaim,overlap,12.0,2.0,proxy_bos,0.6,3.0,avg_minus_0.5ATR,equal,2.0,red_floor-0.15ATR,trail_white_avg_after_2R,96.0,0.0,0.0,,,,0,0.0,
1000.0,0.0,0.0,-0.0,,stage2_exact_sweep_reclaim_overlap_lb12_rw3_proxy_bos_es0.60_me2_addob_revisit_equal_cd4_stopred_floor-0.15ATR_tptrail_white_avg_after_2R_hold96_gatestrict,stage2_exact,strict,sweep_reclaim,overlap,12.0,3.0,proxy_bos,0.6,2.0,ob_revisit,equal,4.0,red_floor-0.15ATR,trail_white_avg_after_2R,96.0,0.0,0.0,,,,0,0.0,
1000.0,0.0,0.0,-0.0,,stage2_exact_sweep_reclaim_overlap_lb12_rw3_proxy_bos_es0.60_me2_addob_revisit_equal_cd4_stopred_floor-0.15ATR_tptrail_white_avg_after_2R_hold96_gaterelaxed,stage2_exact,relaxed,sweep_reclaim,overlap,12.0,3.0,proxy_bos,0.6,2.0,ob_revisit,equal,4.0,red_floor-0.15ATR,trail_white_avg_after_2R,96.0,0.0,0.0,,,,0,0.0,
1000.0,0.0,0.0,-0.0,,stage2_exact_sweep_reclaim_overlap_lb12_rw1_proxy_bos_es0.60_me2_addavg_minus_0.5ATR_equal_cd2_stopsweep_low-0.2ATR_tp3R_fixed_hold48_gatestrict,stage2_exact,strict,sweep_reclaim,overlap,12.0,1.0,proxy_bos,0.6,2.0,avg_minus_0.5ATR,equal,2.0,sweep_low-0.2ATR,3R_fixed,48.0,0.0,0.0,,,,0,0.0,
1000.0,0.0,0.0,-0.0,,stage2_exact_sweep_reclaim_overlap_lb12_rw1_proxy_bos_es0.60_me2_addavg_minus_0.5ATR_equal_cd2_stopsweep_low-0.2ATR_tp3R_fixed_hold48_gaterelaxed,stage2_exact,relaxed,sweep_reclaim,overlap,12.0,1.0,proxy_bos,0.6,2.0,avg_minus_0.5ATR,equal,2.0,sweep_low-0.2ATR,3R_fixed,48.0,0.0,0.0,,,,0,0.0,
1000.0,0.0,0.0,-0.0,,stage2_exact_choch_ob_reclaim_white_floor_lb24_rw3_close_above_white_es0.60_me1_addnone_equal_cd2_stopsweep_low-0.2ATR_tp3R_fixed_hold24_gatestrict,stage2_exact,strict,choch_ob_reclaim,white_floor,24.0,3.0,close_above_white,0.6,1.0,none,equal,2.0,sweep_low-0.2ATR,3R_fixed,24.0,0.0,0.0,,,,0,0.0,
1000.0,0.0,0.0,-0.0,,stage2_exact_choch_ob_reclaim_white_floor_lb24_rw3_close_above_white_es0.60_me1_addnone_equal_cd2_stopsweep_low-0.2ATR_tp3R_fixed_hold24_gaterelaxed,stage2_exact,relaxed,choch_ob_reclaim,white_floor,24.0,3.0,close_above_white,0.6,1.0,none,equal,2.0,sweep_low-0.2ATR,3R_fixed,24.0,0.0,0.0,,,,0,0.0,
1548.4270203881533,54.84270203881534,10.970368061318103,67.8000955486779,0.16180461063571502,buy_hold,benchmark,none,buy_hold,,,,,,,,,,,,,,1.0,100.0,1.0,2207840.0,0,,buy_hold
1127.907043017431,12.790704301743116,2.906932886361524,35.181158217584354,0.08262754933714979,gap_12,benchmark,none,gap_12,,,,,,,,,,,,,1208.0,313.0,84.34504792332268,2.02555910543131,330.44728434504793,0,,gap_12
