variant,entry_time,exit_time,avg_entry,exit_price,quantity,num_entries,pnl,return_pct,reason,hours_held,stage,gate,signal_time,max_entries_allowed,entry_family,exit_reason,realized_r,hold_minutes,size_path,threshold_pct
buy_hold,2022-01-01 00:00:00,2026-03-15 05:19:00,46246.66,71666.9,0.02161453389282599,1,548.4270203881533,54.84270203881534,Final Close,36797.333333333336,benchmark,none,2022-01-01 00:00:00,1,buy_hold,Final Close,54.84270203881534,2207840.0,1.00,
gap_12,2022-01-06 01:52:00,2022-01-07 04:32:00,42523.527500000004,41234.5,0.0554016620498615,4,-72.32804986149605,,,,benchmark,none,2022-01-06 01:52:00,4,gap_12,Stop Loss,-7.232804986149606,1600.0,benchmark,12.0
gap_12,2022-01-07 06:39:00,2022-01-07 08:26:00,41488.1,42580.0,0.013402343329754048,1,14.405749970166093,,,,benchmark,none,2022-01-07 06:39:00,4,gap_12,Take Profit,1.4405749970166093,107.0,benchmark,12.0
gap_12,2022-01-07 13:13:00,2022-01-07 16:58:00,41564.17,42070.45,0.0400976202390357,3,19.625853203664814,,,,benchmark,none,2022-01-07 13:13:00,4,gap_12,Take Profit,1.9625853203664814,225.0,benchmark,12.0
gap_12,2022-01-07 18:29:00,2022-01-08 01:02:00,41559.77,42132.47,0.02764475991494192,2,15.36625719617796,,,,benchmark,none,2022-01-07 18:29:00,4,gap_12,Take Profit,1.5366257196177961,393.0,benchmark,12.0
gap_12,2022-01-08 03:25:00,2022-01-08 10:00:00,41675.39,42184.24,0.01403387704970216,1,6.9043349617028715,,,,benchmark,none,2022-01-08 03:25:00,4,gap_12,Take Profit,0.6904334961702872,395.0,benchmark,12.0
gap_12,2022-01-08 10:48:00,2022-01-08 21:42:00,41291.69499999999,41935.68,0.05630703523756736,4,35.31637656287672,,,,benchmark,none,2022-01-08 10:48:00,4,gap_12,Take Profit,3.531637656287672,654.0,benchmark,12.0
gap_12,2022-01-08 22:50:00,2022-01-09 16:59:00,41622.31666666667,42127.99,0.043569722833263824,3,21.297845038376593,,,,benchmark,none,2022-01-08 22:50:00,4,gap_12,Take Profit,2.1297845038376595,1089.0,benchmark,12.0
gap_12,2022-01-09 18:57:00,2022-01-09 19:28:00,41954.25,42487.77,0.014821974614491824,1,7.655918836977084,,,,benchmark,none,2022-01-09 18:57:00,4,gap_12,Take Profit,0.7655918836977085,31.000000000000004,benchmark,12.0
gap_12,2022-01-09 22:51:00,2022-01-10 14:18:00,41729.725,40161.3,0.05933756292653966,4,-94.01974659944237,,,,benchmark,none,2022-01-09 22:51:00,4,gap_12,Stop Loss,-9.401974659944237,927.0,benchmark,12.0
gap_12,2022-01-10 17:26:00,2022-01-10 18:31:00,41100.01,41654.89,0.013851164888032601,1,7.45494687315835,,,,benchmark,none,2022-01-10 17:26:00,4,gap_12,Take Profit,0.745494687315835,65.0,benchmark,12.0
gap_12,2022-01-10 19:51:00,2022-01-10 21:01:00,41264.41,41788.51,0.013901067666058607,1,7.053187601711789,,,,benchmark,none,2022-01-10 19:51:00,4,gap_12,Take Profit,0.7053187601711789,70.0,benchmark,12.0
gap_12,2022-01-10 22:19:00,2022-01-11 02:24:00,41593.42,42093.07,0.013889543094212167,1,6.706048803130054,,,,benchmark,none,2022-01-10 22:19:00,4,gap_12,Take Profit,0.6706048803130054,244.99999999999997,benchmark,12.0
gap_12,2022-01-11 10:16:00,2022-01-11 16:15:00,41655.545000000006,42317.01,0.027841990455557453,2,17.945226301274122,,,,benchmark,none,2022-01-11 10:16:00,4,gap_12,Take Profit,1.7945226301274122,359.0,benchmark,12.0
gap_12,2022-01-21 03:11:00,2022-01-21 21:34:00,38707.1075,37490.0,0.05992741631371299,4,-73.83677938608277,,,,benchmark,none,2022-01-21 03:11:00,4,gap_12,Stop Loss,-7.383677938608277,1103.0,benchmark,12.0
gap_12,2022-01-21 21:47:00,2022-01-21 23:22:00,36195.69999999999,36741.15,0.02980540581666057,2,15.819324648329536,,,,benchmark,none,2022-01-21 21:47:00,4,gap_12,Take Profit,1.5819324648329536,95.0,benchmark,12.0
gap_12,2022-01-21 23:43:00,2022-01-22 09:48:00,35878.11749999999,34778.59,0.06123691981830034,4,-68.18357084640543,,,,benchmark,none,2022-01-21 23:43:00,4,gap_12,Stop Loss,-6.818357084640543,605.0,benchmark,12.0
gap_12,2022-01-22 10:10:00,2022-01-22 10:21:00,34200.54,34636.27,0.015058938543503958,1,6.3529971070384335,,,,benchmark,none,2022-01-22 10:10:00,4,gap_12,Take Profit,0.6352997107038434,11.0,benchmark,12.0
gap_12,2022-01-22 11:48:00,2022-01-22 11:56:00,34813.55,35465.98,0.01489971641960295,1,9.509648765824233,,,,benchmark,none,2022-01-22 11:48:00,4,gap_12,Take Profit,0.9509648765824232,8.0,benchmark,12.0
gap_12,2022-01-22 14:55:00,2022-01-22 16:12:00,34834.735,35322.27,0.02983602049303463,2,14.124553862439324,,,,benchmark,none,2022-01-22 14:55:00,4,gap_12,Take Profit,1.4124553862439324,77.0,benchmark,12.0
gap_12,2022-01-22 16:50:00,2022-01-22 20:12:00,34613.52,35246.27,0.03051772668838382,2,18.879837148216872,,,,benchmark,none,2022-01-22 16:50:00,4,gap_12,Take Profit,1.8879837148216874,202.0,benchmark,12.0
gap_12,2022-01-22 20:45:00,2022-01-22 20:56:00,34755.0,35383.03,0.01564071351303822,1,9.60147097341208,,,,benchmark,none,2022-01-22 20:45:00,4,gap_12,Take Profit,0.9601470973412081,11.0,benchmark,12.0
gap_12,2022-01-23 02:13:00,2022-01-23 05:51:00,34999.195,35436.67,0.03129312340771319,2,13.24638952780192,,,,benchmark,none,2022-01-23 02:13:00,4,gap_12,Take Profit,1.324638952780192,218.0,benchmark,12.0
gap_12,2022-01-23 10:05:00,2022-01-23 23:02:00,35139.335,35683.13,0.062323265978184224,4,33.00152474183693,,,,benchmark,none,2022-01-23 10:05:00,4,gap_12,Take Profit,3.300152474183693,777.0,benchmark,12.0
gap_12,2022-01-24 00:08:00,2022-01-24 09:21:00,35553.274999999994,34485.95,0.06406844589673928,4,-69.26563850544613,,,,benchmark,none,2022-01-24 00:08:00,4,gap_12,Stop Loss,-6.926563850544613,553.0,benchmark,12.0
gap_12,2022-01-24 10:06:00,2022-01-24 15:33:00,33653.979999999996,34103.8,0.04684839575968233,3,20.43426205289701,,,,benchmark,none,2022-01-24 10:06:00,4,gap_12,Take Profit,2.043426205289701,327.0,benchmark,12.0
gap_12,2022-01-24 16:48:00,2022-01-24 16:55:00,33818.2,34291.15,0.016143964215378212,1,7.413849836261529,,,,benchmark,none,2022-01-24 16:48:00,4,gap_12,Take Profit,0.7413849836261529,7.0,benchmark,12.0
gap_12,2022-01-24 19:16:00,2022-01-24 20:15:00,35847.56,36283.25,0.015350475462645423,1,6.465262598788008,,,,benchmark,none,2022-01-24 19:16:00,4,gap_12,Take Profit,0.6465262598788007,59.0,benchmark,12.0
gap_12,2022-01-24 22:31:00,2022-01-25 08:19:00,36040.5,36478.42,0.04565645439814318,3,19.327684382336255,,,,benchmark,none,2022-01-24 22:31:00,4,gap_12,Take Profit,1.9327684382336254,588.0,benchmark,12.0
gap_12,2022-01-25 08:30:00,2022-01-25 10:11:00,36056.17,36577.79,0.01567625946727024,1,7.947689292605815,,,,benchmark,none,2022-01-25 08:30:00,4,gap_12,Take Profit,0.7947689292605815,101.0,benchmark,12.0
gap_12,2022-01-25 11:24:00,2022-01-25 12:40:00,36274.99,36725.59,0.01570941399794329,1,6.847886948421732,,,,benchmark,none,2022-01-25 11:24:00,4,gap_12,Take Profit,0.6847886948421732,76.0,benchmark,12.0
gap_12,2022-01-25 13:09:00,2022-01-25 14:22:00,36316.43,36783.68,0.015800859328126207,1,7.150466019766647,,,,benchmark,none,2022-01-25 13:09:00,4,gap_12,Take Profit,0.7150466019766647,73.0,benchmark,12.0
gap_12,2022-01-25 14:52:00,2022-01-25 15:29:00,36182.095,36633.92,0.03176194353240827,2,13.88541433716597,,,,benchmark,none,2022-01-25 14:52:00,4,gap_12,Take Profit,1.388541433716597,37.0,benchmark,12.0
gap_12,2022-01-25 19:32:00,2022-01-26 03:37:00,36837.340000000004,37300.0,0.04745303385974922,3,21.246621380363937,,,,benchmark,none,2022-01-25 19:32:00,4,gap_12,Take Profit,2.1246621380363937,485.00000000000006,benchmark,12.0
gap_12,2022-01-26 06:27:00,2022-01-26 10:58:00,37487.24,38048.34,0.0159618910768454,1,8.713287699724019,,,,benchmark,none,2022-01-26 06:27:00,4,gap_12,Take Profit,0.8713287699724018,271.0,benchmark,12.0
gap_12,2022-01-26 20:01:00,2022-01-27 03:48:00,36602.55,35501.37,0.06482746091599363,4,-72.30728888192958,,,,benchmark,none,2022-01-26 20:01:00,4,gap_12,Stop Loss,-7.230728888192958,467.0,benchmark,12.0
gap_12,2022-01-27 08:34:00,2022-01-27 08:46:00,35875.26,36321.61,0.015595643034033761,1,6.73453172264839,,,,benchmark,none,2022-01-27 08:34:00,4,gap_12,Take Profit,0.6734531722648389,12.0,benchmark,12.0
gap_12,2022-01-27 10:32:00,2022-01-27 14:13:00,36455.55,36906.47,0.015454551866232928,1,6.740617345595897,,,,benchmark,none,2022-01-27 10:32:00,4,gap_12,Take Profit,0.6740617345595897,221.0,benchmark,12.0
gap_12,2022-01-27 15:31:00,2022-01-27 22:39:00,36069.89,36538.55,0.06202896439478125,4,28.163915086463625,,,,benchmark,none,2022-01-27 15:31:00,4,gap_12,Take Profit,2.8163915086463627,428.0,benchmark,12.0
gap_12,2022-01-28 01:26:00,2022-01-28 03:13:00,36855.545,37349.72,0.031569532380167645,2,15.12922838599736,,,,benchmark,none,2022-01-28 01:26:00,4,gap_12,Take Profit,1.512922838599736,107.0,benchmark,12.0
gap_12,2022-01-28 04:50:00,2022-01-28 15:11:00,36697.7525,37176.33,0.06393844946397781,4,29.64870453956234,,,,benchmark,none,2022-01-28 04:50:00,4,gap_12,Take Profit,2.964870453956234,621.0,benchmark,12.0
gap_12,2022-01-28 17:53:00,2022-01-28 20:01:00,36782.77,37268.4,0.016575671203213883,1,7.8025437085488925,,,,benchmark,none,2022-01-28 17:53:00,4,gap_12,Take Profit,0.7802543708548892,128.0,benchmark,12.0
gap_12,2022-02-22 03:16:00,2022-02-22 05:29:00,36372.7,36853.9,0.016887234104265497,1,7.877192876190555,,,,benchmark,none,2022-02-22 03:16:00,4,gap_12,Take Profit,0.7877192876190554,133.0,benchmark,12.0
gap_12,2022-02-24 02:58:00,2022-02-24 08:07:00,35147.075,35580.4,0.06887966622769486,4,28.866974937617027,,,,benchmark,none,2022-02-24 02:58:00,4,gap_12,Take Profit,2.8866974937617025,309.0,benchmark,12.0
gap_12,2022-02-24 09:43:00,2022-02-24 13:45:00,35153.65,35580.5,0.03598640861166497,2,14.848632751246203,,,,benchmark,none,2022-02-24 09:43:00,4,gap_12,Take Profit,1.4848632751246202,242.0,benchmark,12.0
gap_12,2022-02-24 17:12:00,2022-02-24 18:49:00,35815.9,36405.8,0.0179852504232299,1,10.347592252720133,,,,benchmark,none,2022-02-24 17:12:00,4,gap_12,Take Profit,1.0347592252720135,97.0,benchmark,12.0
gap_12,2022-05-06 13:36:00,2022-05-06 13:41:00,35307.7,35787.8,0.018415583232032674,1,8.577700225862458,,,,benchmark,none,2022-05-06 13:36:00,4,gap_12,Take Profit,0.8577700225862458,5.0,benchmark,12.0
gap_12,2022-05-07 21:59:00,2022-05-07 23:11:00,34972.2,35404.8,0.018734951114428543,1,7.8394169732154495,,,,benchmark,none,2022-05-07 21:59:00,4,gap_12,Take Profit,0.783941697321545,72.0,benchmark,12.0
gap_12,2022-05-08 01:49:00,2022-05-09 08:30:00,34307.475,33191.8,0.07553151022733103,4,-85.27142838534262,,,,benchmark,none,2022-05-08 01:49:00,4,gap_12,Stop Loss,-8.527142838534262,1841.0,benchmark,12.0
gap_12,2022-05-09 10:46:00,2022-05-09 13:38:00,32900.1,33353.1,0.01847909553561398,1,8.124496229109578,,,,benchmark,none,2022-05-09 10:46:00,4,gap_12,Take Profit,0.8124496229109579,172.0,benchmark,12.0
gap_12,2022-05-09 14:39:00,2022-05-09 17:05:00,32108.233333333337,31065.3,0.05655974620470845,3,-59.69086283527345,,,,benchmark,none,2022-05-09 14:39:00,4,gap_12,Stop Loss,-5.9690862835273455,146.0,benchmark,12.0
gap_12,2022-05-09 17:53:00,2022-05-09 20:13:00,31240.5,31720.0,0.018451769710436397,1,8.613507522068234,,,,benchmark,none,2022-05-09 17:53:00,4,gap_12,Take Profit,0.8613507522068233,140.0,benchmark,12.0
gap_12,2022-05-09 20:38:00,2022-05-09 20:54:00,30934.5,31318.0,0.018796885999428983,1,6.973133430488969,,,,benchmark,none,2022-05-09 20:38:00,4,gap_12,Take Profit,0.6973133430488968,16.0,benchmark,12.0
gap_12,2022-05-09 21:56:00,2022-05-09 22:45:00,30832.8,31243.5,0.03784472768810115,2,15.069868961693892,,,,benchmark,none,2022-05-09 21:56:00,4,gap_12,Take Profit,1.506986896169389,49.0,benchmark,12.0
gap_12,2022-05-09 23:43:00,2022-05-10 00:46:00,30302.0,30815.4,0.019611856375786777,1,9.826988183743993,,,,benchmark,none,2022-05-09 23:43:00,4,gap_12,Take Profit,0.9826988183743992,63.0,benchmark,12.0
gap_12,2022-05-10 08:00:00,2022-05-10 08:30:00,31566.8,31982.1,0.01900832640546655,1,7.650987477817337,,,,benchmark,none,2022-05-10 08:00:00,4,gap_12,Take Profit,0.7650987477817337,30.0,benchmark,12.0
gap_12,2022-05-10 09:29:00,2022-05-10 12:37:00,31455.4,31861.7,0.01921700638916236,1,7.562955098928824,,,,benchmark,none,2022-05-10 09:29:00,4,gap_12,Take Profit,0.7562955098928824,188.0,benchmark,12.0
gap_12,2022-05-10 14:38:00,2022-05-10 17:36:00,31275.15,31690.6,0.03882129954275226,2,15.636200784920497,,,,benchmark,none,2022-05-10 14:38:00,4,gap_12,Take Profit,1.5636200784920495,178.0,benchmark,12.0
gap_12,2022-05-10 20:35:00,2022-05-10 23:03:00,30578.95,31056.2,0.0797771326683837,4,37.082606730955774,,,,benchmark,none,2022-05-10 20:35:00,4,gap_12,Take Profit,3.708260673095577,148.0,benchmark,12.0
gap_12,2022-05-11 01:48:00,2022-05-11 02:22:00,30704.5,31150.0,0.020831660869673762,1,9.020942423003525,,,,benchmark,none,2022-05-11 01:48:00,4,gap_12,Take Profit,0.9020942423003525,34.0,benchmark,12.0
gap_12,2022-05-11 06:41:00,2022-05-11 08:45:00,30707.425,31118.3,0.08286637644776639,4,33.01625811809021,,,,benchmark,none,2022-05-11 06:41:00,4,gap_12,Take Profit,3.3016258118090205,124.00000000000001,benchmark,12.0
gap_12,2022-05-11 11:05:00,2022-05-11 12:41:00,31219.15,30115.7,0.04217971971764261,2,-47.051320436473006,,,,benchmark,none,2022-05-11 11:05:00,4,gap_12,Stop Loss,-4.705132043647301,96.0,benchmark,12.0
gap_12,2022-05-11 12:49:00,2022-05-11 13:20:00,29554.6,29956.8,0.021503827029680716,1,8.391164893112505,,,,benchmark,none,2022-05-11 12:49:00,4,gap_12,Take Profit,0.8391164893112505,31.000000000000004,benchmark,12.0
gap_12,2022-05-11 17:41:00,2022-05-11 17:50:00,29605.5,30002.2,0.02163176357047676,1,8.321720409610483,,,,benchmark,none,2022-05-11 17:41:00,4,gap_12,Take Profit,0.8321720409610484,9.0,benchmark,12.0
gap_12,2022-05-11 19:42:00,2022-05-11 20:54:00,29320.3,28426.8,0.022007227348600916,1,-19.9136956561322,,,,benchmark,none,2022-05-11 19:42:00,4,gap_12,Stop Loss,-1.9913695656132202,72.0,benchmark,12.0
gap_12,2022-05-11 21:26:00,2022-05-11 21:34:00,28071.9,28411.0,0.022554776434568987,1,7.392003187649295,,,,benchmark,none,2022-05-11 21:26:00,4,gap_12,Take Profit,0.7392003187649295,8.0,benchmark,12.0
gap_12,2022-05-11 22:30:00,2022-05-12 00:00:00,28767.3,29125.1,0.022158446333277865,1,7.670145311926264,,,,benchmark,none,2022-05-11 22:30:00,4,gap_12,Take Profit,0.7670145311926264,90.0,benchmark,12.0
gap_12,2022-05-12 01:24:00,2022-05-12 03:55:00,29348.05,28466.6,0.04361465457941471,2,-38.94076164944528,,,,benchmark,none,2022-05-12 01:24:00,4,gap_12,Stop Loss,-3.894076164944528,151.0,benchmark,12.0
gap_12,2022-05-12 04:13:00,2022-05-12 04:30:00,27725.6,28063.1,0.04418196297330892,2,14.415459365445255,,,,benchmark,none,2022-05-12 04:13:00,4,gap_12,Take Profit,1.4415459365445253,17.0,benchmark,12.0
gap_12,2022-05-12 05:07:00,2022-05-12 06:31:00,27268.9,27832.7,0.022977509154365052,1,12.698909213614721,,,,benchmark,none,2022-05-12 05:07:00,4,gap_12,Take Profit,1.2698909213614722,84.0,benchmark,12.0
gap_12,2022-05-12 07:17:00,2022-05-12 07:18:00,26668.0,27226.9,0.023775325025190606,1,13.029097797807719,,,,benchmark,none,2022-05-12 07:17:00,4,gap_12,Take Profit,1.3029097797807718,1.0,benchmark,12.0
gap_12,2022-05-12 16:01:00,2022-05-12 16:07:00,28940.1,29298.8,0.02217358118189649,1,7.693799841813426,,,,benchmark,none,2022-05-12 16:01:00,4,gap_12,Take Profit,0.7693799841813427,6.0,benchmark,12.0
gap_12,2022-05-12 17:08:00,2022-05-12 23:05:00,28610.175,29143.8,0.08810339604996696,4,45.98710761564321,,,,benchmark,none,2022-05-12 17:08:00,4,gap_12,Take Profit,4.598710761564321,357.0,benchmark,12.0
gap_12,2022-05-13 11:15:00,2022-05-13 11:57:00,30288.4,30659.9,0.022224852914649616,1,7.983968150641187,,,,benchmark,none,2022-05-13 11:15:00,4,gap_12,Take Profit,0.7983968150641186,42.0,benchmark,12.0
gap_12,2022-05-13 14:18:00,2022-05-13 23:51:00,30111.574999999997,29196.0,0.08853701597296713,4,-82.09624908678782,,,,benchmark,none,2022-05-13 14:18:00,4,gap_12,Stop Loss,-8.209624908678782,573.0,benchmark,12.0
gap_12,2022-05-14 04:30:00,2022-05-14 16:51:00,29095.775,29494.8,0.08536285389745926,4,33.054808655179585,,,,benchmark,none,2022-05-14 04:30:00,4,gap_12,Take Profit,3.3054808655179584,741.0,benchmark,12.0
gap_12,2022-05-14 18:37:00,2022-05-14 21:47:00,29449.15,29803.4,0.043768905608534546,2,14.983349931258003,,,,benchmark,none,2022-05-14 18:37:00,4,gap_12,Take Profit,1.4983349931258003,190.0,benchmark,12.0
gap_12,2022-05-15 02:13:00,2022-05-15 11:33:00,29760.2,30164.7,0.04393642921071363,2,17.242153933248698,,,,benchmark,none,2022-05-15 02:13:00,4,gap_12,Take Profit,1.7242153933248696,560.0,benchmark,12.0
gap_12,2022-05-15 14:06:00,2022-05-15 18:44:00,29990.5,30372.8,0.022201544101764222,1,8.21792108662682,,,,benchmark,none,2022-05-15 14:06:00,4,gap_12,Take Profit,0.821792108662682,278.0,benchmark,12.0
gap_12,2022-05-16 02:09:00,2022-05-16 16:44:00,30117.149999999998,29208.0,0.0877504331917411,4,-80.80351219733697,,,,benchmark,none,2022-05-16 02:09:00,4,gap_12,Stop Loss,-8.080351219733698,875.0,benchmark,12.0
gap_12,2022-05-16 19:54:00,2022-05-16 21:03:00,29608.5,29993.2,0.020990255599215146,1,7.8231253553227305,,,,benchmark,none,2022-05-16 19:54:00,4,gap_12,Take Profit,0.782312535532273,69.0,benchmark,12.0
gap_12,2022-05-17 01:09:00,2022-05-17 03:34:00,29924.850000000002,30317.2,0.041712148857920496,2,15.859923380662906,,,,benchmark,none,2022-05-17 01:09:00,4,gap_12,Take Profit,1.5859923380662906,145.0,benchmark,12.0
gap_12,2022-05-17 07:16:00,2022-05-17 09:30:00,30351.1,30715.8,0.020930084227708205,1,7.376048005396621,,,,benchmark,none,2022-05-17 07:16:00,4,gap_12,Take Profit,0.7376048005396622,134.0,benchmark,12.0
gap_12,2022-05-17 09:52:00,2022-05-17 21:53:00,30103.675000000003,30477.1,0.08368737153072409,4,30.230737357508662,,,,benchmark,none,2022-05-17 09:52:00,4,gap_12,Take Profit,3.023073735750866,721.0,benchmark,12.0
gap_12,2022-05-17 22:22:00,2022-05-18 14:41:00,30081.7,29171.3,0.08656663315565877,4,-79.82036731522135,,,,benchmark,none,2022-05-17 22:22:00,4,gap_12,Stop Loss,-7.982036731522135,979.0,benchmark,12.0
gap_12,2022-05-18 15:20:00,2022-05-18 19:04:00,28965.9,29423.3,0.021008871170296265,1,9.362197545651474,,,,benchmark,none,2022-05-18 15:20:00,4,gap_12,Take Profit,0.9362197545651475,224.0,benchmark,12.0
gap_12,2022-05-18 20:10:00,2022-05-19 02:46:00,28911.73333333333,29264.0,0.06328586610792726,3,21.55270206663977,,,,benchmark,none,2022-05-18 20:10:00,4,gap_12,Take Profit,2.155270206663977,396.0,benchmark,12.0
gap_12,2022-05-19 04:29:00,2022-05-19 11:39:00,29002.500000000004,29355.4,0.04299977847638407,2,14.669711545481588,,,,benchmark,none,2022-05-19 04:29:00,4,gap_12,Take Profit,1.466971154548159,430.0,benchmark,12.0
gap_12,2022-05-19 13:45:00,2022-05-19 14:20:00,29467.0,29881.0,0.02154977246008139,1,8.664034298121818,,,,benchmark,none,2022-05-19 13:45:00,4,gap_12,Take Profit,0.8664034298121818,35.0,benchmark,12.0
gap_12,2022-05-19 16:39:00,2022-05-20 01:38:00,30154.9,30597.8,0.02122551107598672,1,9.140997278434142,,,,benchmark,none,2022-05-19 16:39:00,4,gap_12,Take Profit,0.9140997278434142,539.0,benchmark,12.0
gap_12,2022-05-20 04:45:00,2022-05-20 10:59:00,30051.3,30414.2,0.021476080886783117,1,7.532398626090905,,,,benchmark,none,2022-05-20 04:45:00,4,gap_12,Take Profit,0.7532398626090905,374.0,benchmark,12.0
gap_12,2022-05-20 13:35:00,2022-05-20 15:49:00,30070.35,29148.6,0.04309850135200867,2,-40.22854801181765,,,,benchmark,none,2022-05-20 13:35:00,4,gap_12,Stop Loss,-4.022854801181765,134.0,benchmark,12.0
gap_12,2022-05-20 16:41:00,2022-05-20 19:41:00,28796.9,29188.8,0.02171416127572154,1,8.256255679697311,,,,benchmark,none,2022-05-20 16:41:00,4,gap_12,Take Profit,0.8256255679697311,180.0,benchmark,12.0
gap_12,2022-05-20 20:46:00,2022-05-21 07:24:00,29045.550000000003,29429.6,0.043254404500545206,2,16.1026701193585,,,,benchmark,none,2022-05-20 20:46:00,4,gap_12,Take Profit,1.6102670119358498,638.0,benchmark,12.0
gap_12,2022-05-21 09:27:00,2022-05-22 09:31:00,29287.7,29747.2,0.021833885579283573,1,9.772871639239176,,,,benchmark,none,2022-05-21 09:27:00,4,gap_12,Take Profit,0.9772871639239176,1444.0,benchmark,12.0
gap_12,2022-05-22 11:26:00,2022-05-22 22:22:00,29981.199999999997,30413.6,0.0428856951574984,2,18.02205123480553,,,,benchmark,none,2022-05-22 11:26:00,4,gap_12,Take Profit,1.802205123480553,656.0,benchmark,12.0
gap_12,2022-05-23 19:03:00,2022-05-24 23:09:00,29328.775,29716.4,0.08828496461759286,4,33.17205488086953,,,,benchmark,none,2022-05-23 19:03:00,4,gap_12,Take Profit,3.317205488086953,1686.0,benchmark,12.0
gap_12,2022-05-25 11:34:00,2022-05-25 13:36:00,29382.0,29802.9,0.02297192134066894,1,9.39502974247806,,,,benchmark,none,2022-05-25 11:34:00,4,gap_12,Take Profit,0.939502974247806,122.0,benchmark,12.0
gap_12,2022-05-26 08:25:00,2022-05-26 14:43:00,28932.633333333335,29297.9,0.06983629982026028,3,24.69044967627879,,,,benchmark,none,2022-05-26 08:25:00,4,gap_12,Take Profit,2.469044967627879,378.0,benchmark,12.0
gap_12,2022-05-27 00:44:00,2022-05-27 13:54:00,28963.033333333336,29338.6,0.07157216893759846,3,26.040190019760015,,,,benchmark,none,2022-05-27 00:44:00,4,gap_12,Take Profit,2.6040190019760012,790.0,benchmark,12.0
gap_12,2022-05-27 14:35:00,2022-05-28 13:17:00,28751.35,29215.2,0.09787158466013939,4,44.253999376540705,,,,benchmark,none,2022-05-27 14:35:00,4,gap_12,Take Profit,4.4253999376540705,1362.0,benchmark,12.0
gap_12,2022-06-12 13:32:00,2022-06-12 14:30:00,27233.949999999997,27625.4,0.05385455576148446,2,20.48626439494,,,,benchmark,none,2022-06-12 13:32:00,4,gap_12,Take Profit,2.048626439494,58.0,benchmark,12.0
gap_12,2022-06-12 22:00:00,2022-06-13 01:16:00,26845.725000000002,26022.7,0.10977435026030877,4,-91.48968461679836,,,,benchmark,none,2022-06-12 22:00:00,4,gap_12,Stop Loss,-9.148968461679836,196.0,benchmark,12.0
gap_12,2022-06-13 01:53:00,2022-06-13 04:09:00,25360.100000000002,25748.3,0.08066836616404577,3,30.48463042788165,,,,benchmark,none,2022-06-13 01:53:00,4,gap_12,Take Profit,3.0484630427881654,136.0,benchmark,12.0
gap_12,2022-06-13 05:48:00,2022-06-13 08:58:00,24944.233333333334,24182.8,0.08424435097000336,3,-64.96136268984793,,,,benchmark,none,2022-06-13 05:48:00,4,gap_12,Stop Loss,-6.4961362689847935,190.0,benchmark,12.0
gap_12,2022-06-13 11:16:00,2022-06-13 12:11:00,23688.799999999996,24003.8,0.056432005422079226,2,17.234248679254957,,,,benchmark,none,2022-06-13 11:16:00,4,gap_12,Take Profit,1.7234248679254958,55.0,benchmark,12.0
gap_12,2022-06-13 14:42:00,2022-06-13 15:15:00,22874.899999999998,23157.4,0.058966428332612585,2,16.11181233697541,,,,benchmark,none,2022-06-13 14:42:00,4,gap_12,Take Profit,1.6111812336975413,33.0,benchmark,12.0
gap_12,2022-06-13 21:41:00,2022-06-14 00:59:00,22440.425,21740.2,0.1198201126811739,4,-84.94300368765933,,,,benchmark,none,2022-06-13 21:41:00,4,gap_12,Stop Loss,-8.494300368765932,198.0,benchmark,12.0
gap_12,2022-06-14 01:05:00,2022-06-14 03:15:00,21453.949999999997,21811.3,0.05917112120741474,2,20.628560533073273,,,,benchmark,none,2022-06-14 01:05:00,4,gap_12,Take Profit,2.0628560533073275,130.0,benchmark,12.0
gap_12,2022-06-14 04:18:00,2022-06-14 05:04:00,21888.8,22167.9,0.029707008189209797,1,8.027809190873487,,,,benchmark,none,2022-06-14 04:18:00,4,gap_12,Take Profit,0.8027809190873487,46.0,benchmark,12.0
gap_12,2022-06-14 06:17:00,2022-06-14 06:37:00,22329.3,22608.9,0.02932968728011604,1,7.9353357768215425,,,,benchmark,none,2022-06-14 06:17:00,4,gap_12,Take Profit,0.7935335776821543,20.0,benchmark,12.0
gap_12,2022-06-14 07:11:00,2022-06-14 07:28:00,22236.6,22504.6,0.029659004025674066,1,7.681627470082176,,,,benchmark,none,2022-06-14 07:11:00,4,gap_12,Take Profit,0.7681627470082175,17.0,benchmark,12.0
gap_12,2022-06-14 09:30:00,2022-06-14 12:41:00,22084.866666666665,22381.9,0.08904328587857128,3,25.651640847383,,,,benchmark,none,2022-06-14 09:30:00,4,gap_12,Take Profit,2.5651640847383,191.0,benchmark,12.0
gap_12,2022-06-14 13:40:00,2022-06-14 14:50:00,22208.1,22486.3,0.03056925734423735,1,8.229411596598963,,,,benchmark,none,2022-06-14 13:40:00,4,gap_12,Take Profit,0.8229411596598963,70.0,benchmark,12.0
gap_12,2022-06-14 17:37:00,2022-06-14 21:33:00,22162.85,21496.0,0.12203308287826328,4,-82.42705057719014,,,,benchmark,none,2022-06-14 17:37:00,4,gap_12,Stop Loss,-8.242705057719014,236.0,benchmark,12.0
gap_12,2022-06-15 00:05:00,2022-06-15 01:41:00,21884.4,22149.1,0.057749161773966176,2,14.774566337949578,,,,benchmark,none,2022-06-15 00:05:00,4,gap_12,Take Profit,1.4774566337949577,96.0,benchmark,12.0
gap_12,2022-06-15 03:09:00,2022-06-15 05:24:00,21530.0,20871.0,0.11785133231676014,4,-78.64789805945817,,,,benchmark,none,2022-06-15 03:09:00,4,gap_12,Stop Loss,-7.864789805945817,135.0,benchmark,12.0
gap_12,2022-06-15 07:28:00,2022-06-15 11:28:00,20621.750000000004,20891.1,0.11249422312111326,4,29.36026777181309,,,,benchmark,none,2022-06-15 07:28:00,4,gap_12,Take Profit,2.9360267771813087,240.0,benchmark,12.0
gap_12,2022-06-15 14:19:00,2022-06-15 17:54:00,20920.699999999997,21244.6,0.11461629267692189,4,36.15022628149351,,,,benchmark,none,2022-06-15 14:19:00,4,gap_12,Take Profit,3.615022628149351,215.0,benchmark,12.0
gap_12,2022-06-15 18:08:00,2022-06-15 18:16:00,20359.8,20629.1,0.03106574147125083,1,8.109660863253993,,,,benchmark,none,2022-06-15 18:08:00,4,gap_12,Take Profit,0.8109660863253992,8.0,benchmark,12.0
gap_12,2022-06-16 03:18:00,2022-06-16 09:25:00,22012.65,21271.0,0.11442793895734685,4,-85.83907960354115,,,,benchmark,none,2022-06-16 03:18:00,4,gap_12,Stop Loss,-8.583907960354114,367.0,benchmark,12.0
gap_12,2022-06-16 10:27:00,2022-06-16 10:58:00,21009.9,21265.7,0.055537201954705726,2,13.73400126977041,,,,benchmark,none,2022-06-16 10:27:00,4,gap_12,Take Profit,1.373400126977041,31.000000000000004,benchmark,12.0
gap_12,2022-06-16 17:50:00,2022-06-17 07:23:00,20816.149999999998,21096.5,0.1124511001201064,4,30.576736065198542,,,,benchmark,none,2022-06-16 17:50:00,4,gap_12,Take Profit,3.057673606519854,813.0,benchmark,12.0
gap_12,2022-06-17 11:50:00,2022-06-18 06:51:00,20734.825,19740.2,0.11627572963943117,4,-116.56887005591055,,,,benchmark,none,2022-06-17 11:50:00,4,gap_12,Stop Loss,-11.656887005591054,1141.0,benchmark,12.0
gap_12,2022-06-18 08:16:00,2022-06-18 08:26:00,18733.4,19000.1,0.028842760331645314,1,7.473158048218804,,,,benchmark,none,2022-06-18 08:16:00,4,gap_12,Take Profit,0.7473158048218803,10.0,benchmark,12.0
gap_12,2022-06-18 11:48:00,2022-06-18 18:22:00,18925.925,18310.5,0.11299770420908467,4,-70.36922989804403,,,,benchmark,none,2022-06-18 11:48:00,4,gap_12,Stop Loss,-7.036922989804402,394.0,benchmark,12.0
gap_12,2022-06-18 20:08:00,2022-06-18 21:21:00,17856.5,18114.5,0.028109785518831015,1,7.048646779946056,,,,benchmark,none,2022-06-18 20:08:00,4,gap_12,Take Profit,0.7048646779946056,73.0,benchmark,12.0
gap_12,2022-06-19 01:55:00,2022-06-19 03:05:00,18336.25,18582.5,0.054885344274501556,2,13.10755326360364,,,,benchmark,none,2022-06-19 01:55:00,4,gap_12,Take Profit,1.310755326360364,70.0,benchmark,12.0
gap_12,2022-06-19 05:20:00,2022-06-19 06:17:00,18110.4,18340.2,0.028363487556109138,1,6.309852626603238,,,,benchmark,none,2022-06-19 05:20:00,4,gap_12,Take Profit,0.6309852626603238,57.0,benchmark,12.0
gap_12,2022-06-19 12:28:00,2022-06-19 15:33:00,19372.000000000004,19810.3,0.052978943550854043,2,22.8008594521689,,,,benchmark,none,2022-06-19 12:28:00,4,gap_12,Take Profit,2.28008594521689,185.0,benchmark,12.0
gap_12,2022-06-20 01:10:00,2022-06-20 03:43:00,19872.3,20117.9,0.05318665817138721,2,12.634641698722355,,,,benchmark,none,2022-06-20 01:10:00,4,gap_12,Take Profit,1.2634641698722355,153.0,benchmark,12.0
gap_12,2022-06-20 04:54:00,2022-06-20 06:15:00,19930.1,20177.0,0.026999265215942318,1,6.44821291211137,,,,benchmark,none,2022-06-20 04:54:00,4,gap_12,Take Profit,0.644821291211137,81.0,benchmark,12.0
gap_12,2022-06-20 07:07:00,2022-06-20 08:13:00,19996.4,20324.6,0.027096769413202146,1,8.672867321566638,,,,benchmark,none,2022-06-20 07:07:00,4,gap_12,Take Profit,0.8672867321566639,66.0,benchmark,12.0
gap_12,2022-06-20 12:03:00,2022-06-20 14:55:00,20609.6,20886.8,0.026536736239690287,1,7.1342762846457015,,,,benchmark,none,2022-06-20 12:03:00,4,gap_12,Take Profit,0.7134276284645701,172.0,benchmark,12.0
gap_12,2022-06-20 17:52:00,2022-06-20 20:39:00,20072.449999999997,20335.2,0.05468365141399677,2,13.923328213734287,,,,benchmark,none,2022-06-20 17:52:00,4,gap_12,Take Profit,1.3923328213734287,167.0,benchmark,12.0
gap_12,2022-06-21 02:07:00,2022-06-21 05:20:00,20494.4,20767.7,0.027283130551459006,1,7.229836431572313,,,,benchmark,none,2022-06-21 02:07:00,4,gap_12,Take Profit,0.7229836431572313,193.0,benchmark,12.0
gap_12,2022-06-21 07:19:00,2022-06-21 08:09:00,20972.4,21231.8,0.026861737154497297,1,6.739805405509798,,,,benchmark,none,2022-06-21 07:19:00,4,gap_12,Take Profit,0.6739805405509798,50.0,benchmark,12.0
gap_12,2022-06-21 10:22:00,2022-06-21 13:35:00,21081.9,21372.9,0.02690762096012092,1,7.60008014258776,,,,benchmark,none,2022-06-21 10:22:00,4,gap_12,Take Profit,0.7600080142587761,193.0,benchmark,12.0
gap_12,2022-06-21 15:40:00,2022-06-22 00:15:00,21127.425000000003,20477.3,0.10707065075316084,4,-70.48631395556616,,,,benchmark,none,2022-06-21 15:40:00,4,gap_12,Stop Loss,-7.048631395556616,515.0,benchmark,12.0
gap_12,2022-06-22 00:53:00,2022-06-22 11:28:00,20338.275,20639.1,0.10299889575739107,4,30.13432101244632,,,,benchmark,none,2022-06-22 00:53:00,4,gap_12,Take Profit,3.013432101244632,635.0,benchmark,12.0
gap_12,2022-06-22 12:05:00,2022-06-22 13:46:00,20336.550000000003,20593.5,0.05349455354054388,2,13.304769496907717,,,,benchmark,none,2022-06-22 12:05:00,4,gap_12,Take Profit,1.3304769496907718,101.0,benchmark,12.0
gap_12,2022-06-22 15:43:00,2022-06-23 00:27:00,20041.925,20337.8,0.10901004879112129,4,31.366538357951384,,,,benchmark,none,2022-06-22 15:43:00,4,gap_12,Take Profit,3.1366538357951383,524.0,benchmark,12.0
gap_12,2022-06-23 01:50:00,2022-06-23 06:40:00,20347.1,20610.7,0.05610861660878486,2,14.32765619234034,,,,benchmark,none,2022-06-23 01:50:00,4,gap_12,Take Profit,1.4327656192340341,290.0,benchmark,12.0
gap_12,2022-06-23 11:42:00,2022-06-23 19:23:00,20410.733333333334,20686.4,0.08459674577960404,3,22.620502071152867,,,,benchmark,none,2022-06-23 11:42:00,4,gap_12,Take Profit,2.2620502071152866,461.0,benchmark,12.0
gap_12,2022-06-23 21:35:00,2022-06-23 22:29:00,20685.2,20979.5,0.02871273455846447,1,8.20920625468835,,,,benchmark,none,2022-06-23 21:35:00,4,gap_12,Take Profit,0.820920625468835,54.0,benchmark,12.0
gap_12,2022-06-24 02:57:00,2022-06-24 11:33:00,20962.05,21265.0,0.11317746849285383,4,33.32442653290993,,,,benchmark,none,2022-06-24 02:57:00,4,gap_12,Take Profit,3.3324426532909928,516.0,benchmark,12.0
gap_12,2022-06-24 12:54:00,2022-06-24 20:03:00,21015.25,21284.1,0.05845349201764886,2,15.217569341163674,,,,benchmark,none,2022-06-24 12:54:00,4,gap_12,Take Profit,1.5217569341163675,429.0,benchmark,12.0
gap_12,2022-06-24 20:31:00,2022-06-24 22:04:00,21152.6,21417.4,0.029640452338151456,1,7.594863209579741,,,,benchmark,none,2022-06-24 20:31:00,4,gap_12,Take Profit,0.7594863209579741,93.0,benchmark,12.0
gap_12,2022-06-24 23:54:00,2022-06-25 07:09:00,21206.5,21463.5,0.029772903431590295,1,7.39602389679713,,,,benchmark,none,2022-06-24 23:54:00,4,gap_12,Take Profit,0.739602389679713,435.0,benchmark,12.0
gap_12,2022-06-25 10:26:00,2022-06-25 21:17:00,21157.8,21422.2,0.11892261467890977,4,30.4241057066341,,,,benchmark,none,2022-06-25 10:26:00,4,gap_12,Take Profit,3.04241057066341,651.0,benchmark,12.0
gap_12,2022-06-26 00:14:00,2022-06-26 11:54:00,21388.8,21666.0,0.03054475938764419,1,8.202294199497912,,,,benchmark,none,2022-06-26 00:14:00,4,gap_12,Take Profit,0.8202294199497911,700.0,benchmark,12.0
gap_12,2022-06-26 12:55:00,2022-06-27 14:01:00,21283.524999999998,20579.5,0.12240166846407283,4,-87.18142069488115,,,,benchmark,none,2022-06-26 12:55:00,4,gap_12,Stop Loss,-8.718142069488115,1506.0,benchmark,12.0
gap_12,2022-06-27 16:15:00,2022-06-27 20:10:00,20677.6,20950.5,0.02926578735251292,1,7.74138021732929,,,,benchmark,none,2022-06-27 16:15:00,4,gap_12,Take Profit,0.774138021732929,235.0,benchmark,12.0
gap_12,2022-06-27 23:34:00,2022-06-28 08:48:00,20751.0,21022.8,0.029379106433040536,1,7.738188697012187,,,,benchmark,none,2022-06-27 23:34:00,4,gap_12,Take Profit,0.7738188697012187,554.0,benchmark,12.0
gap_12,2022-06-28 09:44:00,2022-06-29 00:12:00,20817.175,20183.1,0.11667837026516502,4,-74.92481011184414,,,,benchmark,none,2022-06-28 09:44:00,4,gap_12,Stop Loss,-7.492481011184414,868.0,benchmark,12.0
gap_12,2022-06-29 03:49:00,2022-06-29 20:05:00,20093.3,20356.0,0.0842052854262798,3,21.435095365428822,,,,benchmark,none,2022-06-29 03:49:00,4,gap_12,Take Profit,2.143509536542882,976.0,benchmark,12.0
gap_12,2022-06-29 20:33:00,2022-06-30 07:01:00,20007.725000000002,19389.8,0.11503169415674316,4,-71.97313622915001,,,,benchmark,none,2022-06-29 20:33:00,4,gap_12,Stop Loss,-7.197313622915001,628.0,benchmark,12.0
gap_12,2022-06-30 08:24:00,2022-06-30 23:47:00,19014.375,19263.7,0.11174099790081486,4,26.99880627711598,,,,benchmark,none,2022-06-30 08:24:00,4,gap_12,Take Profit,2.699880627711598,923.0,benchmark,12.0
gap_12,2022-07-01 03:12:00,2022-07-01 10:39:00,19792.149999999994,19167.4,0.10974052991058286,4,-69.40177231483908,,,,benchmark,none,2022-07-01 03:12:00,4,gap_12,Stop Loss,-6.940177231483907,447.0,benchmark,12.0
gap_12,2022-07-01 10:55:00,2022-07-01 12:32:00,19035.8,19278.9,0.02683629609626453,1,6.316953873477856,,,,benchmark,none,2022-07-01 10:55:00,4,gap_12,Take Profit,0.6316953873477856,97.0,benchmark,12.0
gap_12,2022-07-01 15:51:00,2022-07-01 17:38:00,19234.5,19499.4,0.02674974309005714,1,6.877365368392071,,,,benchmark,none,2022-07-01 15:51:00,4,gap_12,Take Profit,0.6877365368392071,107.0,benchmark,12.0
gap_12,2022-07-01 19:20:00,2022-07-01 20:19:00,19327.6,19574.8,0.026828000806241207,1,6.421820699230042,,,,benchmark,none,2022-07-01 19:20:00,4,gap_12,Take Profit,0.6421820699230042,59.0,benchmark,12.0
gap_12,2022-07-01 21:48:00,2022-07-03 19:45:00,19198.149999999998,19442.1,0.10778531988253168,4,25.455999598268413,,,,benchmark,none,2022-07-01 21:48:00,4,gap_12,Take Profit,2.5455999598268413,2757.0,benchmark,12.0
gap_12,2022-07-03 21:13:00,2022-07-04 10:21:00,19236.03333333333,19471.1,0.08324830467926306,3,18.9205270605095,,,,benchmark,none,2022-07-03 21:13:00,4,gap_12,Take Profit,1.89205270605095,788.0,benchmark,12.0
gap_12,2022-07-04 13:33:00,2022-07-04 15:05:00,19624.6,19999.0,0.027923854589263622,1,10.231311491048068,,,,benchmark,none,2022-07-04 13:33:00,4,gap_12,Take Profit,1.0231311491048067,92.0,benchmark,12.0
gap_12,2022-07-04 16:05:00,2022-07-04 17:42:00,19737.8,19995.2,0.02806805950980688,1,7.0002279324201355,,,,benchmark,none,2022-07-04 16:05:00,4,gap_12,Take Profit,0.7000227932420136,97.0,benchmark,12.0
gap_12,2022-07-04 19:19:00,2022-07-04 22:33:00,19767.3,20025.1,0.028231924508320308,1,7.052051293656328,,,,benchmark,none,2022-07-04 19:19:00,4,gap_12,Take Profit,0.7052051293656328,194.0,benchmark,12.0
gap_12,2022-07-05 07:07:00,2022-07-05 12:35:00,20038.950000000004,19418.6,0.11080387217336939,4,-69.59784453162466,,,,benchmark,none,2022-07-05 07:07:00,4,gap_12,Stop Loss,-6.959784453162465,328.0,benchmark,12.0
gap_12,2022-07-05 13:00:00,2022-07-05 16:18:00,19344.7,19584.4,0.026874266050566295,1,6.231235021904476,,,,benchmark,none,2022-07-05 13:00:00,4,gap_12,Take Profit,0.6231235021904477,198.0,benchmark,12.0
gap_12,2022-07-05 21:16:00,2022-07-06 16:50:00,20060.766666666666,20312.2,0.07757071940185425,3,18.873611761619227,,,,benchmark,none,2022-07-05 21:16:00,4,gap_12,Take Profit,1.887361176161923,1174.0,benchmark,12.0
gap_12,2022-07-12 09:41:00,2022-07-12 12:06:00,19598.9,19836.5,0.02726884069445382,1,6.262709205627974,,,,benchmark,none,2022-07-12 09:41:00,4,gap_12,Take Profit,0.6262709205627974,145.0,benchmark,12.0
gap_12,2022-07-12 19:17:00,2022-07-13 07:40:00,19359.4,19703.6,0.05534632214879422,2,18.61399536637842,,,,benchmark,none,2022-07-12 19:17:00,4,gap_12,Take Profit,1.8613995366378417,743.0,benchmark,12.0
gap_12,2022-07-13 12:39:00,2022-07-13 13:49:00,19053.6,19300.0,0.028812396923453852,1,6.876942897690007,,,,benchmark,none,2022-07-13 12:39:00,4,gap_12,Take Profit,0.6876942897690007,70.0,benchmark,12.0
gap_12,2022-07-13 15:33:00,2022-07-13 16:55:00,19352.65,19596.1,0.05686461854579093,2,13.397961484378568,,,,benchmark,none,2022-07-13 15:33:00,4,gap_12,Take Profit,1.3397961484378569,82.0,benchmark,12.0
gap_12,2022-09-07 00:21:00,2022-09-07 13:06:00,18619.149999999998,18864.5,0.06000588107126801,2,14.269650543448163,,,,benchmark,none,2022-09-07 00:21:00,4,gap_12,Take Profit,1.4269650543448162,765.0,benchmark,12.0
gap_12,2022-09-19 06:44:00,2022-09-19 10:26:00,18285.0,18513.0,0.031120733186154215,1,6.865071913053052,,,,benchmark,none,2022-09-19 06:44:00,4,gap_12,Take Profit,0.6865071913053052,222.0,benchmark,12.0
gap_12,2022-11-08 19:29:00,2022-11-08 19:32:00,17679.0,16875.8,0.03241275407156217,1,-26.252720532343105,,,,benchmark,none,2022-11-08 19:29:00,4,gap_12,Stop Loss,-2.6252720532343106,3.0,benchmark,12.0
gap_12,2022-11-09 10:13:00,2022-11-09 10:38:00,17414.0,17671.6,0.03199356385050684,1,8.015391062714269,,,,benchmark,none,2022-11-09 10:13:00,4,gap_12,Take Profit,0.8015391062714268,25.0,benchmark,12.0
gap_12,2022-11-09 12:56:00,2022-11-09 13:00:00,17423.1,17661.3,0.032245205670020864,1,7.453011090239018,,,,benchmark,none,2022-11-09 12:56:00,4,gap_12,Take Profit,0.7453011090239018,4.0,benchmark,12.0
gap_12,2022-11-09 13:09:00,2022-11-09 13:20:00,17288.1,17529.6,0.03274786788699659,1,7.678987284744918,,,,benchmark,none,2022-11-09 13:09:00,4,gap_12,Take Profit,0.7678987284744918,11.0,benchmark,12.0
gap_12,2022-11-09 15:33:00,2022-11-09 16:28:00,17440.4,16844.6,0.03271828235410176,1,-19.714003178150687,,,,benchmark,none,2022-11-09 15:33:00,4,gap_12,Stop Loss,-1.9714003178150685,55.0,benchmark,12.0
gap_12,2022-11-09 19:53:00,2022-11-09 21:04:00,16510.55,16006.6,0.06689913191445143,2,-34.14214858624847,,,,benchmark,none,2022-11-09 19:53:00,4,gap_12,Stop Loss,-3.414214858624847,71.0,benchmark,12.0
gap_12,2022-11-09 21:28:00,2022-11-09 21:34:00,15842.8,16175.9,0.033952596875254204,1,11.089924494429418,,,,benchmark,none,2022-11-09 21:28:00,4,gap_12,Take Profit,1.108992449442942,6.0,benchmark,12.0
gap_12,2022-11-09 23:04:00,2022-11-09 23:09:00,15640.6,15909.5,0.03480870679280263,1,9.138545608296578,,,,benchmark,none,2022-11-09 23:04:00,4,gap_12,Take Profit,0.9138545608296578,5.0,benchmark,12.0
gap_12,2022-11-10 04:29:00,2022-11-10 04:56:00,16240.3,16456.5,0.03385291674748715,1,7.096160391024737,,,,benchmark,none,2022-11-10 04:29:00,4,gap_12,Take Profit,0.7096160391024737,27.0,benchmark,12.0
gap_12,2022-11-10 08:19:00,2022-11-10 08:39:00,16552.9,16753.5,0.03346285379136618,1,6.488400502150546,,,,benchmark,none,2022-11-10 08:19:00,4,gap_12,Take Profit,0.6488400502150546,20.0,benchmark,12.0
gap_12,2022-11-10 10:11:00,2022-11-10 12:15:00,16499.0,16827.3,0.06742034396167443,2,21.680297981039153,,,,benchmark,none,2022-11-10 10:11:00,4,gap_12,Take Profit,2.168029798103915,124.00000000000001,benchmark,12.0
gap_12,2022-11-10 15:32:00,2022-11-10 16:16:00,17440.0,17772.8,0.032706914305413295,1,10.65234370221462,,,,benchmark,none,2022-11-10 15:32:00,4,gap_12,Take Profit,1.0652343702214622,44.0,benchmark,12.0
gap_12,2022-11-10 17:37:00,2022-11-10 20:30:00,17270.7,17483.2,0.06632313679487276,2,13.629850302825613,,,,benchmark,none,2022-11-10 17:37:00,4,gap_12,Take Profit,1.3629850302825612,173.0,benchmark,12.0
gap_12,2022-11-11 01:33:00,2022-11-11 05:48:00,17106.100000000002,17330.6,0.10101890482472584,3,21.978456840368427,,,,benchmark,none,2022-11-11 01:33:00,4,gap_12,Take Profit,2.1978456840368428,255.0,benchmark,12.0
gap_12,2022-11-11 06:17:00,2022-11-11 07:16:00,17220.8,17454.4,0.03468703202966091,1,7.860714149385458,,,,benchmark,none,2022-11-11 06:17:00,4,gap_12,Take Profit,0.7860714149385458,59.0,benchmark,12.0
gap_12,2022-11-11 10:18:00,2022-11-11 13:01:00,17244.3,17486.5,0.034904954590220166,1,8.209833806374595,,,,benchmark,none,2022-11-11 10:18:00,4,gap_12,Take Profit,0.8209833806374596,163.0,benchmark,12.0
gap_12,2022-11-11 14:00:00,2022-11-11 14:23:00,17111.100000000002,16588.0,0.0703722161603875,2,-37.278640002166256,,,,benchmark,none,2022-11-11 14:00:00,4,gap_12,Stop Loss,-3.7278640002166257,23.0,benchmark,12.0
gap_12,2022-11-11 16:15:00,2022-11-11 17:04:00,16672.2,16873.7,0.03503057610356922,1,6.82222291206968,,,,benchmark,none,2022-11-11 16:15:00,4,gap_12,Take Profit,0.6822222912069681,49.0,benchmark,12.0
gap_12,2022-11-11 18:42:00,2022-11-11 22:43:00,16740.15,16948.4,0.06993178392566045,2,14.089201263844522,,,,benchmark,none,2022-11-11 18:42:00,4,gap_12,Take Profit,1.4089201263844522,241.0,benchmark,12.0
gap_12,2022-11-12 00:22:00,2022-11-14 00:24:00,16762.324999999997,16083.9,0.1407687031184548,4,-96.40665131077209,,,,benchmark,none,2022-11-12 00:22:00,4,gap_12,Stop Loss,-9.640665131077208,2882.0,benchmark,12.0
gap_12,2022-11-14 01:36:00,2022-11-14 06:41:00,15975.033333333333,16197.9,0.1002296650218051,3,21.68844730810363,,,,benchmark,none,2022-11-14 01:36:00,4,gap_12,Take Profit,2.168844730810363,305.0,benchmark,12.0
gap_12,2022-11-14 12:04:00,2022-11-14 13:13:00,16678.0,17056.7,0.033000418864511334,1,12.272107326211943,,,,benchmark,none,2022-11-14 12:04:00,4,gap_12,Take Profit,1.2272107326211943,69.0,benchmark,12.0
gap_12,2022-11-14 13:49:00,2022-11-15 01:48:00,16568.3,16769.3,0.09924750085103408,3,19.28302322464935,,,,benchmark,none,2022-11-14 13:49:00,4,gap_12,Take Profit,1.9283023224649352,719.0,benchmark,12.0
gap_12,2022-11-15 09:39:00,2022-11-15 13:30:00,16766.9,17069.9,0.033923225268107725,1,10.047110831035011,,,,benchmark,none,2022-11-15 09:39:00,4,gap_12,Take Profit,1.004711083103501,231.0,benchmark,12.0
gap_12,2022-11-15 18:38:00,2022-11-15 20:00:00,16671.6,16902.8,0.034470541716948404,1,7.736529775945202,,,,benchmark,none,2022-11-15 18:38:00,4,gap_12,Take Profit,0.7736529775945202,82.0,benchmark,12.0
gap_12,2022-11-16 09:31:00,2022-11-18 00:10:00,16546.06666666667,16842.9,0.10427589476814288,3,30.250038043147477,,,,benchmark,none,2022-11-16 09:31:00,4,gap_12,Take Profit,3.0250038043147476,2319.0,benchmark,12.0
gap_12,2022-11-21 00:07:00,2022-11-21 04:15:00,16022.233333333332,16257.8,0.11087866994083855,3,25.398261386331296,,,,benchmark,none,2022-11-21 00:07:00,4,gap_12,Take Profit,2.5398261386331296,248.00000000000003,benchmark,12.0
gap_12,2022-11-21 06:55:00,2022-11-21 13:23:00,16037.100000000002,16262.2,0.07604960394249174,2,16.624072299761345,,,,benchmark,none,2022-11-21 06:55:00,4,gap_12,Take Profit,1.6624072299761345,388.0,benchmark,12.0
gap_12,2022-11-21 16:12:00,2022-11-22 13:15:00,15868.125,16090.5,0.15459773915683503,4,33.38365027623997,,,,benchmark,none,2022-11-21 16:12:00,4,gap_12,Take Profit,3.338365027623997,1263.0,benchmark,12.0
gap_12,2023-03-10 01:16:00,2023-03-10 02:09:00,19889.5,20129.5,0.03222075820375989,1,7.4735468679973405,,,,benchmark,none,2023-03-10 01:16:00,4,gap_12,Take Profit,0.747354686799734,53.0,benchmark,12.0
gap_12,2023-03-10 04:39:00,2023-03-10 13:30:00,19869.4,20146.0,0.03247129220155667,1,8.719892761873504,,,,benchmark,none,2023-03-10 04:39:00,4,gap_12,Take Profit,0.8719892761873506,531.0,benchmark,12.0
gap_12,2023-03-10 14:42:00,2023-03-10 16:21:00,19786.0,20059.6,0.032864762180549366,1,8.72809733922348,,,,benchmark,none,2023-03-10 14:42:00,4,gap_12,Take Profit,0.872809733922348,99.0,benchmark,12.0
gap_12,2023-03-10 17:09:00,2023-03-10 21:57:00,19843.0,20098.4,0.03302640628854522,1,8.169432996434617,,,,benchmark,none,2023-03-10 17:09:00,4,gap_12,Take Profit,0.8169432996434618,288.0,benchmark,12.0
gap_12,2023-03-11 08:04:00,2023-03-11 08:43:00,19770.6,20011.7,0.03338732043874579,1,7.782428141612063,,,,benchmark,none,2023-03-11 08:04:00,4,gap_12,Take Profit,0.7782428141612062,39.0,benchmark,12.0
gap_12,2023-08-17 21:43:00,2023-08-17 21:45:00,25479.4,25787.0,0.026083753674946933,1,7.754313928007296,,,,benchmark,none,2023-08-17 21:43:00,4,gap_12,Take Profit,0.7754313928007296,2.0,benchmark,12.0
gap_12,2024-05-01 07:36:00,2024-05-01 07:45:00,57067.5,57792.8,0.011724562634210975,1,8.232787157230684,,,,benchmark,none,2024-05-01 07:36:00,4,gap_12,Take Profit,0.8232787157230683,9.0,benchmark,12.0
gap_12,2024-05-01 08:21:00,2024-05-01 09:04:00,56628.0,57317.7,0.011899953529480511,1,7.934566762715992,,,,benchmark,none,2024-05-01 08:21:00,4,gap_12,Take Profit,0.7934566762715991,43.0,benchmark,12.0
gap_12,2024-05-01 10:04:00,2024-05-01 10:42:00,56940.2,57634.1,0.011915475878002181,1,7.993453620425584,,,,benchmark,none,2024-05-01 10:04:00,4,gap_12,Take Profit,0.7993453620425586,38.0,benchmark,12.0
gap_12,2024-07-05 02:58:00,2024-07-05 11:45:00,54866.433333333334,55568.7,0.036603879484109834,3,24.892072433218594,,,,benchmark,none,2024-07-05 02:58:00,4,gap_12,Take Profit,2.4892072433218595,527.0,benchmark,12.0
gap_12,2024-07-05 13:04:00,2024-07-05 13:29:00,54829.7,55497.2,0.012722230190690003,1,8.209669390950072,,,,benchmark,none,2024-07-05 13:04:00,4,gap_12,Take Profit,0.8209669390950072,25.0,benchmark,12.0
gap_12,2024-07-05 18:16:00,2024-07-05 18:35:00,55898.0,56613.8,0.012564214334421996,1,8.708941453584861,,,,benchmark,none,2024-07-05 18:16:00,4,gap_12,Take Profit,0.8708941453584862,19.0,benchmark,12.0
gap_12,2024-07-08 00:43:00,2024-07-08 05:02:00,54991.450000000004,55653.6,0.025618162409559,2,16.39276905409869,,,,benchmark,none,2024-07-08 00:43:00,4,gap_12,Take Profit,1.6392769054098688,259.0,benchmark,12.0
gap_12,2024-08-05 00:57:00,2024-08-05 01:10:00,55529.700000000004,52945.9,0.02570896630777888,2,-66.97130088973316,,,,benchmark,none,2024-08-05 00:57:00,4,gap_12,Stop Loss,-6.697130088973316,13.0,benchmark,12.0
gap_12,2024-08-05 04:00:00,2024-08-05 04:15:00,53808.0,54457.6,0.012569569753708274,1,7.891389071281058,,,,benchmark,none,2024-08-05 04:00:00,4,gap_12,Take Profit,0.7891389071281057,15.0,benchmark,12.0
gap_12,2024-08-05 04:54:00,2024-08-05 06:18:00,52913.83333333333,50976.5,0.038196765888230455,3,-74.77872275531884,,,,benchmark,none,2024-08-05 04:54:00,4,gap_12,Stop Loss,-7.477872275531884,84.0,benchmark,12.0
gap_12,2024-08-05 06:23:00,2024-08-05 06:33:00,50254.8,50865.8,0.012646824059112735,1,7.469893170827474,,,,benchmark,none,2024-08-05 06:23:00,4,gap_12,Take Profit,0.7469893170827474,10.0,benchmark,12.0
gap_12,2024-08-05 09:47:00,2024-08-05 09:59:00,51981.9,52637.8,0.012309919690528835,1,7.814889488743433,,,,benchmark,none,2024-08-05 09:47:00,4,gap_12,Take Profit,0.7814889488743433,12.0,benchmark,12.0
gap_12,2024-08-05 10:27:00,2024-08-05 11:15:00,51228.1,51882.5,0.012579587642932303,1,7.971017971181142,,,,benchmark,none,2024-08-05 10:27:00,4,gap_12,Take Profit,0.7971017971181142,48.0,benchmark,12.0
gap_12,2024-08-05 12:18:00,2024-08-05 12:42:00,50424.4,51112.6,0.012871870001505494,1,8.595255037980465,,,,benchmark,none,2024-08-05 12:18:00,4,gap_12,Take Profit,0.8595255037980466,24.0,benchmark,12.0
gap_12,2024-08-05 12:55:00,2024-08-05 13:05:00,49530.0,50660.0,0.01320528369088417,1,14.654378701987035,,,,benchmark,none,2024-08-05 12:55:00,4,gap_12,Take Profit,1.4654378701987036,10.0,benchmark,12.0
gap_12,2024-08-05 16:57:00,2024-08-05 17:48:00,54120.0,54835.4,0.01224488829605312,1,8.491411747928664,,,,benchmark,none,2024-08-05 16:57:00,4,gap_12,Take Profit,0.8491411747928664,51.0,benchmark,12.0
gap_12,2024-08-05 18:15:00,2024-08-05 20:08:00,53460.27499999999,54163.1,0.04927152437092637,4,33.561779715334936,,,,benchmark,none,2024-08-05 18:15:00,4,gap_12,Take Profit,3.356177971533494,113.0,benchmark,12.0
gap_12,2024-08-05 23:48:00,2024-08-06 00:09:00,54010.8,54673.8,0.01272216013162264,1,8.156564631824086,,,,benchmark,none,2024-08-05 23:48:00,4,gap_12,Take Profit,0.8156564631824086,21.0,benchmark,12.0
gap_12,2024-08-06 02:44:00,2024-08-06 14:05:00,55176.425,55888.2,0.04972075573581653,4,34.27846949757474,,,,benchmark,none,2024-08-06 02:44:00,4,gap_12,Take Profit,3.4278469497574737,681.0,benchmark,12.0
gap_12,2024-08-07 20:52:00,2024-08-07 21:42:00,54624.3,55301.9,0.013030313166330486,1,8.541099771228282,,,,benchmark,none,2024-08-07 20:52:00,4,gap_12,Take Profit,0.8541099771228282,50.0,benchmark,12.0
gap_12,2024-08-07 22:11:00,2024-08-08 01:11:00,54810.74999999999,55526.9,0.02605583136613937,2,18.081163815787143,,,,benchmark,none,2024-08-07 22:11:00,4,gap_12,Take Profit,1.8081163815787145,180.0,benchmark,12.0
gap_12,2025-02-26 18:29:00,2025-02-26 22:06:00,84308.26666666666,85334.0,0.02563349016435361,3,25.418162011375763,,,,benchmark,none,2025-02-26 18:29:00,4,gap_12,Take Profit,2.5418162011375762,217.0,benchmark,12.0
gap_12,2025-02-26 23:22:00,2025-02-27 01:25:00,83956.9,85076.8,0.008837436166486391,1,9.596300447148616,,,,benchmark,none,2025-02-26 23:22:00,4,gap_12,Take Profit,0.9596300447148616,122.99999999999999,benchmark,12.0
gap_12,2025-02-27 02:37:00,2025-02-27 05:08:00,84404.1,85430.7,0.008856719678969312,1,8.78965411767857,,,,benchmark,none,2025-02-27 02:37:00,4,gap_12,Take Profit,0.8789654117678569,151.0,benchmark,12.0
gap_12,2025-02-27 19:05:00,2025-02-27 23:35:00,83765.46666666666,84772.7,0.026783788028592784,3,26.069310484368447,,,,benchmark,none,2025-02-27 19:05:00,4,gap_12,Take Profit,2.6069310484368446,270.0,benchmark,12.0
gap_12,2025-02-28 00:48:00,2025-02-28 02:33:00,82738.95,80036.8,0.036436121813987164,4,-99.6223587974259,,,,benchmark,none,2025-02-28 00:48:00,4,gap_12,Stop Loss,-9.96223587974259,105.0,benchmark,12.0
gap_12,2025-02-28 04:04:00,2025-02-28 04:21:00,79636.2,80660.8,0.00888093641080577,1,8.812870072253755,,,,benchmark,none,2025-02-28 04:04:00,4,gap_12,Take Profit,0.8812870072253756,17.0,benchmark,12.0
gap_12,2025-02-28 07:36:00,2025-02-28 09:23:00,78695.2,79800.0,0.01803528033963011,2,19.349691570782404,,,,benchmark,none,2025-02-28 07:36:00,4,gap_12,Take Profit,1.9349691570782404,107.0,benchmark,12.0
gap_12,2025-02-28 17:43:00,2025-02-28 18:37:00,83623.1,84764.9,0.00865348446803398,1,9.587143867367319,,,,benchmark,none,2025-02-28 17:43:00,4,gap_12,Take Profit,0.9587143867367318,54.0,benchmark,12.0
gap_12,2025-02-28 20:22:00,2025-03-01 01:56:00,83615.0,84651.8,0.008721040624911658,1,8.746674205199673,,,,benchmark,none,2025-02-28 20:22:00,4,gap_12,Take Profit,0.8746674205199673,334.0,benchmark,12.0
gap_12,2025-03-04 15:20:00,2025-03-04 15:35:00,81788.3,82809.5,0.008977846538200008,1,8.870796491647793,,,,benchmark,none,2025-03-04 15:20:00,4,gap_12,Take Profit,0.8870796491647794,15.0,benchmark,12.0
gap_12,2025-03-10 00:20:00,2025-03-10 01:01:00,80478.4,81445.6,0.009187919442257893,1,8.587229439861396,,,,benchmark,none,2025-03-10 00:20:00,4,gap_12,Take Profit,0.8587229439861396,41.0,benchmark,12.0
gap_12,2025-03-10 14:03:00,2025-03-10 18:54:00,80295.9,77804.0,0.018485299390794758,2,-46.63880964544191,,,,benchmark,none,2025-03-10 14:03:00,4,gap_12,Stop Loss,-4.663880964544191,291.0,benchmark,12.0
gap_12,2025-03-10 23:48:00,2025-03-11 02:02:00,78298.83333333333,79324.4,0.02726472636614774,3,27.09669131284535,,,,benchmark,none,2025-03-10 23:48:00,4,gap_12,Take Profit,2.709669131284535,134.0,benchmark,12.0
gap_12,2025-03-11 14:41:00,2025-03-11 14:54:00,79061.0,80265.4,0.009256271462903866,1,10.851070017329938,,,,benchmark,none,2025-03-11 14:41:00,4,gap_12,Take Profit,1.0851070017329938,13.0,benchmark,12.0
gap_12,2025-11-14 12:42:00,2025-11-14 14:35:00,94690.9,95905.0,0.007795311753508411,1,9.165244250446516,,,,benchmark,none,2025-11-14 12:42:00,4,gap_12,Take Profit,0.9165244250446517,113.0,benchmark,12.0
gap_12,2025-11-14 20:40:00,2025-11-15 01:53:00,94348.8,95519.6,0.007879984456081948,1,8.924808615880302,,,,benchmark,none,2025-11-14 20:40:00,4,gap_12,Take Profit,0.8924808615880303,313.0,benchmark,12.0
gap_12,2025-11-16 22:04:00,2025-11-16 22:53:00,93152.1,94461.7,0.008036786401175331,1,10.221308068582381,,,,benchmark,none,2025-11-16 22:04:00,4,gap_12,Take Profit,1.0221308068582382,49.0,benchmark,12.0
gap_12,2025-11-16 23:02:00,2025-11-16 23:24:00,93105.2,94326.9,0.008104774394069817,1,9.595803579718279,,,,benchmark,none,2025-11-16 23:02:00,4,gap_12,Take Profit,0.9595803579718278,22.0,benchmark,12.0
gap_12,2025-11-17 17:44:00,2025-11-18 15:23:00,91642.25000000001,92773.6,0.032766043134382854,4,35.85393338835096,,,,benchmark,none,2025-11-17 17:44:00,4,gap_12,Take Profit,3.585393338835096,1299.0,benchmark,12.0
gap_12,2025-11-19 03:36:00,2025-11-20 00:35:00,91026.00000000001,92166.5,0.034018402520430036,4,37.54384523619028,,,,benchmark,none,2025-11-19 03:36:00,4,gap_12,Take Profit,3.754384523619028,1259.0,benchmark,12.0
gap_12,2025-11-20 16:03:00,2025-11-20 18:53:00,89059.69999999998,86290.6,0.017930606010709556,2,-50.270538204666515,,,,benchmark,none,2025-11-20 16:03:00,4,gap_12,Stop Loss,-5.0270538204666515,170.0,benchmark,12.0
gap_12,2025-11-20 20:14:00,2025-11-20 21:21:00,86300.0,87349.9,0.008947882669070126,1,9.081743351714671,,,,benchmark,none,2025-11-20 20:14:00,4,gap_12,Take Profit,0.9081743351714671,67.0,benchmark,12.0
gap_12,2025-11-20 21:59:00,2025-11-21 07:33:00,86087.7,83224.3,0.02673695162971075,3,-77.44865292992023,,,,benchmark,none,2025-11-20 21:59:00,4,gap_12,Stop Loss,-7.744865292992023,574.0,benchmark,12.0
gap_12,2025-11-21 09:32:00,2025-11-21 12:50:00,82433.70000000001,83462.0,0.017652239784411,2,17.562481675555023,,,,benchmark,none,2025-11-21 09:32:00,4,gap_12,Take Profit,1.7562481675555024,198.0,benchmark,12.0
gap_12,2025-11-21 15:17:00,2025-11-21 16:52:00,83408.2,84437.6,0.017652140928401464,2,17.574912105754223,,,,benchmark,none,2025-11-21 15:17:00,4,gap_12,Take Profit,1.7574912105754223,95.0,benchmark,12.0
gap_12,2025-11-21 18:03:00,2025-11-22 00:13:00,84389.1,85403.9,0.008897170717761527,1,8.72490761307924,,,,benchmark,none,2025-11-21 18:03:00,4,gap_12,Take Profit,0.872490761307924,370.0,benchmark,12.0
gap_12,2025-11-22 00:29:00,2025-11-23 01:18:00,84384.1,85434.3,0.026725180712751526,3,27.153485941904602,,,,benchmark,none,2025-11-22 00:29:00,4,gap_12,Take Profit,2.71534859419046,1489.0,benchmark,12.0
gap_12,2025-11-23 11:01:00,2025-11-23 14:00:00,85925.2,86974.0,0.00898025054883726,1,9.106067451126716,,,,benchmark,none,2025-11-23 11:01:00,4,gap_12,Take Profit,0.9106067451126717,179.0,benchmark,12.0
gap_12,2025-11-23 16:53:00,2025-11-23 21:55:00,86832.45,87882.1,0.01784611419351095,2,18.104832166352704,,,,benchmark,none,2025-11-23 16:53:00,4,gap_12,Take Profit,1.8104832166352705,302.0,benchmark,12.0
gap_12,2025-11-23 23:18:00,2025-11-24 02:05:00,86438.16666666667,87558.3,0.027180191091183595,3,29.493497517356726,,,,benchmark,none,2025-11-23 23:18:00,4,gap_12,Take Profit,2.9493497517356726,167.0,benchmark,12.0
gap_12,2025-11-24 02:32:00,2025-11-24 17:34:00,86725.77499999998,87831.5,0.03676173570432518,4,39.35683485585993,,,,benchmark,none,2025-11-24 02:32:00,4,gap_12,Take Profit,3.9356834855859932,902.0,benchmark,12.0
gap_12,2025-11-25 08:55:00,2025-11-25 17:32:00,86561.33333333334,87632.9,0.028513645112914238,3,29.554778283835155,,,,benchmark,none,2025-11-25 08:55:00,4,gap_12,Take Profit,2.9554778283835152,517.0,benchmark,12.0
gap_12,2025-11-25 19:04:00,2025-11-25 23:09:00,86658.15,87699.4,0.019438136568070537,2,19.55807453584831,,,,benchmark,none,2025-11-25 19:04:00,4,gap_12,Take Profit,1.9558074535848309,244.99999999999997,benchmark,12.0
gap_12,2025-12-01 15:33:00,2025-12-01 16:39:00,84266.45,85352.7,0.020236699697242806,2,21.291212262830456,,,,benchmark,none,2025-12-01 15:33:00,4,gap_12,Take Profit,2.1291212262830457,66.0,benchmark,12.0
gap_12,2026-01-31 17:11:00,2026-01-31 23:23:00,77942.4,79061.0,0.02205253126272802,2,23.970563400822677,,,,benchmark,none,2026-01-31 17:11:00,4,gap_12,Take Profit,2.3970563400822678,372.0,benchmark,12.0
gap_12,2026-02-01 00:40:00,2026-02-02 03:21:00,77674.74999999999,75250.4,0.044827134304833885,4,-110.02596696684063,,,,benchmark,none,2026-02-01 00:40:00,4,gap_12,Stop Loss,-11.002596696684062,1601.0,benchmark,12.0
gap_12,2026-02-02 06:36:00,2026-02-02 06:42:00,75124.0,76461.1,0.010853196733498853,1,14.179870408057488,,,,benchmark,none,2026-02-02 06:36:00,4,gap_12,Take Profit,1.4179870408057487,6.0,benchmark,12.0
gap_12,2026-02-02 14:19:00,2026-02-02 14:35:00,77602.7,78565.4,0.01061364866325353,1,9.884213347038951,,,,benchmark,none,2026-02-02 14:19:00,4,gap_12,Take Profit,0.988421334703895,16.0,benchmark,12.0
gap_12,2026-02-02 15:00:00,2026-02-02 15:21:00,77565.1,78620.8,0.010692703879163943,1,10.952019911976155,,,,benchmark,none,2026-02-02 15:00:00,4,gap_12,Take Profit,1.0952019911976154,21.0,benchmark,12.0
gap_12,2026-02-03 16:16:00,2026-02-03 18:26:00,76335.89999999998,74025.1,0.04331947095479872,4,-101.38532475009816,,,,benchmark,none,2026-02-03 16:16:00,4,gap_12,Stop Loss,-10.138532475009816,130.0,benchmark,12.0
gap_12,2026-02-03 22:07:00,2026-02-04 03:38:00,75917.6,76840.2,0.01019695000905221,1,9.09429180711725,,,,benchmark,none,2026-02-03 22:07:00,4,gap_12,Take Profit,0.9094291807117248,331.0,benchmark,12.0
gap_12,2026-02-04 05:41:00,2026-02-04 16:38:00,75563.37499999999,73234.1,0.0408991507602726,4,-96.46345438581027,,,,benchmark,none,2026-02-04 05:41:00,4,gap_12,Stop Loss,-9.646345438581026,657.0,benchmark,12.0
gap_12,2026-02-04 17:10:00,2026-02-04 17:15:00,72803.9,73727.3,0.009900279642421154,1,8.84994986689951,,,,benchmark,none,2026-02-04 17:10:00,4,gap_12,Take Profit,0.884994986689951,5.0,benchmark,12.0
gap_12,2026-02-04 17:28:00,2026-02-04 18:28:00,72407.9,73305.1,0.010025369497339807,1,8.700797227597615,,,,benchmark,none,2026-02-04 17:28:00,4,gap_12,Take Profit,0.8700797227597615,60.0,benchmark,12.0
gap_12,2026-02-04 21:44:00,2026-02-04 22:27:00,72616.5,73489.6,0.010066062265938225,1,8.492778608591165,,,,benchmark,none,2026-02-04 21:44:00,4,gap_12,Take Profit,0.8492778608591165,43.0,benchmark,12.0
gap_12,2026-02-05 01:17:00,2026-02-05 12:23:00,71403.34999999999,69245.6,0.04053320959012118,4,-88.58323156028086,,,,benchmark,none,2026-02-05 01:17:00,4,gap_12,Stop Loss,-8.858323156028087,666.0,benchmark,12.0
gap_12,2026-02-05 14:57:00,2026-02-05 17:56:00,68421.1,66310.3,0.03932023009500752,4,-84.04007618600957,,,,benchmark,none,2026-02-05 14:57:00,4,gap_12,Stop Loss,-8.404007618600957,179.0,benchmark,12.0
gap_12,2026-02-05 18:22:00,2026-02-05 18:58:00,65494.9,66365.9,0.009633851986005533,1,8.135341376803531,,,,benchmark,none,2026-02-05 18:22:00,4,gap_12,Take Profit,0.813534137680353,36.0,benchmark,12.0
gap_12,2026-02-05 19:52:00,2026-02-06 00:05:00,64015.325,61795.0,0.03899538825459836,4,-87.54632343326816,,,,benchmark,none,2026-02-05 19:52:00,4,gap_12,Stop Loss,-8.754632343326815,253.0,benchmark,12.0
gap_12,2026-02-06 00:13:00,2026-02-06 00:27:00,60715.2,61644.4,0.00959514319732688,1,8.679212320830858,,,,benchmark,none,2026-02-06 00:13:00,4,gap_12,Take Profit,0.8679212320830859,14.0,benchmark,12.0
gap_12,2026-02-06 02:13:00,2026-02-06 05:05:00,64454.4,65275.0,0.018162195657174335,2,14.429682827668412,,,,benchmark,none,2026-02-06 02:13:00,4,gap_12,Take Profit,1.4429682827668413,172.0,benchmark,12.0
gap_12,2026-02-06 06:17:00,2026-02-06 09:35:00,65234.299999999996,66025.9,0.027162487867096685,3,20.78445431252804,,,,benchmark,none,2026-02-06 06:17:00,4,gap_12,Take Profit,2.0784454312528045,198.0,benchmark,12.0
gap_12,2026-02-06 14:21:00,2026-02-06 14:32:00,66659.6,67460.1,0.00912188216923486,1,7.055921443142585,,,,benchmark,none,2026-02-06 14:21:00,4,gap_12,Take Profit,0.7055921443142585,11.0,benchmark,12.0
gap_12,2026-02-06 18:06:00,2026-02-06 19:48:00,69747.5,70609.9,0.01746438814222654,2,14.568024853742546,,,,benchmark,none,2026-02-06 18:06:00,4,gap_12,Take Profit,1.4568024853742545,102.0,benchmark,12.0
gap_12,2026-02-06 23:15:00,2026-02-07 04:21:00,70542.7,71436.9,0.01750197007796664,2,15.15014704921264,,,,benchmark,none,2026-02-06 23:15:00,4,gap_12,Take Profit,1.515014704921264,306.0,benchmark,12.0
gap_12,2026-02-07 04:44:00,2026-02-07 07:14:00,70007.075,67898.7,0.03562532762809736,4,-76.07911551109852,,,,benchmark,none,2026-02-07 04:44:00,4,gap_12,Stop Loss,-7.6079115511098525,150.0,benchmark,12.0
gap_12,2026-02-07 09:32:00,2026-02-07 12:15:00,68101.2,69076.2,0.008562915875734897,1,8.112245502995348,,,,benchmark,none,2026-02-07 09:32:00,4,gap_12,Take Profit,0.8112245502995348,163.0,benchmark,12.0
gap_12,2026-02-07 12:54:00,2026-02-07 16:06:00,68779.0,69659.6,0.00854726354229055,1,7.288560691560891,,,,benchmark,none,2026-02-07 12:54:00,4,gap_12,Take Profit,0.728856069156089,192.0,benchmark,12.0
gap_12,2026-02-07 23:04:00,2026-02-08 08:04:00,68940.3,69804.2,0.017132250591790008,2,14.322190067543517,,,,benchmark,none,2026-02-07 23:04:00,4,gap_12,Take Profit,1.4322190067543517,540.0,benchmark,12.0
gap_12,2026-02-08 10:23:00,2026-02-08 11:16:00,69892.4,70744.0,0.008590549697740365,1,7.072620183468967,,,,benchmark,none,2026-02-08 10:23:00,4,gap_12,Take Profit,0.7072620183468966,53.0,benchmark,12.0
gap_12,2026-02-08 15:28:00,2026-02-08 19:51:00,70572.25,71447.1,0.017080805178994428,2,14.454992812561722,,,,benchmark,none,2026-02-08 15:28:00,4,gap_12,Take Profit,1.4454992812561722,263.0,benchmark,12.0
gap_12,2026-02-08 20:03:00,2026-02-08 23:05:00,70889.9,71922.8,0.008645763369600044,1,8.681477980588333,,,,benchmark,none,2026-02-08 20:03:00,4,gap_12,Take Profit,0.8681477980588332,182.0,benchmark,12.0
gap_12,2026-02-08 23:24:00,2026-02-09 03:43:00,70319.9,71176.3,0.008787826662591904,1,7.275700759089927,,,,benchmark,none,2026-02-08 23:24:00,4,gap_12,Take Profit,0.7275700759089928,259.0,benchmark,12.0
gap_12,2026-02-09 06:18:00,2026-02-09 17:44:00,69899.55,70805.6,0.03526366306123989,4,30.951895988136933,,,,benchmark,none,2026-02-09 06:18:00,4,gap_12,Take Profit,3.0951895988136933,686.0,benchmark,12.0
gap_12,2026-02-09 21:08:00,2026-02-11 04:39:00,69598.425,67434.4,0.03638752726447901,4,-79.72502711594002,,,,benchmark,none,2026-02-09 21:08:00,4,gap_12,Stop Loss,-7.972502711594003,1891.0,benchmark,12.0
gap_12,2026-02-11 06:08:00,2026-02-11 14:09:00,67129.5,67970.0,0.00881449944992108,1,7.168938176614214,,,,benchmark,none,2026-02-11 06:08:00,4,gap_12,Take Profit,0.7168938176614214,481.00000000000006,benchmark,12.0
gap_12,2026-02-11 14:36:00,2026-02-11 19:13:00,66759.4,67628.9,0.017719343727053156,2,14.927633480679717,,,,benchmark,none,2026-02-11 14:36:00,4,gap_12,Take Profit,1.4927633480679718,277.0,benchmark,12.0
gap_12,2026-02-11 20:26:00,2026-02-11 21:28:00,67286.5,68109.2,0.008984639843812784,1,7.146888546684666,,,,benchmark,none,2026-02-11 20:26:00,4,gap_12,Take Profit,0.7146888546684665,62.00000000000001,benchmark,12.0
gap_12,2026-02-11 22:25:00,2026-02-12 11:24:00,67238.15000000001,68065.8,0.018038006243525157,2,14.438047337305278,,,,benchmark,none,2026-02-11 22:25:00,4,gap_12,Take Profit,1.4438047337305278,779.0,benchmark,12.0
gap_12,2026-02-12 13:27:00,2026-02-13 14:45:00,66840.36666666667,67744.1,0.027348989727817387,3,23.975100572011513,,,,benchmark,none,2026-02-12 13:27:00,4,gap_12,Take Profit,2.3975100572011514,1518.0,benchmark,12.0
gap_12,2026-02-13 15:47:00,2026-02-13 16:32:00,68463.7,69323.9,0.009216651946225167,1,7.672590301000894,,,,benchmark,none,2026-02-13 15:47:00,4,gap_12,Take Profit,0.7672590301000894,45.0,benchmark,12.0
gap_12,2026-02-14 02:25:00,2026-02-14 08:37:00,68839.0,69667.5,0.009231078408588915,1,7.390705999503768,,,,benchmark,none,2026-02-14 02:25:00,4,gap_12,Take Profit,0.7390705999503768,372.0,benchmark,12.0
gap_12,2026-02-15 13:30:00,2026-02-16 12:26:00,68535.66666666666,69368.0,0.02784707429769202,3,22.405369833826338,,,,benchmark,none,2026-02-15 13:30:00,4,gap_12,Take Profit,2.240536983382634,1376.0,benchmark,12.0
gap_12,2026-02-16 15:31:00,2026-02-16 20:59:00,67685.3,68508.9,0.009643531133449417,1,7.678145157481507,,,,benchmark,none,2026-02-16 15:31:00,4,gap_12,Take Profit,0.7678145157481507,328.0,benchmark,12.0
gap_12,2026-02-17 05:23:00,2026-02-18 08:16:00,67447.7,68338.7,0.01934895157429174,2,16.71100297391392,,,,benchmark,none,2026-02-17 05:23:00,4,gap_12,Take Profit,1.671100297391392,1613.0,benchmark,12.0
gap_12,2026-02-18 11:07:00,2026-02-18 15:40:00,67299.45,68238.8,0.0197647666950224,2,18.02654401035009,,,,benchmark,none,2026-02-18 11:07:00,4,gap_12,Take Profit,1.8026544010350092,273.0,benchmark,12.0
gap_12,2026-02-18 16:03:00,2026-02-20 00:26:00,66510.25,67354.6,0.04035846820393916,4,32.98934123500065,,,,benchmark,none,2026-02-18 16:03:00,4,gap_12,Take Profit,3.298934123500065,1943.0,benchmark,12.0
gap_12,2026-02-20 13:40:00,2026-02-20 15:01:00,66437.0,68028.8,0.010484142801404252,1,16.40336904975205,,,,benchmark,none,2026-02-20 13:40:00,4,gap_12,Take Profit,1.640336904975205,81.0,benchmark,12.0
gap_12,2026-02-23 01:10:00,2026-02-23 07:05:00,65034.65,65842.0,0.021599075379412174,2,16.869162979115885,,,,benchmark,none,2026-02-23 01:10:00,4,gap_12,Take Profit,1.6869162979115886,355.0,benchmark,12.0
gap_12,2026-02-23 17:14:00,2026-02-24 13:32:00,64441.19999999999,62451.6,0.04401662445841066,4,-88.67503947206423,,,,benchmark,none,2026-02-23 17:14:00,4,gap_12,Stop Loss,-8.867503947206423,1218.0,benchmark,12.0
gap_12,2026-02-24 16:31:00,2026-02-24 19:01:00,63714.0,64551.0,0.010391883119161623,1,8.429683591848278,,,,benchmark,none,2026-02-24 16:31:00,4,gap_12,Take Profit,0.8429683591848277,150.0,benchmark,12.0
gap_12,2026-02-24 21:02:00,2026-02-25 01:10:00,64015.799999999996,64848.1,0.020785196403406602,2,16.760366768600274,,,,benchmark,none,2026-02-24 21:02:00,4,gap_12,Take Profit,1.6760366768600277,248.00000000000003,benchmark,12.0
stage113_fullstack_ob_revisit_bull_white_floor_lb6_rw1_r8_os30_rec40_es0.60_me3_addavg_minus_0.5ATR_equal_cd0_stopsweep_low-0.2ATR_tp3R_fixed_hold72_gatenone,2022-04-16 10:21:00,2022-04-16 15:14:00,40412.8,40261.38857142857,,3,-7.2058858061473074,,,,stage113_fullstack,none,2022-04-16 10:20:00,3,ob_revisit_bull,Stop Loss,-3.228134596016769,294.0,0.60+0.60+0.60,
stage113_fullstack_ob_revisit_bull_white_floor_lb6_rw1_r8_os30_rec40_es0.60_me3_addavg_minus_0.5ATR_equal_cd0_stopsweep_low-0.2ATR_tp3R_fixed_hold72_gatenone,2022-09-26 12:26:00,2022-09-26 13:35:00,18910.1,19189.800521536257,,3,26.341747312275515,,,,stage113_fullstack,none,2022-09-26 12:25:00,3,ob_revisit_bull,Take Profit,7.460857884173773,70.0,0.60+0.60+0.60,
stage113_fullstack_ob_revisit_bull_white_floor_lb6_rw1_r8_os30_rec40_es0.60_me3_addavg_minus_0.5ATR_equal_cd0_stopsweep_low-0.2ATR_tp3R_fixed_hold72_gatenone,2022-12-03 21:56:00,2022-12-03 22:23:00,16938.0,16904.165714285715,,3,-4.188824288244632,,,,stage113_fullstack,none,2022-12-03 21:55:00,3,ob_revisit_bull,Stop Loss,-3.4293666882278133,28.0,0.60+0.60+0.60,
stage113_fullstack_ob_revisit_bull_white_floor_lb6_rw1_r8_os30_rec40_es0.60_me3_addavg_minus_0.5ATR_equal_cd0_stopsweep_low-0.2ATR_tp3R_fixed_hold72_gatenone,2023-04-16 14:06:00,2023-04-16 19:00:00,30282.6,30514.32993458217,,3,13.320261653203602,,,,stage113_fullstack,none,2023-04-16 14:05:00,3,ob_revisit_bull,Take Profit,6.99552436065667,295.0,0.60+0.60+0.60,
stage113_fullstack_ob_revisit_bull_white_floor_lb6_rw1_r8_os30_rec40_es0.60_me3_addavg_minus_0.5ATR_equal_cd0_stopsweep_low-0.2ATR_tp3R_fixed_hold72_gatenone,2023-06-01 16:56:00,2023-06-01 19:32:00,27066.6,26766.29142857143,,3,-17.8974266417963,,,,stage113_fullstack,none,2023-06-01 16:55:00,3,ob_revisit_bull,Stop Loss,-2.649501580381544,157.0,0.60+0.60+0.60,
stage113_fullstack_ob_revisit_bull_white_floor_lb6_rw1_r8_os30_rec40_es0.60_me3_addavg_minus_0.5ATR_equal_cd0_stopsweep_low-0.2ATR_tp3R_fixed_hold72_gatenone,2024-10-22 14:11:00,2024-10-22 20:10:00,67327.0,67476.3,,3,5.097737513324091,,,,stage113_fullstack,none,2024-10-22 14:10:00,3,ob_revisit_bull,Time Exit,0.960586640536019,360.0,0.60+0.60+0.60,
stage113_fullstack_ob_revisit_bull_white_floor_lb6_rw1_r8_os30_rec40_es0.60_me3_addavg_minus_0.5ATR_equal_cd0_stopsweep_low-0.2ATR_tp3R_fixed_hold72_gatenone,2025-01-24 03:31:00,2025-01-24 09:30:00,103699.9,105481.7,,2,19.63087507239311,,,,stage113_fullstack,none,2025-01-24 03:30:00,3,ob_revisit_bull,Time Exit,3.109096525823618,360.0,0.60+0.60,
stage113_fullstack_ob_revisit_bull_white_floor_lb6_rw1_r8_os30_rec40_es0.60_me3_addavg_minus_0.5ATR_equal_cd0_stopsweep_low-0.2ATR_tp3R_fixed_hold72_gatenone,2026-02-09 14:41:00,2026-02-09 20:40:00,69451.1,70738.3,,3,36.875806181321195,,,,stage113_fullstack,none,2026-02-09 14:40:00,3,ob_revisit_bull,Time Exit,3.3054550867388137,360.0,0.60+0.60+0.60,
