rank_by_final_equity,period_start,period_end,final_equity,total_return_pct,cagr_pct,max_drawdown_pct,max_drawdown_amount,calmar_ratio,annual_volatility_pct,sharpe_365,sortino_365,trades,long_trades,short_trades,win_rate_pct,long_win_rate_pct,short_win_rate_pct,gross_profit,gross_loss,net_pnl_sum,profit_factor,avg_pnl_per_trade,median_pnl_per_trade,avg_return_pct_per_trade,median_return_pct_per_trade,avg_holding_hours,median_holding_hours,max_consecutive_wins,max_consecutive_losses,best_trade_pnl,worst_trade_pnl,best_trade_reason,worst_trade_reason,case_id,band,band_pct,take_profit_pct,stop_loss_pct,entry_scale,worst_month,max_dd_peak_time,max_dd_trough_time,max_dd_recovery_time,max_dd_peak_to_trough_days,max_dd_recovery_days
1,2022-01-01 03:20:00,2026-02-12,9785.965573959744,878.5965573959745,74.1369001490264,51.72679457361726,4515.179166424177,1.4332397891679758,67.52601127815187,1.15154749194932,1.4867741124352076,656,541,115,86.28048780487805,99.81515711645102,22.608695652173914,37531.51174282393,-13559.832761197486,23971.678981626446,2.7678447370105674,36.54219356955251,15.318255153048325,3.65421935695525,1.5318255153048326,75.16592987804879,4.0,115,22,7898.271250928389,-8578.956622491707,Final Hedge Close,Final Close,h0.00_tp0.80_sl4.00,0.0,0.0,0.008,0.04,0.4,2025-01 (-32.4929%),2022-03-13 23:01:00,2023-01-06 13:29:00,2024-01-11 11:53:00,298.60277777777776,668.5361111111112
2,2022-01-01 03:20:00,2026-02-12,7389.201177840002,638.9201177840002,62.637938144067704,67.97238194587597,2971.9427288498546,0.9215204227202763,71.43694060466456,1.021823725246428,1.3243064541742373,613,541,72,91.35399673735726,99.81515711645102,27.77777777777778,29013.541924937294,-10584.757945495792,18428.783979441505,2.7410680597834203,30.06326913448859,15.819079769414207,3.0063269134488584,1.5819079769414206,80.51035889070148,3.816666666666667,124,9,5963.838191456526,-6477.811095947232,Final Hedge Close,Final Close,h0.50_tp0.80_sl4.00,0.005,0.5,0.008,0.04,0.4,2025-01 (-49.2247%),2024-12-17 03:45:00,2025-04-24 08:35:00,2025-07-16 19:37:00,128.20138888888889,211.6611111111111
3,2022-01-01 03:20:00,2026-02-12,5668.5441541022765,466.85441541022766,52.484611337221,56.02671871252942,2402.076760016811,0.936778246938165,67.07188492747603,0.9573056543024483,1.1934377706009025,596,541,55,92.61744966442953,99.81515711645102,21.818181818181817,22812.239386215908,-8172.562091516364,14639.677294699544,2.7913204122237816,24.563216937415344,14.192229013495542,2.4563216937415344,1.419222901349554,82.3369966442953,3.466666666666667,108,12,4566.729522958577,-5007.3103592355765,Final Hedge Close,Final Close,h1.00_tp0.80_sl4.00,0.01,1.0,0.008,0.04,0.4,2025-01 (-31.3668%),2024-12-17 03:45:00,2025-04-24 08:35:00,2025-06-11 15:36:00,128.20138888888889,176.49375
4,2022-01-01 03:20:00,2026-02-12,4949.6914463004705,394.969144630047,47.5382295927445,52.947852774645824,2477.581679435106,0.8978311130967764,61.472469520827076,0.9309256756540782,1.2096832120006673,622,507,115,85.53054662379421,99.80276134122288,22.608695652173914,26360.06298986031,-12168.450095613614,14191.6128942467,2.166262981952186,22.81609790071817,13.14988424231068,2.281609790071816,1.314988424231068,84.34139871382638,4.0,130,22,3556.5795826855497,-7933.352595760153,Final Hedge Close,Final Close,h0.00_tp0.80_sl2.00,0.0,0.0,0.008,0.02,0.4,2025-01 (-32.0074%),2024-12-05 22:01:00,2025-05-06 21:30:00,2025-07-16 07:35:00,151.97847222222222,222.3986111111111
5,2022-01-01 03:20:00,2026-02-12,4840.295390650857,384.0295390650857,46.738555808391254,50.74209128789613,3098.79636685866,0.9211003059217651,70.47367129898332,0.876226541916294,1.1730964198043021,259,144,115,65.25096525096525,99.30555555555556,22.608695652173914,21858.019905456997,-12701.912477854501,9156.107427602496,1.7208447895988863,35.35176612973937,18.200293410839368,3.535176612973937,1.820029341083937,207.58018018018024,12.0,50,22,3530.6302037931528,-8477.611563654835,Final Hedge Close,Final Close,h0.00_tp1.60_sl2.00,0.0,0.0,0.016,0.02,0.4,2025-01 (-32.0074%),2024-03-12 11:24:00,2024-05-20 13:39:00,2024-07-05 09:06:00,69.09375,114.90416666666667
6,2022-01-01 03:20:00,2026-02-12,4384.137534711459,338.4137534711459,43.248695085293384,53.802685291349704,2282.4861179549553,0.8038389692093459,74.80301137005026,0.8321301600261674,1.0833146578923103,232,117,115,61.206896551724135,99.14529914529915,22.608695652173914,20382.137166302637,-11211.647640676294,9170.489525626344,1.817943073090832,39.527972093217,16.052707734641352,3.9527972093217,1.6052707734641352,232.45050287356324,12.875,38,22,3171.8427179358096,-6928.103366357501,Final Hedge Close,Final Close,h0.00_tp1.60_sl4.00,0.0,0.0,0.016,0.04,0.4,2025-01 (-32.4929%),2024-03-12 11:24:00,2024-05-20 13:39:00,2024-11-27 21:02:00,69.09375,260.4013888888889
7,2022-01-01 03:20:00,2026-02-12,3933.427150940604,293.3427150940604,39.5191816871121,68.76580326817029,2455.6791708577207,0.5746923588312738,66.06591221637126,0.8168507012314996,1.05494315809191,579,507,72,90.84628670120898,99.80276134122288,27.77777777777778,21093.702571483052,-9586.528461267771,11507.174110215283,2.2003484010617034,19.87422126116629,13.771077981422662,1.9874221261166292,1.3771077981422661,90.68108808290155,3.466666666666667,128,9,2683.1515707099393,-5985.0727316599005,Final Hedge Close,Final Close,h0.50_tp0.80_sl2.00,0.005,0.5,0.008,0.02,0.4,2025-01 (-48.4006%),2024-12-05 22:01:00,2025-04-24 08:35:00,2025-07-17 09:29:00,139.44027777777777,223.4777777777778
8,2022-01-01 03:20:00,2026-02-12,3791.207650057265,279.12076500572647,38.275322235130126,69.53852945915801,2377.289664726962,0.550418919307322,82.93605739699184,0.7573465145421832,1.0338028192473736,216,144,72,75.46296296296296,99.30555555555556,27.77777777777778,17180.898578774777,-9944.84161383677,7236.056964938007,1.7276191261678928,33.500263726564846,21.031117464283703,3.3500263726564845,2.103111746428371,249.10771604938273,16.0,48,9,2623.279860178407,-6298.917301919227,Final Hedge Close,Final Close,h0.50_tp1.60_sl2.00,0.005,0.5,0.016,0.02,0.4,2024-04 (-50.8573%),2024-03-12 11:24:00,2024-05-20 16:15:00,2024-11-18 15:42:00,69.20208333333333,251.17916666666667
9,2022-01-01 03:20:00,2026-02-12,3369.8122423179757,236.98122423179754,34.36956801780284,72.53032876262016,2367.957312979085,0.47386477635154234,88.56708632228803,0.7200225658834672,0.9720321941358596,189,117,72,71.95767195767195,99.14529914529915,27.77777777777778,15766.7858449284,-8818.295792731478,6948.490052196919,1.7879629143223168,36.76449763067153,27.044777550242042,3.6764497630671524,2.7044777550242043,285.5688712522046,21.233333333333334,40,9,2313.671777146511,-5053.641890013623,Final Hedge Close,Final Close,h0.50_tp1.60_sl4.00,0.005,0.5,0.016,0.04,0.4,2024-04 (-53.1121%),2024-03-12 11:24:00,2024-05-20 16:15:00,2025-07-17 07:37:00,69.20208333333333,491.84236111111113
10,2022-01-01 03:20:00,2026-02-12,2896.6168906058274,189.66168906058275,29.51519145136392,57.538173880576174,1791.5821375944029,0.5129671218385279,62.935355720688854,0.7165862635765159,0.8769188927782372,562,507,55,92.17081850533808,99.80276134122288,21.818181818181817,17024.0307251407,-7996.923107897346,9027.107617243355,2.128822610327296,16.062469069828033,12.038240753597297,1.6062469069828034,1.2038240753597296,92.9258896797153,3.25,128,12,2264.8728665878016,-5099.937428332701,Final Hedge Close,Final Close,h1.00_tp0.80_sl2.00,0.01,1.0,0.008,0.02,0.4,2024-04 (-30.9462%),2024-12-05 22:01:00,2025-04-24 08:35:00,2025-07-16 00:40:00,139.44027777777777,222.11041666666668
11,2022-01-01 03:20:00,2026-02-12,2788.568827550594,178.8568827550594,28.32342873709468,70.28198990770183,2270.020874332503,0.4029969665669763,82.21637323049643,0.6634210628039201,0.8949525096562779,199,144,55,77.88944723618091,99.30555555555556,21.818181818181817,13872.165449373662,-8393.683232269657,5478.482217104005,1.6526910851295755,27.530061392482438,21.627947801130418,2.7530061392482437,2.1627947801130416,268.98123953098826,14.933333333333334,48,12,2266.6018238526754,-5494.058866763372,Final Hedge Close,Final Close,h1.00_tp1.60_sl2.00,0.01,1.0,0.016,0.02,0.4,2024-04 (-50.0249%),2024-03-12 11:24:00,2024-05-20 01:36:00,2024-11-29 14:54:00,68.59166666666667,262.1458333333333
12,2022-01-01 03:20:00,2026-02-12,2606.465170621126,160.64651706211262,26.233244751692396,53.76469191950618,1432.6011177767687,0.4879269984652289,67.55220539801788,0.6785242484898447,0.8035844168092557,583,541,42,93.99656946826758,99.81515711645102,19.047619047619047,12583.942198193656,-5211.206316420357,7372.7358817732975,2.414784875920576,12.646202198581985,8.219900081123967,1.2646202198581984,0.8219900081123968,84.98945111492282,3.3666666666666667,106,10,2071.190565867921,-2432.343132908396,Final Hedge Close,Final Close,h2.00_tp0.80_sl4.00,0.02,2.0,0.008,0.04,0.4,2025-01 (-22.6377%),2024-03-13 11:46:00,2024-05-22 12:52:00,2024-12-16 14:47:00,70.04583333333333,278.12569444444443
13,2022-01-01 03:20:00,2026-02-12,2504.478197158651,150.44781971586508,25.013920137675562,73.2710681563531,2009.6455870498228,0.34138877413794994,89.07128396638835,0.6349577983832759,0.8615213518591557,172,117,55,74.4186046511628,99.14529914529915,21.818181818181817,12827.014748838827,-7380.210921491791,5446.803827347036,1.7380282061431995,31.667464112482765,24.82288254894934,3.166746411248276,2.482288254894934,312.1657945736434,22.108333333333334,30,12,1973.0450864394836,-4350.473397390347,Final Hedge Close,Final Close,h1.00_tp1.60_sl4.00,0.01,1.0,0.016,0.04,0.4,2024-04 (-52.2428%),2024-03-12 11:24:00,2024-05-20 01:36:00,2025-07-16 17:02:00,68.59166666666667,491.2347222222222
14,2022-01-01 03:20:00,2026-02-12,1658.25851889887,65.825851889887,13.087369177731079,66.564138262969,1013.2483518914917,0.19661291378892307,71.8033717071097,0.5241692763560601,0.63778877193381,577,541,36,94.97400346620451,99.81515711645102,22.22222222222222,8978.465234832112,-4145.565991782125,4832.8992430499875,2.165799616416765,8.37590856681107,5.727432705810736,0.837590856681107,0.5727432705810737,84.6600519930676,3.25,105,8,1317.7116037560493,-1547.480383200106,Final Hedge Close,Final Close,h3.00_tp0.80_sl4.00,0.03,3.0,0.008,0.04,0.4,2024-10 (-26.8798%),2022-02-06 15:01:00,2023-10-23 00:25:00,2024-02-27 12:33:00,623.3916666666667,750.8972222222222
15,2022-01-01 03:20:00,2026-02-12,1386.5987606826482,38.659876068264815,8.27270733351706,57.810781409577906,1237.17317518865,0.14309973212274318,61.33167255101949,0.4320847355915906,0.4883885939281888,549,507,42,93.6247723132969,99.80276134122288,19.047619047619047,10356.967838893715,-5420.571112586944,4936.396726306772,1.910678344361928,8.991615166314702,7.4035425987143295,0.8991615166314703,0.740354259871433,95.99335154826957,3.1,128,10,1193.2310740676446,-2877.737229150179,Final Hedge Close,Final Close,h2.00_tp0.80_sl2.00,0.02,2.0,0.008,0.02,0.4,2024-04 (-31.2980%),2024-03-12 15:11:00,2025-04-24 08:35:00,2025-07-16 20:23:00,407.725,491.21666666666664
16,2022-01-01 03:20:00,2026-02-12,1208.000525492539,20.800052549253905,4.702423814800172,80.48505593809944,1515.2634187112053,0.05842604891045584,73.7145515759295,0.42994779695699437,0.4643525748269699,186,144,42,81.18279569892472,99.30555555555556,19.047619047619047,8055.903870335687,-5564.05920028706,2491.8446700486274,1.4478465415896489,13.397014355100147,15.94523885334179,1.3397014355100145,1.5945238853341788,290.3401433691756,13.341666666666667,48,10,1129.6656685027242,-2932.74002723718,Final Hedge Close,Final Close,h2.00_tp1.60_sl2.00,0.02,2.0,0.016,0.02,0.4,2024-04 (-60.1345%),2024-03-12 11:24:00,2024-04-12 18:35:00,2025-07-18 01:18:00,31.299305555555556,492.57916666666665
17,2022-01-01 03:20:00,2026-02-12,1054.4197039394987,5.441970393949873,1.2969405468091333,83.43679110822922,1844.288547331015,0.01554398880377386,78.08796961487836,0.404660471436126,0.43062947738209245,159,117,42,77.9874213836478,99.14529914529915,19.047619047619047,7294.838538700584,-4900.639483614961,2394.199055085622,1.4885482931544964,15.057855692362404,19.16618709510831,1.50578556923624,1.9166187095108307,340.68249475890985,16.95,30,10,1039.5908784419564,-2161.9514059396947,Hedge Close Trend Up,Final Close,h2.00_tp1.60_sl4.00,0.02,2.0,0.016,0.04,0.4,2024-04 (-63.2777%),2024-03-12 11:24:00,2024-04-12 18:35:00,,31.299305555555556,
18,2022-01-01 03:20:00,2026-02-12,990.8459971018842,-0.9154002898115777,-0.22337842034543254,69.17548879692121,1062.1461648533036,-0.003229155647908836,65.2414995686751,0.3165815730826144,0.3690151619778976,543,507,36,94.65930018416206,99.80276134122288,22.22222222222222,7804.647031862056,-4298.481220562707,3506.1658112993496,1.8156754982496732,6.457027276794382,5.495516457664532,0.6457027276794383,0.5495516457664532,95.76491712707183,3.05,128,8,901.8919070530162,-1881.5561304255473,Hedge Close Trend Up,Final Close,h3.00_tp0.80_sl2.00,0.03,3.0,0.008,0.02,0.4,2024-04 (-33.8977%),2024-03-12 15:11:00,2025-04-30 13:59:00,2025-08-08 10:05:00,413.95,513.7875
19,2022-01-01 03:20:00,2026-02-12,794.1057549229246,-20.589424507707545,-5.451892678396253,85.08506845601997,1388.7716921835863,-0.06407578647262073,80.94093062266614,0.33277704740344133,0.37030759377137246,180,144,36,83.88888888888889,99.30555555555556,22.22222222222222,6080.501075463311,-4515.151860128238,1565.3492153350735,1.34668805476027,8.696384529639298,11.947197376138854,0.8696384529639297,1.1947197376138854,296.12925925925924,12.658333333333333,48,8,866.1668108188894,-2018.7432109724903,Hedge Close Trend Up,Final Close,h3.00_tp1.60_sl2.00,0.03,3.0,0.016,0.02,0.4,2024-04 (-66.9642%),2024-03-12 11:24:00,2024-04-12 18:35:00,2025-08-11 04:05:00,31.299305555555556,516.6951388888889
20,2022-01-01 03:20:00,2026-02-12,734.0136842233914,-26.598631577660864,-7.243894589257627,88.01996764487271,1686.0675499531526,-0.08229831006623409,87.08851428372347,0.3427623100886625,0.38235912863764704,153,117,36,81.04575163398692,99.14529914529915,22.22222222222222,5542.685905135397,-3992.7137337756176,1549.9721713597792,1.388200175296335,10.130537067710975,17.46966884954141,1.0130537067710972,1.746966884954141,349.4674291938998,15.25,30,8,960.8733800535647,-1375.9995438673025,Hedge Close Trend Up,Final Close,h3.00_tp1.60_sl4.00,0.03,3.0,0.016,0.04,0.4,2024-04 (-70.5884%),2024-03-12 11:24:00,2024-04-12 18:35:00,,31.299305555555556,
