entry_time,exit_time,side,avg_entry,exit_price,quantity,num_entries,pnl,return_pct,reason
2022-02-05 06:44:00,2022-02-05 22:15:00,LONG,41225.204999999994,41720.0,0.04820493266614493,4,23.04711574221282,2.3047115742212823,Take Profit
2022-02-05 22:44:00,2022-02-06 14:31:00,LONG,41493.785,42155.0,0.02456698071438495,2,15.829807724256,1.5829807724256,Take Profit
2022-02-06 20:47:00,2022-02-06 23:19:00,LONG,41586.01,42119.99,0.012476242243096354,1,6.4518641535618215,0.6451864153561822,Take Profit
2022-02-07 00:19:00,2022-02-07 02:22:00,LONG,41775.0,42280.0,0.024896699228889655,2,12.151780133230293,1.2151780133230292,Take Profit
2022-02-07 02:58:00,2022-02-07 03:38:00,LONG,42322.4,42882.91,0.012471579529474447,1,6.776517993057629,0.6776517993057629,Take Profit
2022-02-07 06:38:00,2022-02-07 14:38:00,LONG,42512.38999999999,43029.44,0.024897640582880978,2,12.444792450737808,1.2444792450737807,Take Profit
2022-02-07 16:44:00,2022-02-07 17:50:00,LONG,43496.21,44121.69,0.012348675335697607,1,7.505911678943261,0.7505911678943261,Take Profit
2022-02-07 18:49:00,2022-02-07 19:25:00,LONG,43809.46,44358.24,0.012343592168168029,1,6.554900500504149,0.6554900500504149,Take Profit
2022-02-07 21:21:00,2022-02-08 04:49:00,LONG,43730.530000000006,44272.8,0.024776615220681687,2,12.996843083582101,1.2996843083582101,Take Profit
2022-02-08 05:19:00,2022-02-08 05:50:00,LONG,44244.51,44813.15,0.012435828242084786,1,6.848593917024373,0.6848593917024373,Take Profit
2022-02-08 06:33:00,2022-02-08 20:33:00,LONG,43413.45199999999,43965.66,0.024733139882811856,2,13.222874180880039,1.322287418088004,Take Profit
2022-02-08 21:14:00,2022-02-09 12:40:00,LONG,43503.112,44133.73,0.05970534675714231,5,36.59725849996126,3.6597258499961254,Take Profit
2022-02-09 13:57:00,2022-02-09 19:27:00,LONG,43922.21,44464.05,0.012345924681793751,1,6.469935904644168,0.6469935904644168,Take Profit
2022-02-09 21:55:00,2022-02-10 10:26:00,LONG,44103.96333333333,44637.61,0.03678601848457456,3,18.973920165604735,1.8973920165604736,Take Profit
2022-02-10 11:48:00,2022-02-10 15:02:00,LONG,43942.658,44708.91,0.06183825739017628,5,46.27779996805169,4.6277799968051685,Take Profit
2022-02-10 15:57:00,2022-02-10 16:28:00,LONG,44832.0,45438.23,0.012873499356632052,1,7.570321905102491,0.7570321905102491,Take Profit
2022-02-10 17:45:00,2022-02-15 01:38:00,LONG,43035.0872,43565.4,0.06420678571501431,5,32.93080259057367,3.293080259057367,Take Profit
2022-02-15 03:55:00,2022-02-15 09:50:00,LONG,43521.8,44047.8,0.0128745081135813,1,6.545153764349601,0.6545153764349602,Take Profit
2022-02-15 12:40:00,2022-02-15 23:40:00,LONG,44119.1,44651.7,0.012771844388176412,1,6.574170495515724,0.6574170495515724,Take Profit
2022-02-17 20:00:00,2022-02-28 16:00:00,SHORT,41088.7,40812.9,0.0640052803636847,1,15.555802376210218,1.5555802376210217,Trend Up
2022-02-16 00:17:00,2022-02-28 22:32:00,LONG,41755.9406,42809.2,0.0640052803636847,5,66.31815725342801,6.631815725342801,Take Profit
2022-02-28 23:00:00,2022-03-01 00:11:00,LONG,43000.6,43538.2,0.013296748016664894,1,6.916765143959363,0.6916765143959364,Take Profit
2022-03-01 01:14:00,2022-03-01 11:01:00,LONG,43120.100000000006,43638.3,0.026576348045694406,2,13.307964897709793,1.3307964897709792,Take Profit
2022-03-01 11:48:00,2022-03-01 12:13:00,LONG,43361.8,43979.1,0.01341127349880791,1,8.042852835481494,0.8042852835481494,Take Profit
2022-03-01 14:33:00,2022-03-01 23:38:00,LONG,43752.75,44304.4,0.026652739322553246,2,14.230650197669686,1.4230650197669685,Take Profit
2022-03-02 00:24:00,2022-03-02 14:43:00,LONG,43902.78,44637.8,0.0669630319005132,5,48.02353473736799,4.802353473736798,Take Profit
2022-03-04 20:00:00,2022-03-09 04:00:00,SHORT,39661.6,41277.9,0.06953392881988052,1,-114.63890572425977,-11.463890572425978,Trend Up
2022-03-10 08:00:00,2022-03-16 12:00:00,SHORT,39177.3,40546.6,0.06953392881988052,1,-97.43021512819939,-9.74302151281994,Trend Up
2022-03-02 15:09:00,2022-03-22 04:26:00,LONG,42143.051999999996,42883.6,0.06953392881988052,5,50.300465843728965,5.030046584372896,Take Profit
2022-03-22 05:12:00,2022-03-22 11:08:00,LONG,42381.92,42891.2,0.057656369736640484,5,28.37405562521692,2.837405562521692,Take Profit
2022-03-22 15:00:00,2022-03-23 23:48:00,LONG,42308.6,42869.5,0.047605645049630746,4,25.885674228155896,2.5885674228155895,Take Profit
2022-03-24 00:31:00,2022-03-24 06:28:00,LONG,42763.4,43350.0,0.01217890069490829,1,6.932961009583476,0.6932961009583476,Take Profit
2022-03-24 07:12:00,2022-03-24 14:46:00,LONG,42923.45,43542.2,0.024358354507756433,2,14.64748531421524,1.464748531421524,Take Profit
2022-03-24 17:59:00,2022-03-25 11:28:00,LONG,43790.5,44335.0,0.012132498007005766,1,6.3909874451584,0.6390987445158399,Take Profit
2022-03-25 14:14:00,2022-03-27 20:34:00,LONG,44421.5,44973.2,0.04775671909501209,4,25.488272933036512,2.5488272933036513,Take Profit
2022-03-28 00:45:00,2022-03-28 13:35:00,LONG,46856.5,47437.8,0.011667479250789804,1,6.5609138696029,0.65609138696029,Take Profit
2022-03-28 14:20:00,2022-03-28 18:52:00,LONG,47396.4,48044.1,0.011601479416182052,1,7.291325162973484,0.7291325162973484,Take Profit
2022-03-28 21:18:00,2022-03-29 12:20:00,LONG,47471.899999999994,48042.8,0.03470655062500293,3,19.147009803667718,1.9147009803667718,Take Profit
2022-03-29 13:48:00,2022-03-29 19:19:00,LONG,47271.46,47849.9,0.059090760072983174,5,33.049464472450026,3.3049464472450025,Take Profit
2022-03-29 19:51:00,2022-04-01 15:01:00,LONG,45633.804,46210.8,0.06074612252323554,5,33.92741894393851,3.392741894393851,Take Profit
2022-04-01 16:36:00,2022-04-02 00:52:00,LONG,46133.700000000004,46800.0,0.024187423371371024,2,15.663291626832343,1.5663291626832343,Take Profit
2022-04-02 01:17:00,2022-04-03 21:59:00,LONG,46230.6,46963.6,0.048583805510888346,4,34.6992612760847,3.46992612760847,Take Profit
2022-04-03 22:48:00,2022-04-04 22:48:00,LONG,46222.939999999995,46804.8,0.06224671834480343,5,35.05349745499387,3.5053497454993865,Take Profit
2022-04-05 00:31:00,2022-04-05 12:26:00,LONG,46510.7,47110.3,0.012917310495063807,1,7.501804023794093,0.7501804023794092,Take Profit
2022-04-07 00:00:00,2022-04-21 12:00:00,SHORT,43199.9,42472.1,0.06453507505205233,1,44.757088042940104,4.47570880429401,Trend Up
2022-04-21 20:00:00,2022-07-18 08:00:00,SHORT,41217.9,22249.4,0.06453507505205233,1,1222.495224337314,122.24952243373141,Trend Up
2022-07-18 20:00:00,2022-07-19 00:00:00,SHORT,21595.7,22368.5,0.06453507505205233,1,-51.00759917886737,-5.100759917886737,Trend Up
2022-07-25 04:00:00,2022-07-27 20:00:00,SHORT,21856.3,22752.7,0.06453507505205233,1,-59.0007793418586,-5.90007793418586,Trend Up
2022-08-19 04:00:00,2022-09-09 16:00:00,SHORT,22764.4,21235.4,0.06453507505205233,1,97.5383175964779,9.75383175964779,Trend Up
2022-09-13 16:00:00,2022-10-04 16:00:00,SHORT,20739.4,20101.7,0.06453507505205233,1,40.09974397921047,4.009974397921047,Trend Up
2022-10-07 16:00:00,2022-10-14 04:00:00,SHORT,19554.0,19798.9,0.06453507505205233,1,-16.820496822254075,-1.6820496822254074,Trend Up
2022-10-14 12:00:00,2022-10-25 16:00:00,SHORT,19600.0,19745.9,0.06453507505205233,1,-10.431343693890748,-1.043134369389075,Trend Up
2022-11-08 08:00:00,2022-12-13 12:00:00,SHORT,19779.3,17442.8,0.06453507505205233,1,149.82535045228227,14.982535045228227,Trend Up
2022-12-16 12:00:00,2023-01-08 16:00:00,SHORT,17009.2,16998.9,0.06453507505205233,1,-0.21317484131498843,-0.021317484131498844,Trend Up
2023-02-13 12:00:00,2023-02-14 16:00:00,SHORT,21593.3,22063.1,0.06453507505205233,1,-31.445525879655104,-3.144552587965511,Trend Up
2023-03-03 04:00:00,2023-03-13 08:00:00,SHORT,22260.0,22463.6,0.06453507505205233,1,-14.293837633636947,-1.4293837633636948,Trend Up
2023-03-13 12:00:00,2023-03-13 16:00:00,SHORT,22113.2,24062.7,0.06453507505205233,1,-127.00311488281446,-12.700311488281447,Trend Up
2023-04-21 16:00:00,2023-04-26 00:00:00,SHORT,28035.9,28305.6,0.06453507505205233,1,-18.85951091395641,-1.885951091395641,Trend Up
2023-04-26 20:00:00,2023-04-27 00:00:00,SHORT,27598.2,28375.8,0.06453507505205233,1,-51.62738887686123,-5.162738887686123,Trend Up
2023-05-01 16:00:00,2023-05-02 16:00:00,SHORT,28161.8,28518.5,0.06453507505205233,1,-24.48280823685625,-2.448280823685625,Trend Up
2023-05-08 04:00:00,2023-05-28 20:00:00,SHORT,28182.6,27533.9,0.06453507505205233,1,40.42563578261109,4.042563578261109,Trend Up
2023-05-31 08:00:00,2023-06-20 00:00:00,SHORT,27139.2,26814.1,0.06453507505205233,1,19.587600793499995,1.9587600793499995,Trend Up
2023-07-24 12:00:00,2023-08-02 00:00:00,SHORT,29242.8,29737.2,0.06453507505205233,1,-33.42865259636279,-3.342865259636279,Trend Up
2023-08-02 16:00:00,2023-08-08 20:00:00,SHORT,29292.0,29892.4,0.06453507505205233,1,-40.27464693961659,-4.027464693961659,Trend Up
2023-08-15 20:00:00,2023-09-18 12:00:00,SHORT,29150.3,27200.6,0.06453507505205233,1,124.3693920046862,12.43693920046862,Trend Up
2023-09-22 00:00:00,2023-09-27 12:00:00,SHORT,26554.9,26785.1,0.06453507505205233,1,-16.232894638292848,-1.6232894638292847,Trend Up
2023-09-27 16:00:00,2023-09-28 16:00:00,SHORT,26280.3,27080.0,0.06453507505205233,1,-52.98614390524631,-5.298614390524631,Trend Up
2023-10-11 16:00:00,2023-10-16 04:00:00,SHORT,26774.1,27228.4,0.06453507505205233,1,-30.712306752346947,-3.0712306752346947,Trend Up
2022-04-05 12:41:00,2024-01-02 00:57:00,LONG,44539.219999999994,45175.1,0.06453507505205233,5,39.87041213650575,3.987041213650575,Take Profit
2024-01-02 05:04:00,2024-01-02 08:17:00,LONG,45160.3,45710.6,0.025508046837648665,1,13.57068292444714,1.3570682924447142,Take Profit
2024-01-02 11:38:00,2024-01-03 16:03:00,LONG,42990.3162,43526.9,0.12749889932811326,5,66.19399116083056,6.6193991160830565,Take Profit
2024-01-04 01:18:00,2024-01-04 05:37:00,LONG,42720.6,43239.3,0.026207017269428427,1,13.14031062492544,1.314031062492544,Take Profit
2024-01-04 07:18:00,2024-01-04 13:51:00,LONG,42917.35,43442.6,0.052321063468911515,2,26.572453374303958,2.6572453374303957,Take Profit
2024-01-04 16:07:00,2024-01-04 19:19:00,LONG,43831.0,44357.5,0.0259807641117226,1,13.217895607187655,1.3217895607187655,Take Profit
2024-01-04 19:46:00,2024-01-04 20:38:00,LONG,43942.1,44516.6,0.02606029450140414,1,14.507592908576196,1.4507592908576197,Take Profit
2024-01-04 22:33:00,2024-01-05 20:54:00,LONG,43589.177777777775,44126.5,0.0467869988014363,2,24.313875566051692,2.4313875566051695,Take Profit
2024-01-06 00:46:00,2024-01-07 13:19:00,LONG,43751.100000000006,44306.6,0.05015723039115301,2,26.973422944665668,2.697342294466567,Take Profit
2024-01-07 15:21:00,2024-01-08 11:55:00,LONG,43959.14,44613.1,0.1259874060202617,5,80.14244854360122,8.014244854360122,Take Profit
2024-01-08 12:29:00,2024-01-08 12:58:00,LONG,44504.9,45115.6,0.02594580802625561,1,15.376880682998491,1.5376880682998493,Take Profit
2024-01-08 13:35:00,2024-01-08 17:53:00,LONG,44923.3,45500.6,0.025870162896556508,1,14.464001866625537,1.4464001866625538,Take Profit
2024-01-08 19:28:00,2024-01-09 13:52:00,LONG,46308.95,46924.9,0.10024028868767369,4,59.86149960811696,5.986149960811696,Take Profit
2024-01-09 18:09:00,2024-01-09 21:11:00,LONG,46567.0,47637.0,0.025730130789338234,1,27.04095744842723,2.7040957448427227,Take Profit
2024-01-09 23:17:00,2024-01-10 17:40:00,LONG,45427.020000000004,45973.5,0.13176677726755165,5,69.58479646728716,6.9584796467287156,Take Profit
2024-01-10 20:10:00,2024-01-10 20:58:00,LONG,45599.2,46208.9,0.02730423095185056,1,16.14271022029102,1.6142710220291019,Take Profit
2024-01-10 21:39:00,2024-01-10 21:58:00,LONG,45278.0,45921.0,0.027670688478116646,1,17.283986417187563,1.7283986417187562,Take Profit
2024-01-10 23:27:00,2024-01-11 10:55:00,LONG,46290.32000000001,46850.0,0.1345952161431443,5,72.80793622047153,7.280793622047153,Take Profit
2024-01-11 13:31:00,2024-01-11 14:01:00,LONG,46875.3,47448.7,0.02765684120249396,1,15.333520281043967,1.5333520281043966,Take Profit
2024-01-13 00:00:00,2024-01-28 08:00:00,SHORT,42822.3,42398.0,0.13573674926595827,1,52.96609211615859,5.296609211615859,Trend Up
2024-01-28 20:00:00,2024-01-29 16:00:00,SHORT,41786.2,42633.4,0.13573674926595827,1,-119.57971080945343,-11.957971080945343,Trend Up
2024-02-01 04:00:00,2024-02-01 16:00:00,SHORT,41965.6,42538.3,0.13573674926595827,1,-82.32455017913314,-8.232455017913313,Trend Up
2024-01-11 15:06:00,2024-02-09 02:18:00,LONG,45136.3992,45804.7,0.13573674926595827,5,88.22602569219798,8.822602569219798,Take Profit
2024-02-09 04:17:00,2024-02-09 08:57:00,LONG,45927.4,46537.6,0.02582934675479354,1,15.280253066760592,1.5280253066760592,Take Profit
2024-02-09 14:17:00,2024-02-09 18:24:00,LONG,47334.4,48128.8,0.02521797280057328,1,19.547673285045757,1.9547673285045757,Take Profit
2024-02-09 18:55:00,2024-02-10 20:41:00,LONG,47226.15,47806.5,0.1010892871315951,4,56.73407778471843,5.673407778471843,Take Profit
2024-02-10 21:11:00,2024-02-11 03:36:00,LONG,47764.3,48410.3,0.025764534185081688,1,16.144981551858745,1.6144981551858746,Take Profit
2024-02-11 06:25:00,2024-02-12 00:30:00,LONG,48150.1,48780.1,0.025720638294923406,1,15.70214000256567,1.570214000256567,Take Profit
2024-02-12 01:03:00,2024-02-12 14:56:00,LONG,48147.46666666667,48725.5,0.07714091853330232,3,43.086530345802046,4.308653034580204,Take Profit
2024-02-12 16:16:00,2024-02-12 17:19:00,LONG,49487.1,50120.0,0.025599704224265288,1,15.688829933249467,1.5688829933249469,Take Profit
2024-02-12 18:39:00,2024-02-13 01:36:00,LONG,49726.4,50368.4,0.02562916613426027,1,15.937564621588345,1.5937564621588345,Take Profit
2024-02-13 02:41:00,2024-02-14 08:52:00,LONG,49488.22,50140.8,0.128283739808229,5,81.14250318766372,8.114250318766372,Take Profit
2024-02-14 10:23:00,2024-02-14 14:31:00,LONG,51274.8,51920.4,0.025772145473845317,1,16.103257077170404,1.6103257077170405,Take Profit
2024-02-14 15:11:00,2024-02-15 00:21:00,LONG,51386.75,52116.6,0.051597773480449145,2,36.58299476615726,3.6582994766157264,Take Profit
2024-02-15 01:10:00,2024-02-15 11:34:00,LONG,51865.299999999996,52495.7,0.0776063108165459,3,47.293419294457784,4.729341929445779,Take Profit
2024-02-15 14:02:00,2024-02-15 14:33:00,LONG,52150.0,52787.9,0.026267532975925406,1,16.201416123750914,1.6201416123750911,Take Profit
2024-02-15 15:03:00,2024-02-16 14:00:00,LONG,51887.275,52527.1,0.10500859071489549,4,64.98080285602154,6.498080285602153,Take Profit
2024-02-16 14:18:00,2024-02-18 22:13:00,LONG,51550.850000000006,52272.1,0.10834299986280657,4,75.877062201797,7.5877062201797,Take Profit
2024-02-18 23:28:00,2024-02-20 13:34:00,LONG,51869.433333333334,52749.3,0.08311032272574029,3,71.37239808366543,7.137239808366543,Take Profit
2024-02-20 14:09:00,2024-02-20 22:43:00,LONG,51634.94,52279.9,0.14113323893006163,5,88.07392113315655,8.807392113315654,Take Profit
2024-02-20 22:59:00,2024-02-26 15:17:00,LONG,51599.58,52251.0,0.14592630416726493,5,92.00939493302197,9.200939493302196,Take Profit
2024-02-26 18:34:00,2024-02-26 19:15:00,LONG,53454.8,54352.5,0.029329508477906753,1,25.691446916798636,2.5691446916798637,Take Profit
2024-02-26 20:21:00,2024-02-27 01:43:00,LONG,54373.7,55062.8,0.029064330230263023,1,19.38808460063325,1.9388084600633249,Take Profit
2024-02-27 03:47:00,2024-02-27 10:20:00,LONG,56082.1,56759.3,0.0564848750590992,2,36.96914060244546,3.696914060244546,Take Profit
2024-02-27 10:36:00,2024-02-27 12:33:00,LONG,56502.0,57318.9,0.028451455879897225,1,22.58967184651439,2.2589671846514388,Take Profit
2024-02-27 12:58:00,2024-02-27 19:34:00,LONG,56585.05,57277.7,0.05696558327982476,2,38.15206822299956,3.815206822299956,Take Profit
2024-02-27 20:04:00,2024-02-28 07:35:00,LONG,57000.7,57715.7,0.05728544537930198,2,39.63658561424965,3.9636585614249644,Take Profit
2024-02-28 09:20:00,2024-02-28 13:06:00,LONG,58925.6,59929.4,0.02810551047359534,1,27.53857286164457,2.7538572861644575,Take Profit
2024-02-28 14:26:00,2024-02-28 14:56:00,LONG,60145.4,60908.3,0.02775893297875015,1,20.50099020246869,2.050099020246869,Take Profit
2024-02-28 17:25:00,2024-02-28 17:56:00,LONG,60888.8,61668.5,0.05434306440176402,2,41.030785207231176,4.103078520723118,Take Profit
2024-02-28 18:23:00,2024-02-28 18:29:00,LONG,59481.7,60332.5,0.028569162012240804,1,23.61718345317315,2.361718345317315,Take Profit
2024-02-28 20:06:00,2024-02-28 22:08:00,LONG,60267.9,61031.4,0.05642702751823206,2,41.70450731525969,4.1704507315259685,Take Profit
2024-02-29 00:03:00,2024-02-29 04:46:00,LONG,61716.0,62551.4,0.08352889213967724,3,67.69009683597216,6.769009683597216,Take Profit
2024-02-29 05:19:00,2024-02-29 05:57:00,LONG,61905.6,62711.8,0.028491722685654967,1,22.255319943287855,2.2255319943287857,Take Profit
2024-02-29 08:24:00,2024-02-29 11:36:00,LONG,62663.35,63428.0,0.056492995198470286,2,41.76407369873096,4.176407369873096,Take Profit
2024-02-29 12:05:00,2024-02-29 14:32:00,LONG,62636.8,63449.9,0.02865322170363715,1,22.570716946517884,2.2570716946517884,Take Profit
2024-02-29 15:56:00,2024-03-01 20:54:00,LONG,62009.200000000004,62827.2,0.11502271100597497,4,91.19795565532085,9.119795565532085,Take Profit
2024-03-02 01:11:00,2024-03-03 12:25:00,LONG,61782.46666666666,62579.1,0.08931516140162177,3,68.9157297778318,6.89157297778318,Take Profit
2024-03-03 13:19:00,2024-03-03 16:49:00,LONG,62073.5,62856.5,0.030338216045785835,1,22.99204153309753,2.2992041533097534,Take Profit
2024-03-03 20:07:00,2024-03-04 00:15:00,LONG,62640.0,63402.7,0.030241357513312455,1,22.298129888199604,2.2298129888199605,Take Profit
2024-03-04 00:49:00,2024-03-04 00:51:00,LONG,62492.7,63391.9,0.030484982019516924,1,26.639095459276543,2.663909545927654,Take Profit
2024-03-04 02:10:00,2024-03-04 02:39:00,LONG,63172.0,63960.0,0.03036198578188965,1,23.14846375188518,2.314846375188518,Take Profit
2024-03-04 03:39:00,2024-03-04 07:47:00,LONG,63512.2,64375.2,0.030375549771796805,1,25.431926616392893,2.543192661639289,Take Profit
2024-03-04 09:05:00,2024-03-04 09:33:00,LONG,64861.6,65667.9,0.029933706722098535,1,23.34927426616548,2.3349274266165483,Take Profit
2024-03-04 10:06:00,2024-03-04 14:35:00,LONG,64996.2,65824.3,0.030045363258725342,1,24.089479312650106,2.4089479312650104,Take Profit
2024-03-04 18:12:00,2024-03-04 19:38:00,LONG,66461.0,67292.1,0.029558517208666757,1,23.770461773780184,2.3770461773780185,Take Profit
2024-03-04 23:27:00,2024-03-05 01:49:00,LONG,67810.6,68697.4,0.02913970596587628,1,25.04036243589067,2.5040362435890673,Take Profit
2024-03-05 02:12:00,2024-03-05 14:42:00,LONG,67310.85999999999,68134.4,0.1458918322831238,5,116.17165857544045,11.617165857544045,Take Profit
2024-03-05 15:05:00,2024-03-05 15:16:00,LONG,67617.1,68432.4,0.030232407759969753,1,23.820931558385645,2.3820931558385645,Take Profit
2024-03-05 15:30:00,2024-03-05 17:57:00,LONG,64821.837499999994,65664.1,0.04910142496424619,2,40.06660859235107,4.006660859235107,Take Profit
2024-03-05 18:20:00,2024-03-05 20:02:00,LONG,61605.780000000006,62473.6,0.0922252889738304,3,77.73029195197459,7.773029195197459,Take Profit
2024-03-05 20:37:00,2024-03-05 21:09:00,LONG,61905.2,62846.1,0.03077839663582813,1,28.185672517524765,2.8185672517524765,Take Profit
2024-03-05 22:17:00,2024-03-05 23:12:00,LONG,62851.2,63640.5,0.030533300352565202,1,23.322672167844832,2.332267216784483,Take Profit
2024-03-05 23:57:00,2024-03-06 04:54:00,LONG,63416.1,64314.9,0.0908279017481588,3,79.29948312398832,7.929948312398833,Take Profit
2024-03-06 08:42:00,2024-03-06 11:59:00,LONG,66556.20000000001,67383.9,0.05881264786107271,2,47.09401840172656,4.709401840172656,Take Profit
2024-03-06 12:40:00,2024-03-06 13:20:00,LONG,65595.26666666666,66401.5,0.09008096200277012,3,70.23366986599626,7.023366986599626,Take Profit
2024-03-06 14:44:00,2024-03-06 16:07:00,LONG,65983.25,66785.9,0.06098612262716632,2,47.321306091828426,4.732130609182843,Take Profit
2024-03-06 20:37:00,2024-03-07 08:16:00,LONG,66164.125,67006.3,0.12259519508997291,4,99.96074825659538,9.996074825659539,Take Profit
2024-03-07 10:35:00,2024-03-07 14:34:00,LONG,66758.3,67625.0,0.0314079743703258,1,26.37170568004397,2.637170568004397,Take Profit
2024-03-07 17:55:00,2024-03-08 14:30:00,LONG,67318.65,68153.0,0.062495651828688374,2,50.439540639634274,5.043954063963428,Take Profit
2024-03-08 16:02:00,2024-03-08 16:46:00,LONG,66889.5,67753.5,0.03190168599539365,1,26.698476347184553,2.6698476347184554,Take Profit
2024-03-08 21:20:00,2024-03-10 01:21:00,LONG,68453.09999999999,69296.6,0.09358438898847266,3,76.3444001237866,7.6344400123786595,Take Profit
2024-03-10 01:42:00,2024-03-10 04:10:00,LONG,68716.7,69550.0,0.03177831964794174,1,25.596800910024204,2.5596800910024204,Take Profit
2024-03-10 05:39:00,2024-03-11 07:02:00,LONG,68726.22,69729.8,0.15831610971332194,5,154.4671411192607,15.446714111926072,Take Profit
2024-03-11 10:42:00,2024-03-11 15:34:00,LONG,71702.8,72579.6,0.031674082392286904,1,26.85227854939756,2.6852278549397557,Take Profit
2024-03-11 17:09:00,2024-03-12 14:06:00,LONG,72075.6,72975.3,0.06314994076900406,2,54.972647360832646,5.497264736083265,Take Profit
2024-03-12 15:00:00,2024-03-12 15:13:00,LONG,71181.4,72036.1,0.032461686899381226,1,26.809638463440503,2.6809638463440506,Take Profit
2024-03-12 15:58:00,2024-03-12 17:48:00,LONG,69525.64615384616,70522.9,0.08422072767424586,3,81.61364861673721,8.161364861673722,Take Profit
2024-03-12 19:54:00,2024-03-13 01:30:00,LONG,71178.45,72054.9,0.06376122683554443,2,54.04580373060774,5.4045803730607735,Take Profit
2024-03-13 03:33:00,2024-03-13 07:06:00,LONG,71987.2,72859.3,0.031976873081312925,1,26.95510597865587,2.695510597865587,Take Profit
2024-03-13 11:29:00,2024-03-15 00:25:00,LONG,71059.38,71968.8,0.06314783302800238,2,55.61003280607554,5.561003280607554,Take Profit
2024-03-15 02:14:00,2024-03-15 18:48:00,LONG,68718.616,69727.2,0.15313903295403047,5,150.18239602147133,15.018239602147132,Take Profit
2024-03-15 19:21:00,2024-03-15 23:34:00,LONG,68676.375,69596.8,0.12080626404306145,4,107.83001382289433,10.783001382289433,Take Profit
2024-03-16 01:35:00,2024-03-17 09:13:00,LONG,66003.12,66799.9,0.1563758489166675,5,120.41879247180275,12.041879247180274,Take Profit
2024-03-17 09:41:00,2024-03-17 10:27:00,LONG,66440.0,67255.9,0.03137637059343067,1,24.75588234998202,2.475588234998202,Take Profit
2024-03-17 11:27:00,2024-03-17 14:59:00,LONG,66837.99999999999,67652.6,0.06252938266207017,2,49.24432499113004,4.924432499113005,Take Profit
2024-03-17 18:22:00,2024-03-18 04:37:00,LONG,67579.025,68434.0,0.12421681003098817,4,102.80200588518058,10.280200588518058,Take Profit
2024-03-18 08:23:00,2024-03-18 12:53:00,LONG,67785.8,68612.0,0.032014308036055636,1,25.571595018201133,2.5571595018201134,Take Profit
2024-03-18 13:20:00,2024-03-18 23:18:00,LONG,67210.32,68033.3,0.16037388479384587,5,127.62019386110057,12.762019386110058,Take Profit
2024-03-18 23:57:00,2024-03-19 17:23:00,LONG,64730.28399999999,65515.3,0.16584965235468985,5,125.84835480130567,12.584835480130568,Take Profit
2024-03-19 17:42:00,2024-03-20 17:15:00,LONG,63384.31,64176.0,0.06679686363681404,2,51.167706764326994,5.116770676432699,Take Profit
2024-03-21 00:07:00,2024-03-23 17:34:00,LONG,65195.732,65994.8,0.15192538352784954,5,117.38819824449408,11.738819824449408,Take Profit
2024-03-23 18:39:00,2024-03-24 12:07:00,LONG,64817.075,65676.0,0.12110272957599537,4,100.83674485400896,10.083674485400895,Take Profit
2024-03-24 13:28:00,2024-03-24 20:11:00,LONG,65292.75,66174.1,0.06199674220922347,2,52.99979729864852,5.299979729864852,Take Profit
2024-03-25 00:03:00,2024-03-25 05:33:00,LONG,66944.0,67766.0,0.030698992731653954,1,24.402432848838245,2.4402432848838242,Take Profit
2024-03-25 05:49:00,2024-03-25 13:58:00,LONG,67155.85,68014.4,0.06137852937601155,2,51.026686856417285,5.102668685641729,Take Profit
2024-03-25 18:32:00,2024-03-26 07:17:00,LONG,70130.16666666667,71008.0,0.08909125914098154,3,75.67680013095807,7.567680013095806,Take Profit
2024-03-26 07:52:00,2024-03-27 13:10:00,LONG,70262.33333333333,71129.0,0.09015183546881221,3,75.56662677761322,7.556662677761322,Take Profit
2024-03-27 13:40:00,2024-03-27 14:39:00,LONG,69384.72499999999,70286.5,0.12279047160195508,4,107.2771725359538,10.72771725359538,Take Profit
2024-03-27 15:12:00,2024-03-28 00:19:00,LONG,69008.15,69906.5,0.06385303047168105,2,55.57687317436761,5.557687317436761,Take Profit
2024-03-28 01:30:00,2024-03-28 06:43:00,LONG,69373.5,70401.5,0.03234000839367271,1,32.33481458832468,3.2334814588324683,Take Profit
2024-03-28 09:57:00,2024-03-28 14:32:00,LONG,70577.5,71437.9,0.03201102719249274,1,26.627567572630735,2.6627567572630735,Take Profit
2024-03-28 16:04:00,2024-03-31 18:39:00,LONG,70182.36,71054.9,0.15961033842416564,5,134.72996603434237,13.472996603434236,Take Profit
2024-04-02 16:00:00,2024-04-02 20:00:00,SHORT,65061.0,65882.3,0.1648133735731848,1,-143.99370652357942,-14.399370652357943,Trend Up
2024-03-31 19:00:00,2024-04-04 14:11:00,LONG,66822.5632,67673.0,0.1648133735731848,5,135.7019918468559,13.570199184685588,Take Profit
2024-04-04 18:55:00,2024-04-05 00:54:00,LONG,67766.28000000001,68582.0,0.15898108725739096,5,125.32275612708229,12.53227561270823,Take Profit
2024-04-05 01:20:00,2024-04-05 14:43:00,LONG,67406.48,68220.9,0.16414198653204148,5,129.20135105182342,12.920135105182343,Take Profit
2024-04-05 16:31:00,2024-04-06 17:45:00,LONG,67619.75,68482.6,0.06798708769215857,2,56.80028560254461,5.680028560254461,Take Profit
2024-04-06 20:03:00,2024-04-06 22:54:00,LONG,68213.2,69042.4,0.03418575910416628,1,27.402724707425186,2.740272470742519,Take Profit
2024-04-06 23:32:00,2024-04-07 15:25:00,LONG,69063.5,69909.1,0.033956503815668816,1,27.76407217816976,2.776407217816976,Take Profit
2024-04-07 15:36:00,2024-04-07 16:38:00,LONG,69458.0,70295.2,0.033956750933834455,1,27.473793242508474,2.7473793242508475,Take Profit
2024-04-07 17:02:00,2024-04-08 07:34:00,LONG,69494.33333333333,70426.4,0.10167613912358558,3,91.90466629470725,9.190466629470725,Take Profit
2024-04-08 12:28:00,2024-04-10 19:59:00,LONG,69230.615,70121.0,0.1334643656132974,4,115.09120726412709,11.509120726412709,Take Profit
2024-04-10 22:52:00,2024-04-12 04:45:00,LONG,70225.93333333332,71119.0,0.09843669841535516,3,85.11024630963387,8.511024630963385,Take Profit
2024-04-13 20:00:00,2024-04-22 20:00:00,SHORT,64818.4,66463.0,0.16614448044990893,1,-281.9658845462147,-28.19658845462147,Trend Up
2024-04-24 16:00:00,2024-05-05 16:00:00,SHORT,64695.4,64402.1,0.16614448044990893,1,40.15064129000592,4.015064129000592,Trend Up
2024-05-06 16:00:00,2024-05-15 16:00:00,SHORT,63537.2,64748.2,0.16614448044990893,1,-209.7265302777632,-20.97265302777632,Trend Up
2024-04-12 05:11:00,2024-05-20 16:39:00,LONG,67233.0052,68066.1,0.16614448044990893,5,133.89057998322122,13.389057998322121,Take Profit
2024-05-20 21:08:00,2024-05-20 23:13:00,LONG,69111.9,70006.4,0.02956021278848962,1,25.613848707081516,2.5613848707081517,Take Profit
2024-05-21 01:23:00,2024-05-24 17:53:00,LONG,67963.624,68791.9,0.14512533677122183,5,116.21045437766735,11.621045437766735,Take Profit
2024-05-24 20:18:00,2024-05-25 11:12:00,LONG,68703.2,69534.8,0.08642613870900619,3,69.46812724244884,6.946812724244884,Take Profit
2024-05-25 11:55:00,2024-05-27 15:00:00,LONG,68799.86666666667,69786.5,0.08753715846515533,3,83.92351368331283,8.392351368331283,Take Profit
2024-05-27 17:21:00,2024-05-30 17:14:00,LONG,68042.06,68919.7,0.11735761112219997,4,99.76243328478404,9.976243328478404,Take Profit
2024-05-30 19:17:00,2024-06-03 08:26:00,LONG,68435.78000000001,69284.2,0.1432298128282598,5,117.54961260056757,11.754961260056756,Take Profit
2024-06-03 09:18:00,2024-06-03 13:31:00,LONG,68993.2,69861.6,0.029546667947420946,1,24.832655446550387,2.4832655446550387,Take Profit
2024-06-03 14:32:00,2024-06-04 14:07:00,LONG,69148.3,69982.6,0.08865958703564375,3,71.48684209756559,7.148684209756559,Take Profit
2024-06-04 17:36:00,2024-06-05 01:35:00,LONG,70420.6,71339.1,0.02960845383344378,1,26.35046866647034,2.635046866647034,Take Profit
2024-06-05 02:13:00,2024-06-05 15:36:00,LONG,70803.1,71727.6,0.029628692943385833,1,26.5416486117738,2.6541648611773803,Take Profit
2024-06-05 16:47:00,2024-06-07 12:01:00,LONG,71002.92,71891.2,0.14776975880979745,5,127.01158324174796,12.701158324174797,Take Profit
2024-06-07 12:24:00,2024-06-12 14:33:00,LONG,69095.63,69953.1,0.060564019744982996,2,50.237173638881536,5.023717363888154,Take Profit
2024-06-11 12:00:00,2024-06-12 16:00:00,SHORT,66916.1,69783.3,0.1514100493624575,1,-442.40195869276505,-44.240195869276505,Trend Up
2024-06-13 04:00:00,2024-07-15 04:00:00,SHORT,67475.7,62635.9,0.1514100493624575,1,724.9142753929699,72.49142753929699,Trend Up
2024-07-15 09:07:00,2024-07-15 16:42:00,LONG,62617.9,63430.3,0.0351208418582462,1,27.64108171151082,2.764108171151082,Take Profit
2024-07-15 17:37:00,2024-07-15 22:12:00,LONG,63300.0,64172.0,0.03495377670740208,1,29.58247178530765,2.9582471785307654,Take Profit
2024-07-16 02:14:00,2024-07-16 15:42:00,LONG,63865.999999999985,64711.1,0.17243878765661652,5,141.26453799583845,14.126453799583846,Take Profit
2024-07-16 19:46:00,2024-07-16 23:30:00,LONG,64433.700000000004,65322.4,0.07102462305589548,2,61.26378297493154,6.1263782974931535,Take Profit
2024-07-17 01:52:00,2024-07-19 14:09:00,LONG,64488.85999999999,65300.2,0.1771640479806992,5,139.11273958228145,13.911273958228145,Take Profit
2024-07-19 18:24:00,2024-07-19 19:32:00,LONG,66398.2,67201.3,0.0360301999822849,1,27.967343094545402,2.79673430945454,Take Profit
2024-07-19 22:48:00,2024-07-20 17:16:00,LONG,66592.6,67397.6,0.07207370887142073,2,56.0762976410807,5.60762976410807,Take Profit
2024-07-20 18:05:00,2024-07-21 19:30:00,LONG,66692.58,67530.3,0.18105533795922668,5,146.78298919960838,14.678298919960838,Take Profit
2024-07-21 21:13:00,2024-07-22 00:47:00,LONG,67566.6,68403.4,0.037058255805252,1,29.996384179774854,2.999638417977485,Take Profit
2024-07-22 00:57:00,2024-07-25 21:24:00,LONG,64936.95200000001,65738.0,0.18484982837016453,5,143.21292210930218,14.321292210930217,Take Profit
2024-07-25 22:15:00,2024-07-26 02:21:00,LONG,65769.0,66563.2,0.0368969689998607,1,28.321180648916652,2.8321180648916653,Take Profit
2024-07-26 14:32:00,2024-07-26 19:26:00,LONG,67022.1,67833.9,0.03641115406896332,1,28.57061063958454,2.857061063958454,Take Profit
2024-07-26 20:14:00,2024-07-27 13:10:00,LONG,67702.7,68739.7,0.03624891243692547,1,36.5934264505955,3.6593426450595503,Take Profit
2024-07-27 14:11:00,2024-07-27 21:22:00,LONG,68193.65999999999,69094.0,0.17900784458331573,5,156.2205755866886,15.622057558668859,Take Profit
2024-07-27 22:06:00,2024-07-29 02:17:00,LONG,68174.22,69036.6,0.18561409412308427,5,154.94421610173117,15.494421610173118,Take Profit
2024-08-01 04:00:00,2024-08-02 00:00:00,SHORT,63939.1,65375.0,0.18912766640140616,1,-281.3511657720986,-28.135116577209864,Trend Up
2024-08-02 08:00:00,2024-08-21 20:00:00,SHORT,64172.9,61610.1,0.18912766640140616,1,475.18076534833705,47.5180765348337,Trend Up
2024-08-22 16:00:00,2024-08-23 16:00:00,SHORT,60349.8,61427.5,0.18912766640140616,1,-213.03546870866043,-21.303546870866043,Trend Up
2024-08-28 00:00:00,2024-09-13 16:00:00,SHORT,59350.1,59672.7,0.18912766640140616,1,-70.01678694611786,-7.001678694611786,Trend Up
2024-09-16 04:00:00,2024-09-17 16:00:00,SHORT,58521.2,61114.2,0.18912766640140616,1,-499.45858458724564,-49.945858458724565,Trend Up
2024-10-02 00:00:00,2024-10-04 20:00:00,SHORT,60804.6,62294.5,0.18912766640140616,1,-291.09388837910063,-29.10938883791006,Trend Up
2024-10-09 20:00:00,2024-10-11 16:00:00,SHORT,60965.3,62321.6,0.18912766640140616,1,-265.84063941817175,-26.584063941817178,Trend Up
2024-07-29 03:18:00,2024-10-15 13:48:00,LONG,66008.16,66822.8,0.18912766640140616,5,149.01574606667825,14.901574606667825,Take Profit
2024-10-15 14:36:00,2024-10-15 15:31:00,LONG,65354.86666666667,66243.2,0.08715524550223003,3,75.11353281093926,7.511353281093926,Take Profit
2024-10-15 18:34:00,2024-10-16 02:07:00,LONG,66725.45,67526.6,0.05871709419098167,2,45.45521371806679,4.545521371806679,Take Profit
2024-10-16 03:16:00,2024-10-16 11:21:00,LONG,67071.9,67890.0,0.02962080520087111,1,23.428398148797974,2.3428398148797975,Take Profit
2024-10-16 12:01:00,2024-10-18 01:56:00,LONG,67294.16666666667,68135.9,0.08855476671846546,3,72.12599548062764,7.212599548062763,Take Profit
2024-10-18 03:38:00,2024-10-18 15:29:00,LONG,67794.9,68643.3,0.02998620386760676,1,24.61695456609972,2.4616954566099722,Take Profit
2024-10-18 16:08:00,2024-10-20 22:33:00,LONG,68335.6,69166.5,0.05969387206330598,2,47.94811181657393,4.794811181657392,Take Profit
2024-10-21 00:52:00,2024-10-24 00:48:00,LONG,66327.33599999998,67160.5,0.1496903221226261,5,120.69527678941182,12.069527678941181,Take Profit
2024-10-24 03:17:00,2024-10-24 13:55:00,LONG,67109.8,67929.9,0.059389155001713975,2,47.091326272764746,4.709132627276475,Take Profit
2024-10-24 15:05:00,2024-10-24 21:09:00,LONG,67586.5,68419.1,0.029902737699565536,1,24.078652048282304,2.4078652048282305,Take Profit
2024-10-24 22:31:00,2024-10-25 14:30:00,LONG,67892.29999999999,68713.9,0.11907282673115462,4,94.55745111882857,9.455745111882857,Take Profit
2024-10-25 15:26:00,2024-10-27 22:10:00,LONG,67344.62000000001,68174.8,0.15221961993581679,5,122.21866722023519,12.221866722023519,Take Profit
2024-10-27 23:27:00,2024-10-28 10:25:00,LONG,67839.6,68674.9,0.06279220251952833,2,50.72542747303794,5.072542747303794,Take Profit
2024-10-28 11:03:00,2024-10-28 19:04:00,LONG,68507.9,69344.0,0.03155677310935065,1,25.509308846930338,2.550930884693034,Take Profit
2024-10-28 20:29:00,2024-10-29 01:55:00,LONG,69404.1,70337.1,0.03132683131501235,1,28.34655823015166,2.8346558230151664,Take Profit
2024-10-29 02:57:00,2024-10-29 15:25:00,LONG,71131.9,72057.3,0.03075904018139078,1,27.57785042943428,2.757785042943428,Take Profit
2024-10-29 17:46:00,2024-10-29 19:08:00,LONG,72586.5,73484.0,0.030326580089952423,1,26.326698266200275,2.6326698266200275,Take Profit
2024-10-29 19:21:00,2024-11-01 13:38:00,LONG,69897.675,70756.5,0.12133978726144594,4,100.77541133186516,10.077541133186516,Take Profit
2024-11-01 15:21:00,2024-11-05 14:23:00,LONG,68301.62666666668,69261.5,0.09001875538062744,3,83.91266917940165,8.391266917940165,Take Profit
2024-11-05 15:28:00,2024-11-05 16:34:00,LONG,69489.0,70419.8,0.029198843912277707,1,26.35581321413465,2.635581321413465,Take Profit
2024-11-05 17:30:00,2024-11-06 00:30:00,LONG,69500.96666666667,70464.6,0.0873920918048684,3,81.75071321602051,8.17507132160205,Take Profit
2024-11-06 01:17:00,2024-11-06 02:15:00,LONG,70666.6,71621.3,0.029454242331887013,1,27.276144703722533,2.7276144703722536,Take Profit
2024-11-06 04:59:00,2024-11-06 06:21:00,LONG,74276.3,75210.0,0.02820082512578244,1,25.48271679685894,2.5482716796858944,Take Profit
2024-11-06 07:42:00,2024-11-06 09:38:00,LONG,73195.64999999998,74101.4,0.05740498573983348,2,50.29304990973433,5.029304990973433,Take Profit
2024-11-06 10:07:00,2024-11-06 11:30:00,LONG,73455.1,74380.1,0.029014752427062234,1,25.975397920232517,2.5975397920232517,Take Profit
2024-11-06 19:34:00,2024-11-06 20:11:00,LONG,75060.3,75985.7,0.028561609581323474,1,25.562803947691147,2.556280394769115,Take Profit
2024-11-07 00:06:00,2024-11-07 15:48:00,LONG,74950.26666666668,75903.6,0.08576002167806034,3,79.15408958050665,7.915408958050666,Take Profit
2024-11-07 18:07:00,2024-11-07 20:18:00,LONG,75839.1,76795.8,0.028936091205269576,1,26.794290346888662,2.6794290346888663,Take Profit
2024-11-07 21:16:00,2024-11-08 18:39:00,LONG,76056.5,77008.0,0.05789967468563828,2,53.30804520410817,5.330804520410816,Take Profit
2024-11-08 20:15:00,2024-11-10 02:24:00,LONG,76266.16666666667,77229.9,0.08733745230960532,3,81.47198895592581,8.147198895592581,Take Profit
2024-11-10 02:57:00,2024-11-10 04:45:00,LONG,77098.3,78080.9,0.02947694659280106,1,28.043413114398927,2.804341311439893,Take Profit
2024-11-10 05:53:00,2024-11-10 11:19:00,LONG,79009.4,79996.0,0.05766013239944751,2,55.04245464472477,5.504245464472477,Take Profit
2024-11-10 14:35:00,2024-11-10 17:51:00,LONG,79568.6,80666.3,0.0290667391708294,1,30.968677067029,3.0968677067029002,Take Profit
2024-11-10 18:56:00,2024-11-10 22:16:00,LONG,79600.5,80857.3,0.08660211391480843,3,106.04057152595395,10.604057152595395,Take Profit
2024-11-10 23:40:00,2024-11-11 01:38:00,LONG,80080.3,81192.5,0.029713463766024042,1,32.082310237842684,3.2082310237842684,Take Profit
2024-11-11 04:27:00,2024-11-11 10:10:00,LONG,81143.55,82166.4,0.05884077322304251,2,58.251391087607,5.8251391087607,Take Profit
2024-11-11 12:20:00,2024-11-11 15:14:00,LONG,81903.2,82965.2,0.029586135103656062,1,30.438627633642,3.0438627633642,Take Profit
2024-11-11 16:32:00,2024-11-11 18:39:00,LONG,84058.7,85163.6,0.02900275420165265,1,31.05715153431512,3.105715153431512,Take Profit
2024-11-11 22:16:00,2024-11-11 23:00:00,LONG,87124.3,88316.2,0.028154886795241914,1,32.5631965259743,3.2563196525974303,Take Profit
2024-11-11 23:36:00,2024-11-12 00:55:00,LONG,87709.96666666667,88828.9,0.08368187049322279,3,90.66108688820678,9.066108688820679,Take Profit
2024-11-12 02:18:00,2024-11-12 04:24:00,LONG,87504.29999999999,88672.4,0.14235709797558727,5,161.23806793147213,16.123806793147214,Take Profit
2024-11-12 09:08:00,2024-11-12 18:53:00,LONG,87725.95999999999,88794.5,0.14594147966658497,5,150.76078839643208,15.076078839643209,Take Profit
2024-11-12 21:12:00,2024-11-13 13:30:00,LONG,87566.93999999999,88734.9,0.14969846966198458,5,169.52843313216877,16.952843313216878,Take Profit
2024-11-13 16:35:00,2024-11-14 08:14:00,LONG,90316.4,91426.6,0.14876733555467297,5,159.72097926047053,15.972097926047052,Take Profit
2024-11-14 08:47:00,2024-11-14 11:50:00,LONG,90432.0,91636.1,0.03121562767122984,1,36.44254592739059,3.644254592739059,Take Profit
2024-11-14 14:38:00,2024-11-15 12:07:00,LONG,88922.42,89990.3,0.15715030495658394,5,162.1608664217838,16.21608664217838,Take Profit
2024-11-15 12:35:00,2024-11-15 19:38:00,LONG,89047.78,90159.3,0.16233582972437685,5,174.5850875460924,17.45850875460924,Take Profit
2024-11-16 03:33:00,2024-11-18 06:42:00,LONG,90274.23999999999,91410.9,0.16451324477354493,5,180.98030329763014,18.098030329763017,Take Profit
2024-11-18 07:31:00,2024-11-18 15:39:00,LONG,90528.57999999999,91849.7,0.1687618547839689,5,216.75437129885825,21.675437129885825,Take Profit
2024-11-18 16:46:00,2024-11-18 20:24:00,LONG,90613.25,91818.7,0.13988033728492139,4,163.48130029008286,16.348130029008285,Take Profit
2024-11-18 21:45:00,2024-11-19 05:59:00,LONG,90849.47500000002,91946.0,0.14328400558018622,4,151.84473774798047,15.184473774798047,Take Profit
2024-11-19 08:39:00,2024-11-19 13:02:00,LONG,91550.1,92661.7,0.03657670969002854,1,39.3029664513216,3.93029664513216,Take Profit
2024-11-19 13:31:00,2024-11-19 16:27:00,LONG,91457.03333333333,92599.9,0.10988786415681139,3,121.51693492316099,12.151693492316099,Take Profit
2024-11-19 17:22:00,2024-11-19 18:28:00,LONG,92444.7,93744.6,0.037063581325736804,1,46.789145122946124,4.678914512294612,Take Profit
2024-11-19 19:03:00,2024-11-20 09:12:00,LONG,92360.96666666667,93483.0,0.11097312297032164,3,120.3659028949452,12.03659028949452,Take Profit
2024-11-20 09:34:00,2024-11-20 13:16:00,LONG,93113.0,94264.3,0.03766578240716826,1,41.944399840347316,4.194439984034731,Take Profit
2024-11-20 14:40:00,2024-11-21 00:27:00,LONG,93583.16666666667,94730.4,0.11265508520400794,3,124.9729244021796,12.49729244021796,Take Profit
2024-11-21 02:02:00,2024-11-21 03:28:00,LONG,94491.3,95677.5,0.037969873424088425,1,43.586718829840294,4.358671882984029,Take Profit
2024-11-21 05:51:00,2024-11-21 11:09:00,LONG,97066.3,98387.0,0.03717972659463018,1,47.640064209341624,4.764006420934162,Take Profit
2024-11-21 12:17:00,2024-11-21 18:22:00,LONG,96991.73333333332,98215.4,0.11142313365443599,3,131.96738749202916,13.196738749202916,Take Profit
2024-11-21 19:48:00,2024-11-22 03:17:00,LONG,98082.4,99262.3,0.037680756355172915,1,42.96341300684722,4.2963413006847215,Take Profit
2024-11-22 04:15:00,2024-11-22 17:18:00,LONG,98064.23333333334,99245.3,0.11294479911963196,3,128.91164122473282,12.891164122473281,Take Profit
2024-11-22 19:40:00,2024-11-27 19:56:00,LONG,95414.512,96654.7,0.19070450868515731,5,229.13644838698232,22.913644838698232,Take Profit
2024-11-27 22:47:00,2024-11-29 02:43:00,LONG,95546.075,96817.0,0.15181037684875545,4,187.0604730943586,18.70604730943586,Take Profit
2024-11-29 03:17:00,2024-11-29 12:11:00,LONG,96311.2,97468.3,0.0774944158795607,2,86.64748902413062,8.664748902413063,Take Profit
2024-11-29 15:32:00,2024-12-02 01:30:00,LONG,97047.2,98245.3,0.15468545634185676,4,179.24979761760244,17.924979761760245,Take Profit
2024-12-02 03:08:00,2024-12-04 08:12:00,LONG,95688.78,96870.0,0.11910815762948485,3,136.07773506327297,13.607773506327298,Take Profit
2024-12-04 11:52:00,2024-12-04 19:54:00,LONG,95855.75,97090.4,0.0767747758081171,2,91.80833947424317,9.180833947424318,Take Profit
2024-12-04 21:14:00,2024-12-05 02:29:00,LONG,97905.84999999999,99353.2,0.07611454243473288,2,107.13949364994049,10.713949364994049,Take Profit
2024-12-05 04:17:00,2024-12-05 14:43:00,LONG,102239.13333333332,103496.4,0.11064312912768123,3,134.5274519281505,13.45274519281505,Take Profit
2024-12-05 15:20:00,2024-12-06 16:12:00,LONG,98371.10859999999,99552.0,0.18744451186370023,5,213.88742161902098,21.3887421619021,Take Profit
2024-12-06 18:42:00,2024-12-11 08:30:00,LONG,96837.63500000001,98000.0,0.14738185507987622,4,165.5341412607878,16.55341412607878,Take Profit
2024-12-11 11:40:00,2024-12-11 14:51:00,LONG,98162.8,99355.2,0.036417072198499476,1,41.97642669281202,4.197642669281202,Take Profit
2024-12-11 17:57:00,2024-12-11 20:00:00,LONG,99936.4,101248.5,0.03597362950634913,1,45.74408886445146,4.574408886445147,Take Profit
2024-12-11 20:57:00,2024-12-12 16:02:00,LONG,100906.5,102248.8,0.0715114527203079,2,93.06503889570622,9.306503889570623,Take Profit
2024-12-12 16:30:00,2024-12-14 01:03:00,LONG,100675.11999999997,101961.1,0.18007724568589834,5,224.23138678511688,22.42313867851169,Take Profit
2024-12-14 02:10:00,2024-12-15 04:21:00,LONG,101390.5,102650.3,0.07413632888094548,2,90.35290056400424,9.035290056400424,Take Profit
2024-12-15 05:51:00,2024-12-15 12:39:00,LONG,101836.5,103104.2,0.07468975196710821,2,91.60386771879602,9.160386771879603,Take Profit
2024-12-15 13:17:00,2024-12-15 23:08:00,LONG,102579.6,103833.3,0.03761723605849839,1,45.59836014380617,4.5598360143806165,Take Profit
2024-12-16 02:17:00,2024-12-16 14:46:00,LONG,104175.3,105590.2,0.14798049402679306,4,203.12748501435348,20.312748501435347,Take Profit
2024-12-16 18:50:00,2024-12-17 14:20:00,LONG,106291.78,107568.2,0.18564664561140035,5,228.9752211895208,22.89752211895208,Take Profit
2024-12-20 12:00:00,2024-12-20 16:00:00,SHORT,92734.8,96866.8,0.19075090711165904,1,-802.649419061304,-80.2649419061304,Trend Up
2024-12-22 16:00:00,2024-12-24 16:00:00,SHORT,95263.3,98167.5,0.19075090711165904,1,-568.7376246590131,-56.873762465901315,Trend Up
2024-12-26 12:00:00,2024-12-27 12:00:00,SHORT,95614.0,96968.3,0.19075090711165904,1,-273.0280528687802,-27.30280528687802,Trend Up
2024-12-27 16:00:00,2025-01-02 12:00:00,SHORT,94638.9,96718.9,0.19075090711165904,1,-411.36255636540733,-41.13625563654073,Trend Up
2025-01-08 08:00:00,2025-01-14 12:00:00,SHORT,95633.2,96589.0,0.19075090711165904,1,-196.98634062412378,-19.698634062412378,Trend Up
2024-12-17 15:11:00,2025-01-17 12:46:00,LONG,101620.79699999999,102860.0,0.19075090711165904,5,228.53084102328876,22.853084102328875,Take Profit
2025-01-17 13:18:00,2025-01-17 15:07:00,LONG,102564.9,103913.1,0.027216095931475184,1,35.56149697556037,3.5561496975560365,Take Profit
2025-01-17 17:36:00,2025-01-17 19:51:00,LONG,104439.0,105759.7,0.02689262270663659,1,34.379424524788035,3.437942452478804,Take Profit
2025-01-17 20:08:00,2025-01-19 02:24:00,LONG,103760.74,105011.2,0.13423989886138443,5,162.22294678328066,16.222294678328065,Take Profit
2025-01-19 02:57:00,2025-01-19 14:28:00,LONG,104293.29999999999,105573.2,0.05539187652094762,2,68.55690369583282,6.855690369583281,Take Profit
2025-01-19 15:05:00,2025-01-19 19:56:00,LONG,104648.6,105910.9,0.02806263405404381,1,34.234607434805405,3.4234607434805406,Take Profit
2025-01-19 20:16:00,2025-01-20 05:23:00,LONG,101527.78461538462,102781.4,0.0726759352016336,3,88.11977671354475,8.811977671354475,Take Profit
2025-01-20 10:56:00,2025-01-20 13:46:00,LONG,106622.07500000001,107956.6,0.10649580475570167,4,137.52254384332642,13.752254384332641,Take Profit
2025-01-20 14:30:00,2025-01-20 16:42:00,LONG,105563.54000000001,106954.6,0.13679232628358834,5,184.4341059837558,18.443410598375582,Take Profit
2025-01-20 17:04:00,2025-01-20 17:54:00,LONG,103041.0,104371.6,0.057918174249342265,2,74.6479176499821,7.4647917649982105,Take Profit
2025-01-20 21:59:00,2025-01-21 02:25:00,LONG,101399.75,102627.9,0.05970899055683901,2,70.8804734275942,7.0880473427594195,Take Profit
2025-01-21 04:35:00,2025-01-21 10:28:00,LONG,101934.5,103198.9,0.030381103492955745,1,37.15974867198939,3.7159748671989394,Take Profit
2025-01-21 14:35:00,2025-01-21 16:09:00,LONG,103622.85000000002,105071.7,0.05996130889368009,2,84.35484772673337,8.435484772673336,Take Profit
2025-01-21 16:37:00,2025-01-21 17:47:00,LONG,104809.0,106141.3,0.03010979823621826,1,38.83692693910171,3.8836926939101706,Take Profit
2025-01-21 20:33:00,2025-01-23 14:34:00,LONG,102708.10999999999,104037.3,0.11933457262468394,4,153.65222189399523,15.365222189399525,Take Profit
2025-01-23 15:11:00,2025-01-23 15:22:00,LONG,102640.3,104078.4,0.029737498360061686,1,41.52748389187731,4.152748389187731,Take Profit
2025-01-23 17:01:00,2025-01-23 17:47:00,LONG,104519.8,105853.2,0.029395569468383915,1,37.95140629152265,3.7951406291522654,Take Profit
2025-01-23 18:11:00,2025-01-23 20:25:00,LONG,104610.83333333334,106077.2,0.08797295617146725,3,125.2678405514093,12.52678405514093,Take Profit
2025-01-23 20:53:00,2025-01-23 22:31:00,LONG,103048.8,104559.0,0.030583311950100688,1,44.90781350136574,4.490781350136574,Take Profit
2025-01-24 00:00:00,2025-01-24 05:06:00,LONG,103490.04999999999,104795.3,0.06113803441671197,2,77.23762795917033,7.7237627959170325,Take Profit
2025-01-24 07:27:00,2025-01-24 14:43:00,LONG,104643.9,105919.4,0.030682634791390318,1,37.83574616940908,3.783574616940908,Take Profit
2025-01-24 16:58:00,2025-01-24 18:06:00,LONG,105605.9,106918.1,0.030576192142845283,1,38.81441998218276,3.881441998218276,Take Profit
2025-01-27 08:00:00,2025-01-27 16:00:00,SHORT,99001.6,101000.0,0.15265546185766918,1,-317.27920962447433,-31.72792096244743,Trend Up
2025-01-24 18:46:00,2025-01-28 04:35:00,LONG,101929.628,103262.8,0.15265546185766918,5,197.210535225027,19.7210535225027,Take Profit
2025-01-28 05:18:00,2025-01-29 08:05:00,LONG,101712.4,102935.4,0.11607377432489804,4,137.17898584349305,13.717898584349305,Take Profit
2025-01-29 10:00:00,2025-01-29 19:40:00,LONG,101950.15000000001,103825.4,0.059636637641393084,2,109.35688563391244,10.935688563391244,Take Profit
2025-01-29 21:44:00,2025-01-30 03:51:00,LONG,103850.0,105104.1,0.029878139157558103,1,36.214048347161835,3.6214048347161834,Take Profit
2025-01-30 04:35:00,2025-01-30 14:52:00,LONG,104832.7,106136.1,0.029764865416379502,1,37.53187489078154,3.753187489078154,Take Profit
2025-02-02 04:00:00,2025-02-03 20:00:00,SHORT,99084.1,101830.0,0.14854427153944638,1,-419.82557067076635,-41.982557067076634,Trend Up
2025-01-30 15:25:00,2025-02-03 22:07:00,LONG,100783.3828,102018.0,0.14854427153944638,5,177.3336368065055,17.733363680650548,Take Profit
2025-02-04 00:49:00,2025-02-10 05:49:00,LONG,96245.3152,97404.0,0.0278789556113219,1,31.21671338976739,3.1216713389767388,Take Profit
2025-02-04 08:00:00,2025-03-24 12:00:00,SHORT,98301.0,87532.3,0.1393947780566095,1,1490.7388698145992,149.0738869814599,Trend Up
2025-03-25 04:00:00,2025-03-25 16:00:00,SHORT,86375.8,87795.9,0.20105346280464625,1,-299.5231518919052,-29.952315189190514,Trend Up
2025-03-26 16:00:00,2025-03-27 04:00:00,SHORT,86624.5,87610.0,0.20105346280464625,1,-212.15036741999333,-21.21503674199933,Trend Up
2025-03-24 20:39:00,2025-04-01 15:14:00,LONG,83639.80200000001,84865.8,0.08042138512185851,2,95.86644724243781,9.586644724243781,Take Profit
2025-03-28 08:00:00,2025-04-02 16:00:00,SHORT,85217.9,86699.1,0.20105346280464625,1,-311.6261923722389,-31.162619237223893,Trend Up
2025-04-03 00:00:00,2025-04-12 16:00:00,SHORT,82487.7,84993.0,0.20105346280464625,1,-517.1682702396593,-51.71682702396593,Trend Up
2025-04-12 22:51:00,2025-04-15 08:16:00,LONG,84869.23333333332,85894.8,0.09900010151517546,3,98.12976654273118,9.812976654273116,Take Profit
2025-04-16 08:00:00,2025-04-16 16:00:00,SHORT,83294.2,84910.0,0.1668935199676093,1,-280.89542596819786,-28.089542596819783,Trend Up
2025-04-15 09:32:00,2025-04-21 00:26:00,LONG,84841.6,85918.1,0.1668935199676093,5,173.92520458995978,17.39252045899598,Take Profit
2025-04-21 04:30:00,2025-04-21 14:25:00,LONG,87010.7,88198.5,0.032220026866346285,1,37.13424469601764,3.7134244696017635,Take Profit
2025-04-21 15:46:00,2025-04-22 01:18:00,LONG,87128.19999999998,88340.3,0.16049451175138074,5,188.86414436726366,18.88641443672637,Take Profit
2025-04-22 02:19:00,2025-04-22 13:08:00,LONG,88163.1,89289.8,0.03304249588761227,1,36.04883697685036,3.604883697685036,Take Profit
2025-04-22 15:33:00,2025-04-22 21:22:00,LONG,90635.2,91792.9,0.03233369222888831,1,36.24551414242505,3.624551414242505,Take Profit
2025-04-23 01:49:00,2025-04-23 07:58:00,LONG,92793.0,94079.9,0.031770794185364944,1,39.69023778119407,3.969023778119407,Take Profit
2025-04-23 09:59:00,2025-04-23 18:10:00,LONG,92918.33333333331,94108.1,0.09485433054217943,3,109.28389633843081,10.92838963384308,Take Profit
2025-04-23 18:44:00,2025-04-24 23:32:00,LONG,92720.98000000001,93881.8,0.16125949641844275,5,181.1375159161127,18.113751591611273,Take Profit
2025-04-25 00:10:00,2025-04-25 11:58:00,LONG,93333.40000000001,94559.3,0.06639932356437003,2,78.8874613348727,7.8887461334872695,Take Profit
2025-04-25 12:29:00,2025-04-25 14:55:00,LONG,94427.8,95620.2,0.033316720448560516,1,38.452556873809186,3.8452556873809183,Take Profit
2025-04-25 15:36:00,2025-04-28 11:06:00,LONG,94121.4,95285.1,0.1333666974810679,4,150.11568221625893,15.011568221625893,Take Profit
2025-04-28 13:29:00,2025-05-01 09:50:00,LONG,94333.20000000001,95625.7,0.17037354951830136,5,213.69097677873313,21.369097677873313,Take Profit
2025-05-01 10:49:00,2025-05-01 15:10:00,LONG,95882.4,97154.4,0.034842683429947584,1,42.96584532168273,4.296584532168273,Take Profit
2025-05-01 16:52:00,2025-05-07 00:20:00,LONG,95983.20000000001,97181.5,0.17312829917970976,5,200.729693784351,20.0729693784351,Take Profit
2025-05-07 01:41:00,2025-05-08 01:00:00,LONG,96699.79999999999,98145.2,0.10670802999685872,3,150.04663417920145,15.004663417920144,Take Profit
2025-05-08 05:54:00,2025-05-08 15:23:00,LONG,98714.8,99935.5,0.0357759507759657,1,42.24158810071262,4.224158810071262,Take Profit
2025-05-08 17:41:00,2025-05-08 20:52:00,LONG,101112.4,102380.6,0.03512952216092709,1,43.112627381868535,4.311262738186854,Take Profit
2025-05-08 23:26:00,2025-05-09 07:47:00,LONG,102765.3,104049.9,0.034767340767517335,1,43.21511061790203,4.321511061790203,Take Profit
2025-05-09 08:39:00,2025-05-10 23:15:00,LONG,102948.05,104444.3,0.06960662533859902,2,101.24090705933787,10.124090705933787,Take Profit
2025-05-11 00:29:00,2025-05-12 07:01:00,LONG,103891.7,105270.0,0.03506494228609981,1,46.85349536314838,4.685349536314838,Take Profit
2025-05-12 07:43:00,2025-05-13 19:27:00,LONG,103319.68,104591.8,0.1751138452763758,5,215.43963594003384,21.543963594003383,Take Profit
2025-05-13 21:07:00,2025-05-16 16:04:00,LONG,103178.05999999998,104437.8,0.18059178046148167,5,219.95444621875845,21.995444621875844,Take Profit
2025-05-16 17:36:00,2025-05-18 13:58:00,LONG,103456.76666666668,104726.2,0.11181304037405673,3,137.2552986206433,13.72552986206433,Take Profit
2025-05-18 15:03:00,2025-05-18 22:53:00,LONG,104252.17499999999,105520.3,0.15020309620880556,4,184.13651107064092,18.41365110706409,Take Profit
2025-05-19 00:31:00,2025-05-20 00:15:00,LONG,104712.90000000001,106162.9,0.19044954946955578,5,268.0643761407005,26.80643761407005,Take Profit
2025-05-20 02:30:00,2025-05-20 19:47:00,LONG,105410.2,106693.7,0.15653344381565207,4,194.23022221961583,19.423022221961585,Take Profit
2025-05-20 21:11:00,2025-05-21 05:24:00,LONG,106332.04999999999,107642.5,0.07983017161660844,2,101.17620069568915,10.117620069568915,Take Profit
2025-05-21 07:14:00,2025-05-21 14:51:00,LONG,106991.96666666666,108281.4,0.12023180876484621,3,149.82335451731572,14.98233545173157,Take Profit
2025-05-21 15:35:00,2025-05-21 23:14:00,LONG,107987.3,109335.3,0.08076329876995215,2,105.33681494189457,10.533681494189457,Take Profit
2025-06-05 20:00:00,2025-06-06 12:00:00,SHORT,101855.1,103949.9,0.1995527452854564,1,-434.4506719213611,-43.44506719213611,Trend Up
2025-05-22 05:55:00,2025-06-09 10:15:00,LONG,105877.09999999998,107306.3,0.1995527452854564,5,276.6354768614096,27.66354768614096,Take Profit
2025-06-09 12:11:00,2025-06-09 19:02:00,LONG,107182.09999999999,108476.8,0.07552782256021394,2,94.50866526778994,9.450866526778993,Take Profit
2025-06-09 20:49:00,2025-06-09 21:26:00,LONG,108553.2,109921.9,0.03782504715937024,1,50.10802162649091,5.010802162649091,Take Profit
2025-06-09 23:11:00,2025-06-16 14:21:00,LONG,105990.24000000002,107309.5,0.15034143951442203,4,191.88622161236427,19.188622161236427,Take Profit
2025-06-16 15:56:00,2025-06-16 19:08:00,LONG,107345.3,108681.9,0.03693315265189409,1,47.75926575324216,4.775926575324216,Take Profit
2025-06-17 16:00:00,2025-06-20 08:00:00,SHORT,104217.6,105797.0,0.18395664520197674,1,-305.99455793577505,-30.59945579357751,Trend Up
2025-06-16 19:40:00,2025-06-23 22:04:00,LONG,102929.5038,104269.1,0.18395664520197674,5,238.75522534362452,23.87552253436245,Take Profit
2025-06-20 16:00:00,2025-06-24 00:00:00,SHORT,104196.0,105267.4,0.18395664520197674,1,-212.5040234120367,-21.25040234120367,Trend Up
2025-06-24 04:12:00,2025-06-24 16:59:00,LONG,104733.9,106160.1,0.03425298168446232,1,47.39708249401229,4.739708249401229,Take Profit
2025-06-24 17:22:00,2025-06-25 10:26:00,LONG,105740.8,107032.4,0.03414414691412989,1,42.6387681582211,4.26387681582211,Take Profit
2025-06-25 11:19:00,2025-06-26 03:04:00,LONG,106820.5,108155.4,0.03399185276435453,1,43.90516328214871,4.390516328214871,Take Profit
2025-06-26 05:38:00,2025-06-29 11:54:00,LONG,106966.19999999998,108389.8,0.10190912201592793,3,140.65946236048424,14.065946236048424,Take Profit
2025-06-29 12:09:00,2025-07-02 15:10:00,LONG,107016.36000000002,108350.0,0.17191152548446217,5,221.81744133259895,22.181744133259894,Take Profit
2025-07-02 17:38:00,2025-07-03 13:51:00,LONG,108988.2,110329.9,0.0351196909474177,1,45.57018854804643,4.557018854804643,Take Profit
2025-07-03 14:30:00,2025-07-09 19:19:00,LONG,108572.72,109929.4,0.17541951701993086,5,230.27464544888227,23.027464544888225,Take Profit
2025-07-09 20:25:00,2025-07-10 16:25:00,LONG,110930.0,112317.4,0.035707019171665404,1,47.93571057672373,4.793571057672373,Take Profit
2025-07-10 18:09:00,2025-07-10 21:17:00,LONG,113385.2,114945.9,0.0351382305280924,1,53.22463817221009,5.322463817221009,Take Profit
2025-07-10 22:25:00,2025-07-11 05:08:00,LONG,115847.2,117258.0,0.0346143090562461,1,47.21034535602518,4.721034535602518,Take Profit
2025-07-11 07:07:00,2025-07-13 13:42:00,LONG,117129.45,118545.5,0.0686692599314111,2,93.98293282459525,9.398293282459527,Take Profit
2025-07-13 14:50:00,2025-07-14 02:27:00,LONG,118411.9,119848.1,0.03444043031574283,1,47.812297964860576,4.781229796486057,Take Profit
2025-07-14 05:49:00,2025-07-16 08:44:00,LONG,117352.612,118779.8,0.16822538085837097,5,232.09653401918584,23.209653401918583,Take Profit
2025-07-16 09:43:00,2025-07-17 18:20:00,LONG,118045.47499999999,119573.6,0.1327004063870659,4,196.43582238497123,19.643582238497125,Take Profit
2025-07-17 19:46:00,2025-07-17 21:16:00,LONG,118934.73333333334,120430.8,0.10151392834234238,3,146.98144295480253,14.698144295480253,Take Profit
2025-07-17 22:51:00,2025-07-22 18:54:00,LONG,118599.82,120034.2,0.17168060299669502,5,238.01220579190735,23.801220579190733,Take Profit
2025-07-22 19:25:00,2025-07-27 22:05:00,LONG,118139.15999999999,119586.1,0.1768072798686885,5,247.37204831276114,24.737204831276113,Take Profit
2025-08-01 20:00:00,2025-08-06 16:00:00,SHORT,113289.9,115352.7,0.1816491089857024,1,-391.31887184217726,-39.13188718421773,Trend Up
2025-07-27 22:51:00,2025-08-10 03:21:00,LONG,116609.21,118010.9,0.07265964359428095,2,98.41644385597066,9.841644385597066,Take Profit
2025-08-10 05:09:00,2025-08-10 23:45:00,LONG,117839.23333333334,119263.4,0.09921637336242824,3,136.56749892117486,13.656749892117487,Take Profit
2025-08-11 05:23:00,2025-08-13 14:10:00,LONG,120759.64,122208.9,0.16303769739160423,5,228.31415025905116,22.831415025905116,Take Profit
2025-08-13 14:52:00,2025-08-13 19:22:00,LONG,120859.0,122313.7,0.03381199453710245,1,47.53204039063772,4.753204039063772,Take Profit
2025-08-18 04:00:00,2025-08-22 20:00:00,SHORT,115228.0,116577.1,0.1669896895507492,1,-240.76941484702886,-24.076941484702886,Trend Up
2025-08-23 12:00:00,2025-09-10 16:00:00,SHORT,115210.0,113808.9,0.1669896895507492,1,218.67173602465402,21.867173602465403,Trend Up
2025-09-22 08:00:00,2025-09-29 16:00:00,SHORT,112505.9,113812.7,0.1669896895507492,1,-233.3392754063436,-23.33392754063436,Trend Up
2025-08-13 22:57:00,2025-10-02 00:08:00,LONG,117835.32860000001,119287.6,0.1669896895507492,5,234.54643051292996,23.454643051292994,Take Profit
2025-10-02 00:33:00,2025-10-02 18:24:00,LONG,118746.0,120180.9,0.03225866233539423,1,44.737204556151475,4.4737204556151475,Take Profit
2025-10-02 20:15:00,2025-10-03 15:34:00,LONG,120197.75,121729.9,0.06391495684929477,2,94.81515661433902,9.481515661433901,Take Profit
2025-10-03 16:48:00,2025-10-05 02:34:00,LONG,122529.36666666668,124116.2,0.0948888078723745,3,145.86182798988474,14.586182798988476,Take Profit
2025-10-05 03:18:00,2025-10-05 04:45:00,LONG,123410.4,124954.7,0.0321582806224433,1,48.054701442162,4.8054701442162,Take Profit
2025-10-05 07:30:00,2025-10-06 16:58:00,LONG,123841.7,125353.9,0.16006026838810905,5,234.01746630549957,23.401746630549958,Take Profit
2025-10-11 00:00:00,2025-10-26 16:00:00,SHORT,112492.8,113644.9,0.16396166314103267,1,-203.73139746113748,-20.373139746113747,Trend Up
2025-10-29 16:00:00,2026-01-03 04:00:00,SHORT,111352.3,90311.8,0.16396166314103267,1,3436.609300826162,343.6609300826162,Trend Up
2025-10-06 17:36:00,2026-02-12 00:00:00,LONG,120900.148,67031.2,0.16396166314103267,5,-8836.838524551542,-883.6838524551542,Final Close
2026-01-20 08:00:00,2026-02-12 00:00:00,SHORT,91098.7,67031.2,0.16396166314103267,1,3935.7764310882735,393.5776431088274,Final Hedge Close
