entry_time,exit_time,side,avg_entry,exit_price,quantity,num_entries,entry_scale_used,pnl,return_pct,reason
2022-02-05 06:44:00,2022-02-05 18:30:00,LONG,41193.265999999996,41700.0,0.04820493266614493,5,0.4,23.62302007277518,2.362302007277518,Take Profit
2022-02-05 19:30:00,2022-02-06 14:31:00,LONG,41480.81,42155.0,0.010849466111100225,1,0.44,7.131657859877313,0.7131657859877313,Take Profit
2022-02-06 20:47:00,2022-02-06 23:19:00,LONG,41586.01,42119.99,0.011886078487993576,1,0.48,6.146671588197359,0.6146671588197359,Take Profit
2022-02-07 00:19:00,2022-02-07 02:14:00,LONG,41697.5,42198.06,0.05137889336715021,4,0.52,24.850983013844345,2.4850983013844345,Take Profit
2022-02-07 02:58:00,2022-02-07 03:38:00,LONG,42322.4,42882.91,0.0140220091977155,1,0.56,7.618954552033621,0.7618954552033621,Take Profit
2022-02-07 06:38:00,2022-02-07 14:38:00,LONG,42512.39,43029.44,0.030014575111421832,2,0.6,15.002431917807778,1.5002431917807777,Take Profit
2022-02-07 16:44:00,2022-02-07 17:50:00,LONG,43496.21,44121.69,0.014919878850310264,1,0.6,9.068769715503732,0.9068769715503732,Take Profit
2022-02-07 18:49:00,2022-02-07 19:25:00,LONG,43809.46,44358.24,0.014933845236003378,1,0.6,7.9304199521733185,0.7930419952173319,Take Profit
2022-02-07 21:21:00,2022-02-08 04:49:00,LONG,43730.530000000006,44272.8,0.030010819601962932,2,0.6,15.74250193992683,1.574250193992683,Take Profit
2022-02-08 05:19:00,2022-02-08 05:50:00,LONG,44244.51,44813.15,0.015097363645567657,1,0.6,8.314340694754236,0.8314340694754236,Take Profit
2022-02-08 06:33:00,2022-02-08 20:40:00,LONG,43507.9328,44084.31,0.07515630448155816,5,0.6,41.99309480933984,4.199309480933984,Take Profit
2022-02-08 21:14:00,2022-02-09 12:41:00,LONG,43612.151999999995,44182.79,0.07359676795213782,5,0.6,40.69642825342927,4.069642825342927,Take Profit
2022-02-09 13:57:00,2022-02-09 19:27:00,LONG,43922.21,44464.05,0.015257832996794004,1,0.6,7.995934211278482,0.7995934211278483,Take Profit
2022-02-09 21:55:00,2022-02-10 10:13:00,LONG,43971.666000000005,44502.64,0.07585748071262496,5,0.6,38.92800670172056,3.8928006701720563,Take Profit
2022-02-10 11:48:00,2022-02-10 15:02:00,LONG,44028.337999999996,44708.91,0.07776216617454572,5,0.6,51.53208828218238,5.153208828218238,Take Profit
2022-02-10 15:57:00,2022-02-10 16:28:00,LONG,44832.0,45438.23,0.016226094936439842,1,0.6,9.541831519828461,0.9541831519828462,Take Profit
2022-02-10 17:45:00,2022-02-15 08:10:00,LONG,43270.898,43833.9,0.08103017483678443,5,0.6,44.19940306114809,4.4199403061148095,Take Profit
2022-02-15 12:40:00,2022-02-15 23:40:00,LONG,44119.1,44651.7,0.015972444705434095,1,0.6,8.221645326412723,0.8221645326412723,Take Profit
2022-02-17 20:00:00,2022-02-28 16:00:00,SHORT,41088.7,40812.9,0.08013456558777268,1,0.6,19.475853534329946,1.9475853534329945,Trend Up
2022-02-16 00:17:00,2022-02-28 22:32:00,LONG,41755.940599999994,42809.2,0.08013456558777268,5,0.6,83.03028581217428,8.303028581217427,Take Profit
2022-02-28 23:00:00,2022-03-01 00:11:00,LONG,43000.6,43538.2,0.011118189379565773,1,0.4,5.783512229316379,0.578351222931638,Take Profit
2022-03-01 01:14:00,2022-03-01 10:58:00,LONG,43040.15,43568.0,0.04883163561996722,4,0.44,24.924780181723335,2.4924780181723336,Take Profit
2022-03-01 11:48:00,2022-03-01 12:13:00,LONG,43361.8,43979.1,0.013559198049202796,1,0.48,8.13156442500255,0.813156442500255,Take Profit
2022-03-01 14:33:00,2022-03-01 23:38:00,LONG,43752.75,44304.4,0.029184486151196655,2,0.52,15.582421326012845,1.5582421326012845,Take Profit
2022-03-02 00:24:00,2022-03-02 14:43:00,LONG,43902.78,44637.8,0.07900085368450953,5,0.56,56.65663775254916,5.665663775254916,Take Profit
2022-03-04 20:00:00,2022-03-09 04:00:00,SHORT,39661.6,41277.9,0.08829471034472341,1,0.6,-145.56935221335542,-14.55693522133554,Trend Up
2022-03-10 08:00:00,2022-03-16 12:00:00,SHORT,39177.3,40546.6,0.08829471034472341,1,0.6,-123.71762633825006,-12.371762633825005,Trend Up
2022-03-02 15:09:00,2022-03-22 04:26:00,LONG,42301.32800000001,42883.6,0.08829471034472341,5,0.6,49.89697956562631,4.989697956562631,Take Profit
2022-03-22 05:12:00,2022-03-22 11:08:00,LONG,42381.92,42891.2,0.04575935441194039,5,0.4,22.51925456613158,2.251925456613158,Take Profit
2022-03-22 15:00:00,2022-03-23 23:48:00,LONG,42308.6,42869.5,0.04133676503558745,4,0.44,22.47695692898381,2.247695692898381,Take Profit
2022-03-24 00:31:00,2022-03-24 06:28:00,LONG,42763.4,43350.0,0.011503183320023747,1,0.48,6.548302136756702,0.6548302136756701,Take Profit
2022-03-24 07:12:00,2022-03-24 14:46:00,LONG,42885.1,43542.2,0.0373766021675817,3,0.52,23.909181489557373,2.390918148955737,Take Profit
2022-03-24 17:59:00,2022-03-25 11:28:00,LONG,43790.5,44335.0,0.013484387105803472,1,0.56,7.103116658175671,0.7103116658175671,Take Profit
2022-03-25 14:14:00,2022-03-27 20:34:00,LONG,44430.23333333333,44973.2,0.042681642814624145,3,0.6,22.406897303461516,2.2406897303461513,Take Profit
2022-03-28 00:45:00,2022-03-28 13:35:00,LONG,46856.5,47437.8,0.013867338312254963,1,0.6,7.7979493523582155,0.7797949352358216,Take Profit
2022-03-28 14:20:00,2022-03-28 18:52:00,LONG,47396.4,48044.1,0.013804798703162242,1,0.6,8.676072468288305,0.8676072468288306,Take Profit
2022-03-28 21:18:00,2022-03-29 12:20:00,LONG,47471.14,48042.8,0.06891781381612799,5,0.6,38.07315554788578,3.807315554788578,Take Profit
2022-03-29 13:48:00,2022-04-01 15:10:00,LONG,45981.14,46650.9,0.07156293383538379,5,0.6,46.59460045756235,4.6594600457562345,Take Profit
2022-04-01 16:36:00,2022-04-02 00:52:00,LONG,46094.96666666667,46800.0,0.042554735637877414,3,0.6,29.20588246475042,2.920588246475042,Take Profit
2022-04-02 01:17:00,2022-04-03 21:59:00,LONG,46269.83999999999,46963.6,0.07210164996507543,5,0.6,48.66677946045148,4.866677946045148,Take Profit
2022-04-03 22:48:00,2022-04-05 12:21:00,LONG,46437.3,47031.2,0.07479123653533079,5,0.6,43.011506736836346,4.301150673683635,Take Profit
2022-04-05 12:41:00,2022-04-06 05:10:00,LONG,44815.825,45360.3,0.06205340410636115,4,0.6,32.66062279029704,3.2660622790297045,Take Profit
2022-04-06 07:35:00,2022-04-10 17:35:00,LONG,42704.2912,43286.9,0.07521323203129211,5,0.6,42.51759179642666,4.251759179642665,Take Profit
2022-04-07 00:00:00,2022-04-21 12:00:00,SHORT,43199.9,42472.1,0.07521323203129211,1,0.6,52.16272306654068,5.2162723066540675,Trend Up
2022-04-21 20:00:00,2022-07-18 08:00:00,SHORT,41217.9,22249.4,0.07521323203129211,1,0.6,1424.7727594810444,142.47727594810445,Trend Up
2022-07-18 12:08:00,2022-07-18 12:57:00,LONG,21997.2,22280.7,0.04667566880207859,1,0.4,12.81656547583789,1.281656547583789,Take Profit
2022-07-18 14:11:00,2022-07-18 15:39:00,LONG,22028.0,22376.0,0.05151924857326711,1,0.44,17.467580621066784,1.7467580621066785,Take Profit
2022-07-18 16:44:00,2022-07-18 23:39:00,LONG,22013.250000000004,22294.0,0.11247667471883856,2,0.48,30.5748044328408,3.0574804432840796,Take Profit
2022-07-18 20:00:00,2022-07-19 00:00:00,SHORT,21595.7,22368.5,0.2811916867970964,1,0.48,-222.24988257946984,-22.224988257946983,Trend Up
2022-07-19 16:17:00,2022-07-19 16:24:00,LONG,22957.3,23250.0,0.041836976978706,1,0.4,11.856599275765312,1.1856599275765312,Take Profit
2022-07-19 19:54:00,2022-07-19 21:33:00,LONG,23270.000000000004,23560.2,0.18158013021468525,4,0.44,50.983328114747515,5.0983328114747515,Take Profit
2022-07-19 22:24:00,2022-07-20 02:34:00,LONG,23144.539999999994,23450.9,0.2523973351124089,5,0.48,74.95686971864454,7.495686971864454,Take Profit
2022-07-20 07:38:00,2022-07-20 10:23:00,LONG,23434.76666666667,23735.7,0.16788706994139385,3,0.52,48.9288487306265,4.89288487306265,Take Profit
2022-07-20 11:45:00,2022-07-20 13:16:00,LONG,23581.6,23875.2,0.06131325066603408,1,0.56,17.416023946627064,1.7416023946627064,Take Profit
2022-07-20 16:15:00,2022-07-20 21:42:00,LONG,23206.639999999996,23488.6,0.2599291013012824,4,0.6,70.84746112738019,7.084746112738019,Take Profit
2022-07-20 22:53:00,2022-07-22 00:33:00,LONG,23015.84,23338.8,0.3177594673457007,5,0.6,99.65714771137208,9.965714771137208,Take Profit
2022-07-22 02:11:00,2022-07-22 07:26:00,LONG,22952.3,23266.5,0.13375191369705608,2,0.6,40.780075723602096,4.078007572360209,Take Profit
2022-07-22 07:44:00,2022-07-22 09:05:00,LONG,23074.9,23393.4,0.06774529002143355,1,0.6,20.942957804791625,2.0942957804791624,Take Profit
2022-07-22 10:59:00,2022-07-22 13:50:00,LONG,23427.1,23711.0,0.06724717936100501,1,0.6,18.4536750726579,1.8453675072657902,Take Profit
2022-07-25 04:00:00,2022-07-27 20:00:00,SHORT,21856.3,22752.7,0.3373547835231665,1,0.6,-308.4244517654409,-30.842445176544086,Trend Up
2022-07-22 15:04:00,2022-07-28 02:46:00,LONG,22773.459999999995,23209.1,0.3373547835231665,5,0.6,143.83335753152627,14.383335753152625,Take Profit
2022-07-28 03:30:00,2022-07-28 15:19:00,LONG,22981.05,23269.1,0.15736409894356038,4,0.4,43.864040318801415,4.386404031880142,Take Profit
2022-07-28 18:07:00,2022-07-28 20:35:00,LONG,23748.25,24065.0,0.08562925614964571,2,0.44,26.29879966570379,2.6298799665703787,Take Profit
2022-07-28 20:46:00,2022-07-28 20:53:00,LONG,23808.9,24103.6,0.047232632359614404,1,0.48,13.464066165440947,1.3464066165440947,Take Profit
2022-07-28 21:19:00,2022-07-29 05:37:00,LONG,23803.42,24100.9,0.2556518216839265,5,0.52,73.58672831884641,7.3586728318846415,Take Profit
2022-07-29 06:58:00,2022-07-29 14:11:00,LONG,23760.739999999998,24063.0,0.28356755547384643,5,0.56,82.98173488257854,8.298173488257854,Take Profit
2022-07-29 15:00:00,2022-07-29 23:14:00,LONG,23792.719999999998,24093.4,0.3135537831160745,5,0.6,91.25752082009097,9.125752082009097,Take Profit
2022-07-29 23:35:00,2022-07-30 12:29:00,LONG,23848.86,24170.0,0.32459031183998793,5,0.6,101.10079360942453,10.110079360942454,Take Profit
2022-07-30 14:35:00,2022-08-08 06:31:00,LONG,23414.492,23735.7,0.33068324414640515,5,0.6,103.07850417454495,10.307850417454494,Take Profit
2022-08-08 10:24:00,2022-08-10 12:30:00,LONG,23113.992,23458.8,0.32230812107916795,5,0.6,108.11003391275723,10.811003391275722,Take Profit
2022-08-10 14:13:00,2022-08-10 21:25:00,LONG,23685.700000000004,23977.2,0.31133670848565126,5,0.6,87.76865751288535,8.776865751288536,Take Profit
2022-08-11 02:43:00,2022-08-11 05:09:00,LONG,24253.9,24558.5,0.06349478542839747,1,0.6,18.716776966312455,1.8716776966312454,Take Profit
2022-08-11 06:35:00,2022-08-11 12:57:00,LONG,24479.0,24782.5,0.06335457508065218,1,0.6,18.600079634203432,1.860007963420343,Take Profit
2022-08-11 13:14:00,2022-08-12 18:42:00,LONG,23927.668,24229.3,0.3162683355041174,5,0.6,92.3314664222053,9.23314664222053,Take Profit
2022-08-12 20:23:00,2022-08-12 23:15:00,LONG,24069.8,24370.1,0.062138194218541734,1,0.6,18.054374121057922,1.8054374121057921,Take Profit
2022-08-13 01:32:00,2022-08-13 03:27:00,LONG,24433.6,24737.2,0.0616416563558527,1,0.6,18.104470076994613,1.8104470076994612,Take Profit
2022-08-13 06:47:00,2022-08-14 07:03:00,LONG,24471.06,24771.3,0.30716905646744513,5,0.6,89.1808467743963,8.91808467743963,Take Profit
2022-08-14 08:45:00,2022-08-15 02:29:00,LONG,24504.16,24800.0,0.3175162213983598,5,0.6,90.78423802221907,9.078423802221907,Take Profit
2022-08-15 03:40:00,2022-08-17 06:00:00,LONG,23984.683999999997,24371.9,0.32534814298897347,5,0.6,122.80826557317447,12.280826557317447,Take Profit
2022-08-19 04:00:00,2022-09-09 16:00:00,SHORT,22764.4,21235.4,0.3270156770836394,1,0.6,494.2515205054667,49.42515205054667,Trend Up
2022-09-13 16:00:00,2022-10-04 16:00:00,SHORT,20739.4,20101.7,0.3270156770836394,1,0.6,203.19562528850082,20.31956252885008,Trend Up
2022-10-07 16:00:00,2022-10-14 04:00:00,SHORT,19554.0,19798.9,0.3270156770836394,1,0.6,-85.23374541326567,-8.523374541326568,Trend Up
2022-10-14 12:00:00,2022-10-25 16:00:00,SHORT,19600.0,19745.9,0.3270156770836394,1,0.6,-52.85827773808953,-5.285827773808953,Trend Up
2022-11-08 08:00:00,2022-12-13 12:00:00,SHORT,19779.3,17442.8,0.3270156770836394,1,0.6,759.2032454123334,75.92032454123334,Trend Up
2022-12-16 12:00:00,2023-01-08 16:00:00,SHORT,17009.2,16998.9,0.3270156770836394,1,0.6,-1.08021126517,-0.10802112651700001,Trend Up
2022-08-17 07:25:00,2023-01-21 08:44:00,LONG,22486.927200000002,22757.9,0.3270156770836394,5,0.6,85.63547763224875,8.563547763224875,Take Profit
2023-01-21 10:25:00,2023-01-21 15:30:00,LONG,22963.550000000003,23240.5,0.13192462508013364,2,0.4,35.31012721627269,3.531012721627269,Take Profit
2023-01-21 15:58:00,2023-01-21 17:11:00,LONG,22993.8,23284.8,0.07341741010498438,1,0.44,20.68066245622544,2.068066245622544,Take Profit
2023-01-21 18:09:00,2023-01-23 14:50:00,LONG,22690.640000000003,22973.6,0.40014170587530107,5,0.48,109.54701889683466,10.954701889683466,Take Profit
2023-01-23 14:59:00,2023-01-23 16:04:00,LONG,22635.7,22909.1,0.09103140055350892,1,0.52,24.05380592796098,2.405380592796098,Take Profit
2023-01-23 18:53:00,2023-01-25 21:36:00,LONG,22887.0,23221.9,0.4839706449245374,5,0.56,157.58628181747903,15.758628181747902,Take Profit
2023-01-25 22:47:00,2023-01-26 00:54:00,LONG,22975.8,23259.8,0.4296297784254718,4,0.6,118.01761598474567,11.801761598474569,Take Profit
2023-01-26 03:34:00,2023-01-27 15:15:00,LONG,22817.7,23104.9,0.5512750665332118,5,0.6,153.23133699444156,15.323133699444154,Take Profit
2023-01-27 15:54:00,2023-01-27 17:56:00,LONG,22948.7,23230.1,0.11507236317076869,1,0.6,31.312105994776744,3.131210599477675,Take Profit
2023-01-27 20:46:00,2023-01-29 01:17:00,LONG,23038.375,23325.5,0.45947331186868884,4,0.6,127.63929677590005,12.763929677590005,Take Profit
2023-01-29 01:52:00,2023-01-29 10:05:00,LONG,23145.5,23441.7,0.4698730180318396,4,0.6,134.77053901031246,13.477053901031248,Take Profit
2023-01-29 12:15:00,2023-01-29 18:38:00,LONG,23389.1,23672.2,0.12019316226942478,1,0.6,32.888589608124704,3.2888589608124708,Take Profit
2023-01-29 20:02:00,2023-02-01 19:52:00,LONG,23144.749999999996,23438.4,0.2381719181562937,2,0.6,67.70623629199106,6.770623629199106,Take Profit
2023-02-02 01:30:00,2023-02-02 18:17:00,LONG,23831.14,24129.1,0.539331080620719,5,0.6,155.4936593507868,15.54936593507868,Take Profit
2023-02-13 12:00:00,2023-02-14 16:00:00,SHORT,21593.3,22063.1,0.5582871092373521,1,0.6,-272.0324060619914,-27.20324060619914,Trend Up
2023-02-02 19:03:00,2023-02-15 20:07:00,LONG,23123.768,23401.9,0.5582871092373521,5,0.6,150.0515186257394,15.005151862573939,Take Profit
2023-02-15 22:57:00,2023-02-16 00:11:00,LONG,24142.7,24564.0,0.06577030209822914,1,0.4,27.062795593687525,2.7062795593687525,Take Profit
2023-02-16 04:15:00,2023-02-16 15:46:00,LONG,24571.066666666662,24870.0,0.21385163028271426,3,0.44,61.79998466112792,6.179998466112792,Take Profit
2023-02-16 19:14:00,2023-02-17 15:41:00,LONG,23946.539999999997,24252.1,0.3904633108759853,5,0.48,115.52214716658838,11.552214716658838,Take Profit
2023-02-17 16:20:00,2023-02-17 17:11:00,LONG,24072.7,24381.8,0.0848173368245641,1,0.52,25.389839075276978,2.5389839075276974,Take Profit
2023-02-17 19:09:00,2023-02-17 20:00:00,LONG,24294.2,24588.0,0.09107537733562186,1,0.56,25.86220131003433,2.586220131003433,Take Profit
2023-02-17 21:31:00,2023-02-17 23:01:00,LONG,24444.559999999998,24745.7,0.48318375764987753,5,0.6,140.72326865401496,14.072326865401497,Take Profit
2023-02-18 01:05:00,2023-02-18 18:13:00,LONG,24504.9,24847.2,0.40114170742613464,4,0.6,133.32390715886214,13.332390715886214,Take Profit
2023-02-18 18:35:00,2023-02-19 15:19:00,LONG,24626.05,24924.1,0.206147255901638,2,0.6,59.38697569315585,5.938697569315584,Take Profit
2023-02-19 16:33:00,2023-02-20 09:52:00,LONG,24608.19,24910.2,0.20647049671312512,2,0.6,60.29886616544202,6.029886616544202,Take Profit
2023-02-20 10:28:00,2023-02-21 08:25:00,LONG,24819.8,25136.1,0.0975754960177368,1,0.6,29.882062420229502,2.98820624202295,Take Profit
2023-02-21 08:38:00,2023-02-23 02:32:00,LONG,24000.076,24309.2,0.4900119934914452,5,0.6,146.7097476551765,14.67097476551765,Take Profit
2023-02-23 03:49:00,2023-02-27 15:07:00,LONG,23545.532,23829.9,0.47978605643404476,5,0.6,131.86249979755044,13.186249979755043,Take Profit
2023-02-27 15:34:00,2023-03-01 08:54:00,LONG,23609.28,23957.9,0.47325799631172927,5,0.6,160.45189557426158,16.04518955742616,Take Profit
2023-03-03 04:00:00,2023-03-13 08:00:00,SHORT,22260.0,22463.6,0.49441478873310707,1,0.6,-109.50765468421348,-10.950765468421347,Trend Up
2023-03-01 10:21:00,2023-03-13 14:08:00,LONG,22377.8416,23042.5,0.49441478873310707,5,0.6,324.0599213079321,32.40599213079321,Take Profit
2023-03-13 12:00:00,2023-03-13 16:00:00,SHORT,22113.2,24062.7,0.49441478873310707,1,0.6,-972.9936497724167,-97.29936497724167,Trend Up
2023-03-13 20:30:00,2023-03-14 01:56:00,LONG,24086.2,24383.2,0.047071251330152615,1,0.4,13.521062550881977,1.3521062550881977,Take Profit
2023-03-14 07:26:00,2023-03-14 10:55:00,LONG,24220.399999999998,24512.7,0.10317957115475818,2,0.44,29.14770469899802,2.914770469899802,Take Profit
2023-03-14 13:19:00,2023-03-14 13:38:00,LONG,25754.0,26083.8,0.05359573641991936,1,0.48,17.11668168343741,1.711668168343741,Take Profit
2023-03-14 13:53:00,2023-03-14 14:55:00,LONG,25755.0,26079.6,0.05839423606515072,1,0.52,18.345609699193957,1.8345609699193959,Take Profit
2023-03-14 16:21:00,2023-03-15 12:31:00,LONG,24744.832000000006,25197.6,0.31500196654063756,5,0.56,139.44789296582735,13.944789296582735,Take Profit
2023-03-15 12:45:00,2023-03-15 12:52:00,LONG,24442.5,24767.5,0.06913961563398628,1,0.6,21.785408908959642,2.1785408908959645,Take Profit
2023-03-15 14:43:00,2023-03-15 15:19:00,LONG,24491.5,24816.9,0.06951843348369244,1,0.6,21.931205450825043,2.1931205450825044,Take Profit
2023-03-15 16:13:00,2023-03-15 18:31:00,LONG,24180.8,24471.3,0.07093896026455157,1,0.6,19.913380525523465,1.9913380525523467,Take Profit
2023-03-15 19:41:00,2023-03-15 22:11:00,LONG,24283.3,24582.8,0.0711145994195968,1,0.6,20.59954413632442,2.059954413632442,Take Profit
2023-03-15 22:35:00,2023-03-16 06:56:00,LONG,24277.2,24574.8,0.14288234542625683,2,0.6,41.11726397390135,4.111726397390135,Take Profit
2023-03-16 08:56:00,2023-03-16 09:43:00,LONG,24464.499999999996,24842.4,0.2870440779131706,4,0.6,105.62161152292857,10.562161152292857,Take Profit
2023-03-16 13:19:00,2023-03-16 14:46:00,LONG,24581.0,24935.1,0.0742186187299284,1,0.6,25.54055342031048,2.5540553420310483,Take Profit
2023-03-16 15:03:00,2023-03-16 19:24:00,LONG,24704.95,25132.4,0.14844967418749178,2,0.6,61.962454594823576,6.196245459482358,Take Profit
2023-03-16 20:47:00,2023-03-16 21:44:00,LONG,24756.100000000002,25067.9,0.15114263567565658,2,0.6,45.6107424129281,4.561074241292809,Take Profit
2023-03-17 00:30:00,2023-03-17 01:29:00,LONG,24903.8,25352.1,0.07637469279441687,1,0.6,33.464271240059695,3.3464271240059698,Take Profit
2023-03-17 03:42:00,2023-03-17 06:34:00,LONG,25639.2,25991.7,0.07494938033713124,1,0.6,25.640431845275316,2.5640431845275318,Take Profit
2023-03-17 08:33:00,2023-03-17 09:53:00,LONG,25925.5,26270.8,0.07469731412433238,1,0.6,25.00803928717291,2.500803928717291,Take Profit
2023-03-17 12:08:00,2023-03-17 19:05:00,LONG,26401.800000000003,26733.0,0.3650883696812476,5,0.6,117.01330508375261,11.70133050837526,Take Profit
2023-03-17 20:42:00,2023-03-17 21:42:00,LONG,26641.5,27096.7,0.07578401706631754,1,0.6,33.67548585849145,3.367548585849145,Take Profit
2023-03-17 23:41:00,2023-03-18 00:55:00,LONG,27184.6,27587.7,0.14955842470536343,2,0.6,58.63661181743466,5.863661181743466,Take Profit
2023-03-18 01:21:00,2023-03-18 16:46:00,LONG,27042.45,27410.1,0.3029188680218691,4,0.6,108.04690724249303,10.804690724249303,Take Profit
2023-03-18 17:29:00,2023-03-18 19:39:00,LONG,27086.1,27415.9,0.07885184536049268,1,0.6,25.140620877003226,2.5140620877003226,Take Profit
2023-03-18 19:54:00,2023-03-19 15:04:00,LONG,27083.433333333334,27543.3,0.23619609610937609,3,0.6,106.01646342391027,10.601646342391028,Take Profit
2023-03-19 20:38:00,2023-03-19 21:08:00,LONG,27825.3,28166.6,0.0795116440632627,1,0.6,26.241495049322584,2.6241495049322583,Take Profit
2023-03-19 23:45:00,2023-03-20 08:06:00,LONG,27921.7,28258.8,0.396350662248097,5,0.6,129.12965060609832,12.912965060609832,Take Profit
2023-03-20 09:36:00,2023-03-21 09:45:00,LONG,27645.179999999997,28024.7,0.41016382251381495,5,0.6,151.06748668972355,15.106748668972356,Take Profit
2023-03-21 13:39:00,2023-03-21 16:32:00,LONG,27800.966666666667,28142.1,0.2567376523186045,3,0.6,84.6917164534933,8.46917164534933,Take Profit
2023-03-21 17:06:00,2023-03-22 13:28:00,LONG,27996.725,28348.8,0.34643757646177165,4,0.6,118.04357390573871,11.80435739057387,Take Profit
2023-03-22 15:48:00,2023-03-22 18:05:00,LONG,28384.925,28752.2,0.35209626758597495,4,0.6,125.26673975568528,12.526673975568528,Take Profit
2023-03-22 18:35:00,2023-03-22 21:08:00,LONG,27065.62631578947,27400.1,0.3492147235226737,4,0.6,112.97572781879298,11.297572781879298,Take Profit
2023-03-22 21:39:00,2023-03-23 00:20:00,LONG,27034.199999999997,27376.0,0.2756685234818232,3,0.6,91.20482072655261,9.120482072655262,Take Profit
2023-03-23 01:15:00,2023-03-23 05:43:00,LONG,27230.1,27557.8,0.09356316852406081,1,0.6,29.62929229111385,2.962929229111385,Take Profit
2023-03-23 07:21:00,2023-03-23 14:59:00,LONG,27459.249999999996,28043.6,0.18603221451014998,2,0.6,106.62111934467181,10.66211193446718,Take Profit
2023-03-23 17:10:00,2023-03-23 19:50:00,LONG,28059.199999999997,28398.5,0.37066150840883133,4,0.6,121.55495746449827,12.155495746449828,Take Profit
2023-03-23 21:16:00,2023-03-24 14:31:00,LONG,27828.175,28178.4,0.384326039557685,4,0.6,130.26871005486217,13.026871005486218,Take Profit
2023-03-24 16:30:00,2023-03-26 12:02:00,LONG,27598.580000000005,27951.7,0.4969164853131304,5,0.6,169.91528508475946,16.991528508475945,Take Profit
2023-03-26 14:11:00,2023-03-29 04:32:00,LONG,27185.199999999997,27568.1,0.5127212574109902,5,0.6,190.6670691040961,19.066706910409607,Take Profit
2023-03-29 09:53:00,2023-03-30 02:19:00,LONG,28175.775,28571.0,0.39007919706520594,4,0.6,149.71106956435545,14.971106956435545,Take Profit
2023-03-30 03:06:00,2023-03-30 07:35:00,LONG,28372.074999999997,28739.0,0.39819066449018375,4,0.6,141.5286689653485,14.15286689653485,Take Profit
2023-03-30 09:05:00,2023-03-31 14:50:00,LONG,28298.58,28638.6,0.5141399374339393,5,0.6,168.92816232140814,16.892816232140813,Take Profit
2023-03-31 15:15:00,2023-04-01 02:01:00,LONG,28337.75,28778.0,0.21325869458019137,2,0.6,91.43227680387774,9.143227680387774,Take Profit
2023-04-01 02:39:00,2023-04-03 22:17:00,LONG,27502.235,27833.6,0.4332489041370795,4,0.6,138.73997244010653,13.873997244010653,Take Profit
2023-04-03 23:34:00,2023-04-04 07:08:00,LONG,27765.1,28125.1,0.10563935344520395,1,0.6,36.84172028844074,3.684172028844074,Take Profit
2023-04-04 07:21:00,2023-04-04 11:07:00,LONG,28026.6,28382.8,0.10541729298536158,1,0.6,36.3528245840479,3.63528245840479,Take Profit
2023-04-04 11:24:00,2023-04-05 00:34:00,LONG,28051.299999999996,28452.1,0.31623262884755876,3,0.6,123.14704469040902,12.314704469040901,Take Profit
2023-04-05 03:09:00,2023-04-09 22:01:00,LONG,28155.379999999997,28500.4,0.5350302109383929,5,0.6,178.49669336843505,17.849669336843505,Take Profit
2023-04-09 23:37:00,2023-04-10 16:40:00,LONG,28251.6,28616.0,0.22248187656708132,2,0.6,78.52577926910732,7.852577926910732,Take Profit
2023-04-10 19:24:00,2023-04-10 22:02:00,LONG,29065.7,29499.9,0.1099729160943524,1,0.6,46.452564157171174,4.6452564157171174,Take Profit
2023-04-10 23:52:00,2023-04-11 00:40:00,LONG,29591.4,29951.5,0.10893516968676586,1,0.6,37.922445910254964,3.7922445910254967,Take Profit
2023-04-11 02:40:00,2023-04-11 19:15:00,LONG,30027.300000000003,30414.2,0.3230244938652028,3,0.6,121.04836405192025,12.104836405192025,Take Profit
2023-04-11 19:42:00,2023-04-12 12:34:00,LONG,30010.64,30405.5,0.5484891144693453,5,0.6,209.90557743136696,20.990557743136694,Take Profit
2023-04-12 13:46:00,2023-04-13 09:12:00,LONG,29915.533333333336,30288.1,0.3435047009122837,3,0.6,123.81675951053771,12.38167595105377,Take Profit
2023-04-13 11:39:00,2023-04-14 00:36:00,LONG,30159.0,30588.6,0.11637128991115687,1,0.6,48.56925221040226,4.856925221040226,Take Profit
2023-04-14 02:39:00,2023-04-18 09:39:00,LONG,29531.915999999997,29887.2,0.5763977585183884,5,0.6,197.89413520209268,19.78941352020927,Take Profit
2023-04-18 10:42:00,2023-04-18 11:38:00,LONG,29866.3,30260.5,0.11332173328130521,1,0.6,43.29975833550702,4.3299758335507015,Take Profit
2023-04-21 16:00:00,2023-04-26 00:00:00,SHORT,28035.9,28305.6,0.5629283802082381,1,0.6,-164.50827587556114,-16.450827587556113,Trend Up
2023-04-18 12:43:00,2023-04-26 12:29:00,LONG,29209.332000000002,29738.5,0.5629283802082381,5,0.6,291.1874268441026,29.118742684410257,Take Profit
2023-04-26 14:18:00,2023-04-26 20:56:00,LONG,27858.908,28240.6,0.3614955197883823,5,0.4,133.89640778861255,13.389640778861256,Take Profit
2023-04-26 20:00:00,2023-04-27 00:00:00,SHORT,27598.2,28375.8,0.3614955197883823,1,0.4,-289.1926562772995,-28.919265627729946,Trend Up
2023-04-27 06:51:00,2023-04-27 15:20:00,LONG,28812.575,29253.0,0.26944195383981717,4,0.4,115.51617832963082,11.551617832963082,Take Profit
2023-04-27 15:44:00,2023-04-27 17:46:00,LONG,28952.0,29340.0,0.07572582688033933,1,0.44,28.492902525303997,2.8492902525303996,Take Profit
2023-04-27 19:10:00,2023-04-30 15:02:00,LONG,29207.44,29567.6,0.40601620801132027,5,0.48,141.42882754455883,14.142882754455883,Take Profit
2023-05-01 16:00:00,2023-05-02 16:00:00,SHORT,28161.8,28518.5,0.45070735818080887,1,0.52,-170.98580597265314,-17.098580597265315,Trend Up
2023-04-30 15:48:00,2023-05-03 22:17:00,LONG,28772.752,29166.5,0.45070735818080887,5,0.52,172.20689840402474,17.220689840402475,Take Profit
2023-05-04 05:08:00,2023-05-05 01:34:00,LONG,28804.300000000003,29150.0,0.3310404227779239,5,0.4,110.58074282473673,11.058074282473672,Take Profit
2023-05-05 05:09:00,2023-05-05 14:46:00,LONG,29054.9,29417.4,0.1482631810350074,2,0.44,52.0007962044785,5.20007962044785,Take Profit
2023-05-05 15:09:00,2023-05-05 16:03:00,LONG,29170.8,29579.0,0.08172225505635049,1,0.48,32.392119481077614,3.2392119481077613,Take Profit
2023-05-05 17:41:00,2023-05-06 00:36:00,LONG,29370.95,29753.8,0.35232175554267214,4,0.52,130.6932196894853,13.06932196894853,Take Profit
2023-05-08 04:00:00,2023-05-28 20:00:00,SHORT,28182.6,27533.9,0.4849426550365262,1,0.56,303.7745773464561,30.377457734645613,Trend Up
2023-05-31 08:00:00,2023-06-20 00:00:00,SHORT,27139.2,26814.1,0.4849426550365262,1,0.56,147.18915453238284,14.718915453238285,Trend Up
2023-05-06 01:06:00,2023-06-21 01:04:00,LONG,28370.7544,28725.8,0.4849426550365262,5,0.56,166.60460963501603,16.660460963501603,Take Profit
2023-06-21 02:33:00,2023-06-21 12:30:00,LONG,28759.4,29115.5,0.07432583604060977,1,0.4,25.601816662364882,2.5601816662364882,Take Profit
2023-06-21 17:10:00,2023-06-22 02:34:00,LONG,29952.649999999998,30324.5,0.15730826404145828,2,0.44,56.58696020264652,5.658696020264652,Take Profit
2023-06-22 03:26:00,2023-06-23 15:05:00,LONG,29997.94,30407.8,0.43001342520211755,5,0.48,171.01499756099577,17.101499756099578,Take Profit
2023-06-23 16:23:00,2023-06-23 17:04:00,LONG,30797.4,31178.2,0.09437142677054675,1,0.52,34.75970682696914,3.475970682696914,Take Profit
2023-06-23 18:17:00,2023-06-27 14:06:00,LONG,30537.76,30911.7,0.2028152535058028,2,0.56,73.33299018724223,7.333299018724223,Take Profit
2023-06-27 15:07:00,2023-06-29 10:35:00,LONG,30324.519999999997,30708.8,0.5180025591103063,5,0.6,192.69512862002716,19.269512862002717,Take Profit
2023-06-29 13:58:00,2023-06-30 02:38:00,LONG,30344.649999999998,30716.4,0.43168113747874254,4,0.6,155.17358666122328,15.517358666122327,Take Profit
2023-06-30 04:16:00,2023-06-30 04:41:00,LONG,30700.8,31106.9,0.11017488562483421,1,0.6,43.371141392388154,4.337114139238815,Take Profit
2023-06-30 04:59:00,2023-06-30 14:13:00,LONG,29845.995000000003,30224.5,0.4415736512051783,4,0.6,161.79929772107448,16.17992977210745,Take Profit
2023-06-30 14:49:00,2023-06-30 16:42:00,LONG,30000.0,30414.1,0.10797588664152091,1,0.6,43.399218892692105,4.339921889269211,Take Profit
2023-06-30 18:09:00,2023-07-02 22:27:00,LONG,30350.0,30723.0,0.10756305450403375,1,0.6,38.799155440593616,3.879915544059362,Take Profit
2023-07-02 22:43:00,2023-07-03 15:04:00,LONG,30528.5,30910.3,0.10767101915170325,1,0.6,39.77753771080627,3.9777537710806268,Take Profit
2023-07-03 16:07:00,2023-07-03 19:02:00,LONG,30902.1,31276.6,0.10711609704419102,1,0.6,38.774887414724596,3.8774887414724595,Take Profit
2023-07-03 20:16:00,2023-07-06 08:49:00,LONG,30855.18,31235.3,0.5347190244457892,5,0.6,196.57655191462422,19.65765519146242,Take Profit
2023-07-06 09:40:00,2023-07-10 19:50:00,LONG,30334.295999999995,30702.7,0.5521755030095523,5,0.6,196.6423524842338,19.66423524842338,Take Profit
2023-07-10 20:43:00,2023-07-13 15:44:00,LONG,30597.2,31006.4,0.32167006060735986,3,0.6,127.63785657364548,12.763785657364549,Take Profit
2023-07-13 18:31:00,2023-07-13 19:25:00,LONG,31111.7,31650.6,0.10853645045948512,1,0.6,57.11619564105111,5.711619564105111,Take Profit
2023-07-24 12:00:00,2023-08-02 00:00:00,SHORT,29242.8,29737.2,0.5407525636269724,1,0.6,-280.1055019382635,-28.01055019382635,Trend Up
2023-08-02 16:00:00,2023-08-08 20:00:00,SHORT,29292.0,29892.4,0.5407525636269724,1,0.6,-337.4694856123247,-33.74694856123247,Trend Up
2023-08-15 20:00:00,2023-09-18 12:00:00,SHORT,29150.3,27200.6,0.5407525636269724,1,0.6,1042.1165158484337,104.21165158484335,Trend Up
2023-09-22 00:00:00,2023-09-27 12:00:00,SHORT,26554.9,26785.1,0.5407525636269724,1,0.6,-136.01873684447256,-13.601873684447256,Trend Up
2023-09-27 16:00:00,2023-09-28 16:00:00,SHORT,26280.3,27080.0,0.5407525636269724,1,0.6,-443.98171274085195,-44.39817127408519,Trend Up
2023-10-11 16:00:00,2023-10-16 04:00:00,SHORT,26774.1,27228.4,0.5407525636269724,1,0.6,-257.34468578264136,-25.734468578264135,Trend Up
2023-07-13 19:48:00,2023-10-23 04:00:00,LONG,30396.584,30817.1,0.5407525636269724,5,0.6,220.72933471474022,22.07293347147402,Take Profit
2023-10-23 05:04:00,2023-10-23 15:10:00,LONG,30466.799999999996,30834.3,0.13081607306884607,2,0.4,46.46145803607072,4.646145803607072,Take Profit
2023-10-23 17:28:00,2023-10-23 19:01:00,LONG,30889.6,31274.2,0.0718633195290569,1,0.44,26.739645559829192,2.6739645559829195,Take Profit
2023-10-23 23:11:00,2023-10-23 23:16:00,LONG,32726.2,33131.7,0.07437590284457457,1,0.48,29.173748563364484,2.917374856336448,Take Profit
2023-10-24 03:47:00,2023-10-24 05:28:00,LONG,34155.825,34573.5,0.3082291732757573,4,0.52,124.47699541905304,12.447699541905303,Take Profit
2023-10-24 05:43:00,2023-10-24 11:04:00,LONG,34101.86,34512.0,0.4258412459146333,5,0.56,168.77587536782514,16.877587536782514,Take Profit
2023-10-24 14:20:00,2023-10-24 16:32:00,LONG,33764.72,34205.3,0.47284948773272545,5,0.6,201.8584438721873,20.185844387218733,Take Profit
2023-10-24 18:09:00,2023-10-24 21:53:00,LONG,33592.6,34002.9,0.09962592965023392,1,0.6,39.521490726169695,3.9521490726169692,Take Profit
2023-10-24 23:18:00,2023-10-25 01:28:00,LONG,33867.299999999996,34347.8,0.39643912175972623,4,0.6,185.04227333899985,18.504227333899983,Take Profit
2023-10-25 02:22:00,2023-10-25 11:17:00,LONG,33925.3,34356.3,0.40824575689573367,4,0.6,170.34359574300646,17.034359574300645,Take Profit
2023-10-25 14:06:00,2023-10-25 14:58:00,LONG,34342.9,34780.9,0.10413473905539587,1,0.6,44.162255728018664,4.416225572801866,Take Profit
2023-10-25 16:29:00,2023-10-29 17:36:00,LONG,34248.08000000001,34677.0,0.5201910930295873,5,0.6,215.9048970090511,21.59048970090511,Take Profit
2023-10-29 19:04:00,2023-10-30 12:29:00,LONG,34411.25,34835.7,0.2155338871917569,2,0.6,88.48004888492224,8.848004888492223,Take Profit
2023-10-30 12:52:00,2023-11-01 12:55:00,LONG,34374.350000000006,34807.8,0.43670758250637404,4,0.6,183.21056956124042,18.321056956124043,Take Profit
2023-11-01 13:31:00,2023-11-01 18:36:00,LONG,34280.36,34715.1,0.5613846592883645,5,0.6,236.26095694475782,23.626095694475783,Take Profit
2023-11-01 22:40:00,2023-11-02 02:19:00,LONG,35225.5,35651.4,0.11417764559317958,1,0.6,47.00002209249508,4.700002209249508,Take Profit
2023-11-02 03:28:00,2023-11-04 22:42:00,LONG,34596.608,35037.3,0.5679627281881467,5,0.6,242.3366784121537,24.23366784121537,Take Profit
2023-11-05 00:09:00,2023-11-05 23:01:00,LONG,34689.0,35215.7,0.4447752461368903,4,0.6,227.99789348614567,22.799789348614567,Take Profit
2023-11-06 00:01:00,2023-11-07 18:11:00,LONG,34790.36666666667,35249.9,0.34516557355941857,3,0.6,153.74826578910645,15.374826578910644,Take Profit
2023-11-07 22:03:00,2023-11-08 19:16:00,LONG,35307.5,35761.0,0.2323870573874163,2,0.6,102.06337310150074,10.206337310150074,Take Profit
2023-11-08 20:36:00,2023-11-08 23:45:00,LONG,35518.2,36110.4,0.11747194185768753,1,0.6,67.87010044441993,6.787010044441994,Take Profit
2023-11-09 05:30:00,2023-11-09 10:21:00,LONG,36534.3,36983.8,0.1152920026247745,1,0.6,50.11818063316649,5.011818063316649,Take Profit
2023-11-09 11:13:00,2023-11-09 13:51:00,LONG,36661.2,37133.1,0.11568559165677722,1,0.6,52.87372484541323,5.287372484541323,Take Profit
2023-11-09 15:26:00,2023-11-10 02:52:00,LONG,36427.91,36877.6,0.22880980001754714,2,0.6,99.51829645743881,9.95182964574388,Take Profit
2023-11-10 03:25:00,2023-11-10 11:32:00,LONG,36672.4,37123.0,0.21412315377591168,2,0.6,93.30433555637622,9.33043355563762,Take Profit
2023-11-10 12:13:00,2023-11-10 16:07:00,LONG,36907.1,37378.0,0.10812908065932834,1,0.6,49.30132457172412,4.930132457172412,Take Profit
2023-11-10 17:39:00,2023-11-15 11:35:00,LONG,35774.659999999996,36207.9,0.43242339250395734,4,0.6,181.0802533870391,18.10802533870391,Take Profit
2023-11-15 20:34:00,2023-11-15 22:43:00,LONG,37424.9,37880.1,0.10207894431701363,1,0.6,44.91963120565514,4.491963120565514,Take Profit
2023-11-16 01:16:00,2023-11-17 02:26:00,LONG,36165.8,36602.1,0.5104332859038031,5,0.6,215.22887057023522,21.52288705702352,Take Profit
2023-11-17 02:45:00,2023-11-17 17:08:00,LONG,36185.2,36625.7,0.5049979468076617,5,0.6,215.05323424861763,21.505323424861764,Take Profit
2023-11-17 20:37:00,2023-11-18 16:11:00,LONG,36359.4,36807.7,0.10475776643145544,1,0.6,45.42054971542938,4.542054971542938,Take Profit
2023-11-18 16:35:00,2023-11-19 19:47:00,LONG,36504.75,36954.7,0.4183662188256292,4,0.6,182.05964091785646,18.205964091785646,Take Profit
2023-11-19 20:18:00,2023-11-19 23:07:00,LONG,36858.3,37366.0,0.10691860826640297,1,0.6,52.68452913025951,5.268452913025952,Take Profit
2023-11-20 00:04:00,2023-11-20 16:00:00,LONG,37047.35,37530.3,0.42591900471232835,4,0.6,199.3036361167988,19.93036361167988,Take Profit
2023-11-20 16:53:00,2023-11-20 17:47:00,LONG,37092.65,37687.0,0.21941926776940945,2,0.6,127.1041402209779,12.71041402209779,Take Profit
2023-11-20 18:13:00,2023-11-22 19:08:00,LONG,36980.44,37425.6,0.11112673697122932,1,0.6,47.805584307235854,4.780558430723585,Take Profit
2023-11-22 22:28:00,2023-11-24 10:24:00,LONG,37304.700000000004,37758.9,0.31014199221984134,3,0.6,136.18224467823913,13.618224467823914,Take Profit
2023-11-24 11:56:00,2023-11-24 15:26:00,LONG,37724.1,38211.9,0.10494549472578951,1,0.6,49.588345627275466,4.958834562727547,Take Profit
2023-11-24 16:18:00,2023-11-28 19:41:00,LONG,37836.32,38305.9,0.5223856583659079,5,0.6,237.2976763391445,23.72976763391445,Take Profit
2023-11-28 21:44:00,2023-11-29 08:57:00,LONG,37865.2,38350.2,0.2172842009717551,2,0.6,102.04968044565842,10.204968044565843,Take Profit
2023-11-29 09:30:00,2023-12-01 09:06:00,LONG,37925.54,38385.5,0.5481058218616631,5,0.6,243.69102741346174,24.369102741346175,Take Profit
2023-12-01 12:21:00,2023-12-01 16:33:00,LONG,38365.0,38881.2,0.22485020286168542,2,0.6,112.57069643419905,11.257069643419905,Take Profit
2023-12-01 21:55:00,2023-12-02 19:08:00,LONG,38786.0,39430.7,0.11322036662683999,1,0.6,71.20742704018222,7.120742704018222,Take Profit
2023-12-02 22:08:00,2023-12-03 15:50:00,LONG,39305.74999999999,39797.0,0.44940992420302134,4,0.6,213.61855856333446,21.361855856333445,Take Profit
2023-12-03 17:00:00,2023-12-03 22:33:00,LONG,39550.850000000006,40197.9,0.22982428171839142,2,0.6,145.0124200882491,14.501242008824908,Take Profit
2023-12-03 23:31:00,2023-12-04 01:15:00,LONG,39790.0,40308.5,0.11665728228733542,1,0.6,58.605888840751795,5.860588884075179,Take Profit
2023-12-04 02:23:00,2023-12-04 05:09:00,LONG,40496.5,41193.9,0.11546288605520467,1,0.6,78.62127010215211,7.862127010215211,Take Profit
2023-12-04 07:43:00,2023-12-04 10:36:00,LONG,41410.1,41913.3,0.1140275760003539,1,0.6,55.466967442908334,5.546696744290833,Take Profit
2023-12-04 11:11:00,2023-12-04 22:09:00,LONG,41571.72000000001,42115.6,0.5686202107249926,5,0.6,299.6820476703796,29.96820476703796,Take Profit
2023-12-04 22:46:00,2023-12-05 14:58:00,LONG,41699.259999999995,42215.0,0.5870216902901247,5,0.6,292.838118287993,29.2838118287993,Take Profit
2023-12-05 19:47:00,2023-12-05 21:46:00,LONG,43616.4,44187.0,0.11688273899058345,1,0.6,64.62741183291598,6.462741183291598,Take Profit
2023-12-05 22:00:00,2023-12-05 22:28:00,LONG,43824.5,44380.1,0.11718461643549558,1,0.6,63.02750689321359,6.30275068932136,Take Profit
2023-12-05 23:07:00,2023-12-08 20:54:00,LONG,43791.22000000001,44351.5,0.585613812656226,5,0.6,317.71856655021634,31.771856655021637,Take Profit
2023-12-08 22:32:00,2023-12-11 03:38:00,LONG,41921.3496,42451.5,0.602845244972371,5,0.6,309.3619737934218,30.93619737934218,Take Profit
2023-12-11 04:24:00,2023-12-11 09:19:00,LONG,41863.700000000004,42383.3,0.2430487441285952,2,0.6,122.16764431440751,12.216764431440751,Take Profit
2023-12-11 11:24:00,2023-12-11 22:18:00,LONG,40818.28666666667,41328.4,0.3672114844015371,3,0.6,181.2489691015737,18.12489691015737,Take Profit
2023-12-11 22:58:00,2023-12-12 00:47:00,LONG,41264.7,41787.0,0.11867653577617153,1,0.6,60.001100075703185,6.000110007570319,Take Profit
2023-12-12 01:24:00,2023-12-12 07:49:00,LONG,41503.33333333333,42026.5,0.35512848069970465,3,0.6,179.82146064841342,17.98214606484134,Take Profit
2023-12-12 09:33:00,2023-12-13 16:08:00,LONG,41576.560000000005,42086.8,0.6014939021086606,5,0.6,296.780267188215,29.678026718821503,Take Profit
2023-12-13 16:33:00,2023-12-13 19:10:00,LONG,41964.9,42473.6,0.12411321678522455,1,0.6,61.0277793288638,6.10277793288638,Take Profit
2023-12-13 22:43:00,2023-12-14 17:33:00,LONG,42616.619999999995,43132.3,0.6094283602543039,5,0.6,303.7555980707454,30.37555980707454,Take Profit
2023-12-14 18:08:00,2023-12-18 20:43:00,LONG,41432.208,41936.7,0.6292301163972592,5,0.6,306.8864260325583,30.68864260325583,Take Profit
2023-12-19 04:32:00,2023-12-20 13:18:00,LONG,42708.82000000001,43242.0,0.604344671057803,5,0.6,311.77126280824257,31.177126280824258,Take Profit
2023-12-20 15:42:00,2023-12-21 11:12:00,LONG,43626.82,44150.7,0.6105268083055397,5,0.6,309.0607099529224,30.90607099529224,Take Profit
2023-12-21 13:02:00,2023-12-22 06:34:00,LONG,43845.23333333334,44449.1,0.3788538672579783,3,0.6,222.0413366023945,22.20413366023945,Take Profit
2023-12-22 07:01:00,2023-12-27 10:29:00,LONG,42552.12666666666,43100.4,0.38944814266075034,3,0.6,206.8098830459128,20.68098830459128,Take Profit
2023-12-27 11:20:00,2023-12-27 20:36:00,LONG,42907.65,43436.0,0.5002294544268394,4,0.6,255.6050456134262,25.56050456134262,Take Profit
2023-12-27 22:41:00,2023-12-31 07:32:00,LONG,42176.975,42689.6,0.5099236729795517,4,0.6,252.69224780913154,25.269224780913152,Take Profit
2023-12-31 08:24:00,2024-01-01 01:38:00,LONG,42272.86666666667,42811.3,0.37147712585904813,3,0.6,193.65429966205807,19.36542996620581,Take Profit
2024-01-01 02:02:00,2024-01-01 18:07:00,LONG,42510.950000000004,43041.3,0.25195157438729826,2,0.6,129.28478815683286,12.928478815683286,Take Profit
2024-01-01 21:27:00,2024-01-01 23:32:00,LONG,43569.649999999994,44108.5,0.24926714989807025,2,0.6,129.91968369006497,12.991968369006496,Take Profit
2024-01-02 05:04:00,2024-01-02 08:17:00,LONG,45160.3,45710.6,0.12223098479821909,1,0.6,65.02881027297244,6.502881027297244,Take Profit
2024-01-02 11:38:00,2024-01-03 16:03:00,LONG,42990.3162,43526.9,0.6116482250220692,5,0.6,317.5512683953119,31.755126839531194,Take Profit
2024-01-04 01:18:00,2024-01-04 05:37:00,LONG,42720.6,43239.3,0.12484821734661142,1,0.6,62.59943052796176,6.259943052796175,Take Profit
2024-01-04 07:18:00,2024-01-04 13:51:00,LONG,42917.35,43442.6,0.24953450934213173,2,0.6,126.73182988173608,12.673182988173606,Take Profit
2024-01-04 16:07:00,2024-01-04 19:19:00,LONG,43831.0,44357.5,0.12418925422811772,1,0.6,63.18215241333449,6.31821524133345,Take Profit
2024-01-04 19:46:00,2024-01-04 20:38:00,LONG,43942.1,44516.6,0.12470824316798995,1,0.6,69.42425090888537,6.942425090888536,Take Profit
2024-01-04 22:33:00,2024-01-05 20:54:00,LONG,43589.17777777778,44126.5,0.22416628025672314,2,0.6,116.49285450853156,11.649285450853156,Take Profit
2024-01-06 00:46:00,2024-01-07 13:19:00,LONG,43751.1,44306.6,0.2381577851428191,2,0.6,128.07586495755248,12.807586495755249,Take Profit
2024-01-07 15:21:00,2024-01-08 11:55:00,LONG,44006.76,44613.1,0.5996156075989206,5,0.6,352.87064308617886,35.287064308617886,Take Profit
2024-01-08 12:29:00,2024-01-08 12:58:00,LONG,44504.9,45115.6,0.12393289885049956,1,0.6,73.44929849144788,7.344929849144788,Take Profit
2024-01-08 13:35:00,2024-01-08 17:53:00,LONG,44923.3,45500.6,0.12373016007376249,1,0.6,69.17750280200165,6.917750280200166,Take Profit
2024-01-08 19:28:00,2024-01-09 13:52:00,LONG,46324.64,46924.9,0.5999960983241645,5,0.6,348.8917552143635,34.88917552143635,Take Profit
2024-01-09 18:09:00,2024-01-09 21:11:00,LONG,46567.0,47637.0,0.12457757514905315,1,0.6,130.9242046305367,13.092420463053669,Take Profit
2024-01-09 23:17:00,2024-01-10 17:42:00,LONG,45592.18,46152.7,0.639373998068098,5,0.6,346.57837886887324,34.65783788688733,Take Profit
2024-01-10 20:10:00,2024-01-10 20:58:00,LONG,45599.2,46208.9,0.13332069628550053,1,0.6,78.82138743623543,7.882138743623543,Take Profit
2024-01-10 21:39:00,2024-01-10 21:58:00,LONG,45278.0,45921.0,0.1352787422240594,1,0.6,84.49937720140177,8.449937720140177,Take Profit
2024-01-10 23:27:00,2024-01-11 11:13:00,LONG,46379.100000000006,46977.1,0.5271166159156616,4,0.6,305.31077232654917,30.53107723265492,Take Profit
2024-01-11 13:31:00,2024-01-11 14:01:00,LONG,46875.3,47448.7,0.1355020579560267,1,0.6,75.12512143304969,7.512512143304968,Take Profit
2024-01-11 15:06:00,2024-01-11 20:03:00,LONG,46278.299999999996,46852.0,0.5326279335351174,4,0.6,295.5867718923042,29.55867718923042,Take Profit
2024-01-13 00:00:00,2024-01-28 08:00:00,SHORT,42822.3,42398.0,0.6533226096645777,1,0.6,254.93424376372292,25.493424376372293,Trend Up
2024-01-28 20:00:00,2024-01-29 16:00:00,SHORT,41786.2,42633.4,0.6533226096645777,1,0.6,-575.556208259369,-57.555620825936906,Trend Up
2024-02-01 04:00:00,2024-02-01 16:00:00,SHORT,41965.6,42538.3,0.6533226096645777,1,0.6,-396.2411819448403,-39.62411819448403,Trend Up
2024-01-11 20:32:00,2024-02-08 02:05:00,LONG,44154.003600000004,44725.9,0.6533226096645777,5,0.6,361.944671822737,36.1944671822737,Take Profit
2024-02-08 03:30:00,2024-02-08 14:12:00,LONG,44589.0,45148.6,0.0805668789973975,1,0.4,43.630232769702765,4.363023276970276,Take Profit
2024-02-08 14:31:00,2024-02-08 15:31:00,LONG,44876.5,45417.9,0.08846949439014233,1,0.44,46.290144803118366,4.629014480311837,Take Profit
2024-02-08 16:49:00,2024-02-09 02:18:00,LONG,45071.6,45804.7,0.09657047106357532,1,0.48,69.02645975433663,6.902645975433663,Take Profit
2024-02-09 04:17:00,2024-02-09 08:57:00,LONG,45927.4,46537.6,0.10343040396683716,1,0.52,61.1878713935049,6.11878713935049,Take Profit
2024-02-09 14:17:00,2024-02-09 18:24:00,LONG,47334.4,48128.8,0.10877707471923106,1,0.56,84.31838412745854,8.431838412745854,Take Profit
2024-02-09 18:55:00,2024-02-10 20:45:00,LONG,47349.280000000006,47958.6,0.5845455733148824,5,0.6,344.96171379926807,34.49617137992681,Take Profit
2024-02-10 21:11:00,2024-02-11 03:36:00,LONG,47764.3,48410.3,0.12072542906703812,1,0.6,75.65088548180101,7.565088548180102,Take Profit
2024-02-11 06:25:00,2024-02-12 00:30:00,LONG,48150.1,48780.1,0.12067206953109193,1,0.6,73.66884555701446,7.3668845557014455,Take Profit
2024-02-12 01:03:00,2024-02-12 14:56:00,LONG,48147.46666666667,48725.5,0.3623593828872472,3,0.6,202.39334511057592,20.239334511057592,Take Profit
2024-02-12 16:16:00,2024-02-12 17:19:00,LONG,49487.1,50120.0,0.12064614486368795,1,0.6,73.93823117200107,7.393823117200108,Take Profit
2024-02-12 18:39:00,2024-02-13 01:36:00,LONG,49726.4,50368.4,0.12092888026292868,1,0.6,75.1999434437461,7.5199943443746085,Take Profit
2024-02-13 02:41:00,2024-02-14 08:53:00,LONG,49556.200000000004,50181.7,0.606023443546551,5,0.6,366.90314928355525,36.69031492835553,Take Profit
2024-02-14 10:23:00,2024-02-14 14:31:00,LONG,51274.8,51920.4,0.12228168200948958,1,0.6,76.40548836828408,7.640548836828407,Take Profit
2024-02-14 15:11:00,2024-02-15 00:21:00,LONG,51386.75,52116.6,0.2451039734960497,2,0.6,173.77954075804985,17.377954075804986,Take Profit
2024-02-15 01:10:00,2024-02-15 11:34:00,LONG,51839.600000000006,52495.7,0.49283205709755556,4,0.6,312.9984871337914,31.29984871337914,Take Profit
2024-02-15 14:02:00,2024-02-15 14:33:00,LONG,52150.0,52787.9,0.1265046924400929,1,0.6,78.02617648591209,7.802617648591209,Take Profit
2024-02-15 15:03:00,2024-02-16 13:02:00,LONG,51845.82000000001,52484.4,0.6328712490888505,5,0.6,390.8525751288831,39.085257512888305,Take Profit
2024-02-16 14:18:00,2024-02-18 22:12:00,LONG,51527.43999999999,52149.3,0.6601985677520782,5,0.6,396.77952407460793,39.67795240746079,Take Profit
2024-02-18 23:28:00,2024-02-20 13:34:00,LONG,51866.539999999986,52749.3,0.680083013176858,5,0.6,586.0005195572264,58.60005195572264,Take Profit
2024-02-20 14:09:00,2024-02-20 22:49:00,LONG,51700.920000000006,52326.0,0.7093360439382835,5,0.6,428.5450872108925,42.85450872108925,Take Profit
2024-02-20 22:59:00,2024-02-26 15:31:00,LONG,51916.939999999995,52613.8,0.7367138020376135,5,0.6,497.8818550328785,49.78818550328785,Take Profit
2024-02-26 18:34:00,2024-02-26 19:15:00,LONG,53454.8,54352.5,0.14928503801821866,1,0.6,130.76757261740036,13.076757261740035,Take Profit
2024-02-26 20:21:00,2024-02-27 01:43:00,LONG,54373.7,55062.8,0.14816992761909994,1,0.6,98.84043668612064,9.884043668612064,Take Profit
2024-02-27 03:47:00,2024-02-27 09:39:00,LONG,55979.1,56655.0,0.5765991663650338,4,0.6,376.65648623796284,37.66564862379628,Take Profit
2024-02-27 10:36:00,2024-02-27 12:33:00,LONG,56502.0,57318.9,0.14746672994294302,1,0.6,117.08451939161974,11.708451939161973,Take Profit
2024-02-27 12:58:00,2024-02-27 19:34:00,LONG,56585.04999999999,57277.7,0.2956586496892775,2,0.6,198.01410473155764,19.801410473155766,Take Profit
2024-02-27 20:04:00,2024-02-28 07:35:00,LONG,57000.7,57715.7,0.2979883034609492,2,0.6,206.18219556415423,20.618219556415422,Take Profit
2024-02-28 09:20:00,2024-02-28 13:06:00,LONG,58925.6,59929.4,0.14653804545187465,1,0.6,143.58211516815078,14.358211516815079,Take Profit
2024-02-28 14:26:00,2024-02-28 14:56:00,LONG,60145.4,60908.3,0.14496402315122378,1,0.6,107.06124837754817,10.706124837754817,Take Profit
2024-02-28 17:25:00,2024-02-28 17:56:00,LONG,60888.799999999996,61668.5,0.2841280740348165,2,0.6,214.5259584715012,21.45259584715012,Take Profit
2024-02-28 18:23:00,2024-02-28 18:29:00,LONG,59481.7,60332.5,0.14972044997633363,1,0.6,123.76895522058622,12.376895522058621,Take Profit
2024-02-28 20:06:00,2024-02-28 22:08:00,LONG,60267.9,61031.4,0.2961097302693423,2,0.6,218.8509825038587,21.885098250385866,Take Profit
2024-02-29 00:03:00,2024-02-29 04:46:00,LONG,61737.825,62551.4,0.5858035520794865,4,0.6,461.9379919600529,46.193799196005294,Take Profit
2024-02-29 05:19:00,2024-02-29 05:57:00,LONG,61905.6,62711.8,0.15141217242064695,1,0.6,118.27036145576257,11.827036145576256,Take Profit
2024-02-29 08:24:00,2024-02-29 11:36:00,LONG,62663.35,63428.0,0.3005825439166446,2,0.6,222.21430236764473,22.221430236764473,Take Profit
2024-02-29 12:05:00,2024-02-29 14:32:00,LONG,62636.8,63449.9,0.1527980687769714,1,0.6,120.36210084891844,12.036210084891845,Take Profit
2024-02-29 15:56:00,2024-03-01 20:54:00,LONG,62009.20000000001,62827.2,0.614120059826537,4,0.6,486.9168314090047,48.69168314090047,Take Profit
2024-03-02 01:11:00,2024-03-03 12:25:00,LONG,61782.46666666667,62579.1,0.4791417775798068,3,0.6,369.7066069273214,36.97066069273214,Take Profit
2024-03-03 13:19:00,2024-03-03 16:49:00,LONG,62073.5,62856.5,0.16332947768530737,1,0.6,123.78045330194506,12.378045330194507,Take Profit
2024-03-03 20:07:00,2024-03-04 00:15:00,LONG,62640.0,63402.7,0.16299915998276102,1,0.6,120.18562458259575,12.018562458259575,Take Profit
2024-03-04 00:49:00,2024-03-04 00:51:00,LONG,62492.7,63391.9,0.16449806604448505,1,0.6,143.74552300604753,14.374552300604753,Take Profit
2024-03-04 02:10:00,2024-03-04 02:39:00,LONG,63172.0,63960.0,0.164055410987649,1,0.6,125.0784702235594,12.507847022355941,Take Profit
2024-03-04 03:39:00,2024-03-04 07:47:00,LONG,63512.2,64375.2,0.16431911058071363,1,0.6,137.57616218817364,13.757616218817365,Take Profit
2024-03-04 09:05:00,2024-03-04 09:33:00,LONG,64861.6,65667.9,0.16213459439738917,1,0.6,126.47030813004285,12.647030813004283,Take Profit
2024-03-04 10:06:00,2024-03-04 14:35:00,LONG,64996.2,65824.3,0.16292748620125191,1,0.6,130.6304162312748,13.06304162312748,Take Profit
2024-03-04 18:12:00,2024-03-04 19:38:00,LONG,66461.0,67292.1,0.16047763663167422,1,0.6,129.05341293579247,12.905341293579248,Take Profit
2024-03-04 23:27:00,2024-03-05 01:49:00,LONG,67810.6,68697.4,0.15838787055311723,1,0.6,136.10602964708823,13.610602964708823,Take Profit
2024-03-05 02:12:00,2024-03-05 08:59:00,LONG,66146.075,66962.1,0.6351658345022597,4,0.6,501.2983848491025,50.12983848491025,Take Profit
2024-03-05 09:31:00,2024-03-05 10:32:00,LONG,66383.90000000001,67222.8,0.6180508932654175,4,0.6,501.8640497252342,50.18640497252343,Take Profit
2024-03-05 15:05:00,2024-03-05 15:16:00,LONG,67617.1,68432.4,0.15672287918249816,1,0.6,123.48619429454158,12.348619429454159,Take Profit
2024-03-05 15:30:00,2024-03-06 04:56:00,LONG,63773.56,64557.6,0.7963234017368297,5,0.6,603.7859088417584,60.37859088417584,Take Profit
2024-03-06 08:42:00,2024-03-06 11:59:00,LONG,66556.2,67383.9,0.30946352145129863,2,0.6,247.80181311199013,24.780181311199012,Take Profit
2024-03-06 12:40:00,2024-03-06 12:52:00,LONG,65503.82500000001,66301.8,0.6334351459247826,4,0.6,488.66625442609256,48.866625442609255,Take Profit
2024-03-06 14:44:00,2024-03-06 15:34:00,LONG,65835.7,66690.3,0.4871596679841397,3,0.6,403.3311224969435,40.33311224969435,Take Profit
2024-03-06 20:37:00,2024-03-07 08:11:00,LONG,66083.98,66915.6,0.8245023426579055,5,0.6,663.6038106170317,66.36038106170318,Take Profit
2024-03-07 10:35:00,2024-03-07 14:34:00,LONG,66758.3,67625.0,0.1708560576758163,1,0.6,143.45928882749865,14.345928882749865,Take Profit
2024-03-07 17:55:00,2024-03-08 14:11:00,LONG,67223.475,68089.8,0.6807624508759847,4,0.6,571.2203386040733,57.12203386040733,Take Profit
2024-03-08 16:02:00,2024-03-08 16:46:00,LONG,66889.5,67753.5,0.17672649825437148,1,0.6,147.90215897198593,14.79021589719859,Take Profit
2024-03-08 21:20:00,2024-03-10 01:21:00,LONG,68453.1,69296.6,0.5190557033281458,3,0.6,423.43596757679126,42.34359675767912,Take Profit
2024-03-10 01:42:00,2024-03-10 04:10:00,LONG,68716.7,69550.0,0.17685053956808364,1,0.6,142.44957261130054,14.244957261130054,Take Profit
2024-03-10 05:39:00,2024-03-11 07:04:00,LONG,68921.28,69889.0,0.8820419161894171,5,0.6,828.9115921425989,82.89115921425989,Take Profit
2024-03-11 10:42:00,2024-03-11 15:34:00,LONG,71702.8,72579.6,0.17736958111519396,1,0.6,150.36828342199925,15.036828342199925,Take Profit
2024-03-11 17:09:00,2024-03-12 14:06:00,LONG,72075.6,72975.3,0.3540308099508435,2,0.6,308.1873178866106,30.818731788661058,Take Profit
2024-03-12 15:00:00,2024-03-12 15:13:00,LONG,71181.4,72036.1,0.1824051309850121,1,0.6,150.6457637504322,15.06457637504322,Take Profit
2024-03-12 15:58:00,2024-03-12 19:09:00,LONG,70722.14000000001,71724.1,0.9110981255663398,5,0.6,886.7448006652694,88.67448006652694,Take Profit
2024-03-12 19:54:00,2024-03-13 01:30:00,LONG,71178.45,72054.9,0.3806858671526274,2,0.6,322.6800154302809,32.26800154302809,Take Profit
2024-03-13 03:33:00,2024-03-13 07:06:00,LONG,71987.2,72859.3,0.19135084110211473,1,0.6,161.30039319031084,16.130039319031084,Take Profit
2024-03-13 11:29:00,2024-03-15 00:23:00,LONG,71009.67333333334,71873.4,0.567456056605149,3,0.6,473.812929795848,47.3812929795848,Take Profit
2024-03-15 02:14:00,2024-03-15 18:48:00,LONG,68759.688,69727.2,0.9150729684270513,5,0.6,859.8218874751528,85.98218874751528,Take Profit
2024-03-15 19:21:00,2024-03-15 23:34:00,LONG,68676.375,69596.8,0.7099522879607064,4,0.6,633.6936716883378,63.369367168833776,Take Profit
2024-03-16 01:35:00,2024-03-17 11:12:00,LONG,66595.30799999999,67459.2,0.9234244566234411,5,0.6,772.8216106396435,77.28216106396435,Take Profit
2024-03-17 11:27:00,2024-03-17 14:59:00,LONG,66838.0,67652.6,0.36373974255626884,2,0.6,286.4592185634338,28.64592185634338,Take Profit
2024-03-17 18:22:00,2024-03-18 04:37:00,LONG,67579.025,68434.0,0.7242029114769986,4,0.6,599.3513434224443,59.93513434224443,Take Profit
2024-03-18 08:23:00,2024-03-18 12:53:00,LONG,67785.8,68612.0,0.18750359371518274,1,0.6,149.769470498689,14.9769470498689,Take Profit
2024-03-18 13:20:00,2024-03-18 23:18:00,LONG,67210.31999999999,68033.3,0.9403519508732817,5,0.6,748.3007499779643,74.83007499779643,Take Profit
2024-03-18 23:57:00,2024-03-20 19:49:00,LONG,65144.848000000005,65978.6,0.9778025143893044,5,0.6,789.4391855867573,78.94391855867573,Take Profit
2024-03-21 00:07:00,2024-03-23 16:42:00,LONG,64857.168,65707.6,0.9381318006858153,5,0.6,773.1603478781494,77.31603478781494,Take Profit
2024-03-23 18:39:00,2024-03-24 12:07:00,LONG,64870.340000000004,65676.0,0.9303546888038399,5,0.6,725.1087687649457,72.51087687649456,Take Profit
2024-03-24 13:28:00,2024-03-24 18:34:00,LONG,65204.775,66073.3,0.76940396163033,4,0.6,647.9117522637878,64.79117522637877,Take Profit
2024-03-25 00:03:00,2024-03-25 05:33:00,LONG,66944.0,67766.0,0.19373918233339263,1,0.6,154.00203610604686,15.400203610604684,Take Profit
2024-03-25 05:49:00,2024-03-25 13:58:00,LONG,67155.85,68014.4,0.38779749549640985,2,0.6,322.39321416736175,32.239321416736175,Take Profit
2024-03-25 18:32:00,2024-03-26 07:17:00,LONG,70092.575,71008.0,0.7522919605564186,4,0.6,667.2993689782855,66.72993689782855,Take Profit
2024-03-26 07:52:00,2024-03-27 13:06:00,LONG,70150.81999999999,71000.0,0.9625736807885292,5,0.6,790.0612257176163,79.00612257176162,Take Profit
2024-03-27 13:40:00,2024-03-27 14:38:00,LONG,69262.14,70097.8,0.9991736025118427,5,0.6,806.9534641333881,80.69534641333881,Take Profit
2024-03-27 15:12:00,2024-03-28 00:19:00,LONG,69008.15000000001,69906.5,0.41939898258183883,2,0.6,365.03959001204834,36.503959001204834,Take Profit
2024-03-28 01:30:00,2024-03-28 06:43:00,LONG,69373.5,70401.5,0.21292490082303428,1,0.6,212.8907050839621,21.28907050839621,Take Profit
2024-03-28 09:57:00,2024-03-28 14:32:00,LONG,70577.5,71437.9,0.2110521753724828,1,0.6,175.55844201086623,17.55584420108662,Take Profit
2024-03-28 16:04:00,2024-03-31 18:48:00,LONG,70454.26,71321.4,1.0535196744585098,5,0.6,883.4936512659815,88.34936512659814,Take Profit
2024-04-02 16:00:00,2024-04-02 20:00:00,SHORT,65061.0,65882.3,1.0936747943867418,1,0.6,-955.5188633113627,-95.55188633113627,Trend Up
2024-03-31 19:00:00,2024-04-04 16:21:00,LONG,67093.956,67925.9,1.0936747943867418,5,0.6,880.1606452548573,88.01606452548573,Take Profit
2024-04-04 18:55:00,2024-04-06 22:51:00,LONG,68052.68000000001,68940.0,0.6917355537015917,5,0.4,594.715491881616,59.471549188161596,Take Profit
2024-04-06 23:32:00,2024-04-07 15:25:00,LONG,69063.5,69909.1,0.1548519108185574,1,0.44,126.61255270073079,12.66125527007308,Take Profit
2024-04-07 15:36:00,2024-04-07 16:38:00,LONG,69458.0,70295.2,0.16881530312014575,1,0.48,136.58540957382903,13.658540957382904,Take Profit
2024-04-07 17:02:00,2024-04-08 07:30:00,LONG,69311.76,70172.4,0.9124696299183588,5,0.52,759.6957887495425,75.96957887495425,Take Profit
2024-04-08 12:28:00,2024-04-10 22:02:00,LONG,69434.78666666667,70307.8,0.5867837462808176,3,0.56,495.7678445757341,49.57678445757341,Take Profit
2024-04-10 22:52:00,2024-04-12 04:45:00,LONG,70228.24,71119.0,1.0178539655921568,5,0.6,877.7080959192849,87.77080959192848,Take Profit
2024-04-13 20:00:00,2024-04-22 20:00:00,SHORT,64818.4,66463.0,1.0486644472401072,1,0.6,-1779.7016046366416,-177.97016046366417,Trend Up
2024-04-24 16:00:00,2024-05-05 16:00:00,SHORT,64695.4,64402.1,1.0486644472401072,1,0.6,253.4212989844946,25.34212989844946,Trend Up
2024-05-06 16:00:00,2024-05-15 16:00:00,SHORT,63537.2,64748.2,1.0486644472401072,1,0.6,-1323.7439808397603,-132.37439808397602,Trend Up
2024-04-12 05:11:00,2024-05-20 18:45:00,LONG,67846.9164,68665.0,1.0486644472401072,5,0.6,829.0925684822982,82.90925684822983,Take Profit
2024-05-20 21:08:00,2024-05-20 23:13:00,LONG,69111.9,70006.4,0.1204326612462995,1,0.4,104.35459266230573,10.435459266230573,Take Profit
2024-05-21 01:23:00,2024-05-24 18:02:00,LONG,68126.252,68988.7,0.6496035461947949,5,0.44,542.3231575416635,54.23231575416635,Take Profit
2024-05-24 20:18:00,2024-05-25 11:07:00,LONG,68671.69999999998,69499.9,0.5637406711099379,4,0.48,451.21805570602766,45.12180557060276,Take Profit
2024-05-25 11:55:00,2024-05-27 15:00:00,LONG,68799.86666666667,69786.5,0.46604180647469906,3,0.52,446.80301038380105,44.68030103838011,Take Profit
2024-05-27 17:21:00,2024-05-30 17:24:00,LONG,68322.2,69148.1,0.5050484815733839,3,0.56,403.15028376798836,40.315028376798836,Take Profit
2024-05-30 19:17:00,2024-06-03 12:30:00,LONG,68673.46,69502.5,0.8692804983474299,5,0.6,696.5014372153909,69.65014372153908,Take Profit
2024-06-03 14:32:00,2024-06-04 14:07:00,LONG,69118.8,69982.6,0.7166347195372351,4,0.6,598.9682863668712,59.89682863668712,Take Profit
2024-06-04 17:36:00,2024-06-05 01:35:00,LONG,70420.6,71339.1,0.1814567422156629,1,0.6,161.4900334536474,16.14900334536474,Take Profit
2024-06-05 02:13:00,2024-06-05 15:36:00,LONG,70803.1,71727.6,0.18180164273465274,1,0.6,162.85954050442083,16.285954050442083,Take Profit
2024-06-05 16:47:00,2024-06-07 12:01:00,LONG,71002.92,71891.2,0.9078193081643569,5,0.6,780.2920472773917,78.02920472773917,Take Profit
2024-06-07 12:24:00,2024-06-12 13:04:00,LONG,68752.55333333334,69614.0,0.561265715275959,3,0.6,467.87169893746295,46.787169893746295,Take Profit
2024-06-11 12:00:00,2024-06-12 16:00:00,SHORT,66916.1,69783.3,0.9354428587932652,1,0.6,-2733.2515557445768,-273.32515557445765,Trend Up
2024-06-13 04:00:00,2024-07-15 04:00:00,SHORT,67475.7,62635.9,0.9354428587932652,1,0.6,4478.6715611611735,447.86715611611737,Trend Up
2024-07-15 09:07:00,2024-07-15 16:42:00,LONG,62617.9,63430.3,0.14598638431313912,1,0.4,114.89535455483535,11.489535455483535,Take Profit
2024-07-15 17:37:00,2024-07-15 22:12:00,LONG,63300.0,64172.0,0.15962783526399207,1,0.44,135.09801737237675,13.509801737237675,Take Profit
2024-07-16 02:14:00,2024-07-16 15:42:00,LONG,63865.99999999999,64711.1,0.8584245193327162,5,0.48,703.2347233228869,70.32347233228869,Take Profit
2024-07-16 19:46:00,2024-07-16 23:29:00,LONG,64332.85,65205.0,0.76515600552784,4,0.52,647.3740112849297,64.73740112849296,Take Profit
2024-07-17 01:52:00,2024-07-19 14:22:00,LONG,65002.09999999999,65799.9,1.0413602386415153,5,0.56,803.3886385615688,80.33886385615688,Take Profit
2024-07-19 18:24:00,2024-07-19 19:32:00,LONG,66398.2,67201.3,0.22754531324029478,1,0.6,176.62510471982006,17.662510471982007,Take Profit
2024-07-19 22:48:00,2024-07-20 17:16:00,LONG,66536.56666666668,67397.6,0.6835285527238963,3,0.6,570.1135945863346,57.01135945863346,Take Profit
2024-07-20 18:05:00,2024-07-21 19:31:00,LONG,66793.81999999999,67612.3,1.1566249320195305,5,0.6,915.3935456028838,91.53935456028837,Take Profit
2024-07-21 21:13:00,2024-07-22 00:47:00,LONG,67566.6,68403.4,0.23788078859929093,1,0.6,192.5499020059348,19.25499020059348,Take Profit
2024-07-22 00:57:00,2024-07-26 02:24:00,LONG,65821.38,66632.5,1.1879363477970952,5,0.6,931.8968629473384,93.18968629473385,Take Profit
2024-07-26 14:32:00,2024-07-26 19:26:00,LONG,67022.1,67833.9,0.2316683129061276,1,0.6,181.7823503488545,18.178235034885446,Take Profit
2024-07-26 20:14:00,2024-07-27 13:10:00,LONG,67702.7,68739.7,0.23089536738408994,1,0.6,233.08982466315243,23.308982466315243,Take Profit
2024-07-27 14:11:00,2024-07-29 02:26:00,LONG,68453.62000000001,69281.1,1.1418722262436103,5,0.6,913.2323642146156,91.32323642146156,Take Profit
2024-08-01 04:00:00,2024-08-02 00:00:00,SHORT,63939.1,65375.0,1.1753043055982353,1,0.6,-1748.4128198103322,-174.8412819810332,Trend Up
2024-08-02 08:00:00,2024-08-21 20:00:00,SHORT,64172.9,61610.1,1.1753043055982353,1,0.6,2952.9365537987355,295.29365537987354,Trend Up
2024-08-22 16:00:00,2024-08-23 16:00:00,SHORT,60349.8,61427.5,1.1753043055982353,1,0.6,-1323.875604148866,-132.3875604148866,Trend Up
2024-08-28 00:00:00,2024-09-13 16:00:00,SHORT,59350.1,59672.7,1.1753043055982353,1,0.6,-435.10837270773203,-43.5108372707732,Trend Up
2024-09-16 04:00:00,2024-09-17 16:00:00,SHORT,58521.2,61114.2,1.1753043055982353,1,0.6,-3103.8072647050108,-310.38072647050103,Trend Up
2024-10-02 00:00:00,2024-10-04 20:00:00,SHORT,60804.6,62294.5,1.1753043055982353,1,0.6,-1808.9574458089196,-180.89574458089197,Trend Up
2024-10-09 20:00:00,2024-10-11 16:00:00,SHORT,60965.3,62321.6,1.1753043055982353,1,0.6,-1652.025079440425,-165.2025079440425,Trend Up
2024-07-29 03:18:00,2024-10-15 13:54:00,LONG,66421.02,67254.3,1.1753043055982353,5,0.6,947.739864424898,94.7739864424898,Take Profit
2024-10-15 14:36:00,2024-10-15 16:10:00,LONG,65610.35,66418.2,0.22364456115022927,2,0.4,174.72963104865548,17.472963104865546,Take Profit
2024-10-15 18:34:00,2024-10-16 01:28:00,LONG,66659.40000000001,67466.0,0.3693290941415893,3,0.44,287.93398466846014,28.793398466846014,Take Profit
2024-10-16 03:16:00,2024-10-16 11:21:00,LONG,67071.9,67890.0,0.1359946643819246,1,0.48,107.56416382489776,10.756416382489776,Take Profit
2024-10-16 12:01:00,2024-10-18 01:56:00,LONG,67194.0,68135.9,0.5871369212802344,4,0.52,537.0222251319861,53.70222251319861,Take Profit
2024-10-18 03:38:00,2024-10-18 15:29:00,LONG,67794.9,68643.3,0.1621323314737765,1,0.56,133.10135071473186,13.310135071473187,Take Profit
2024-10-18 16:08:00,2024-10-20 22:29:00,LONG,68277.46666666666,69107.4,0.5190815639039387,3,0.6,416.454141694942,41.6454141694942,Take Profit
2024-10-21 00:52:00,2024-10-24 00:56:00,LONG,66502.856,67329.0,0.8755308834528287,5,0.6,699.7351386384556,69.97351386384555,Take Profit
2024-10-24 03:17:00,2024-10-24 13:55:00,LONG,67109.8,67929.9,0.34482913577644075,2,0.6,273.42469076610405,27.342469076610403,Take Profit
2024-10-24 15:05:00,2024-10-24 21:09:00,LONG,67586.5,68419.1,0.17401406034344832,1,0.6,140.12175248353833,14.012175248353834,Take Profit
2024-10-24 22:31:00,2024-10-25 14:30:00,LONG,67896.16666666664,68713.9,0.5202884928818005,3,0.6,411.1568229908083,41.11568229908083,Take Profit
2024-10-25 15:26:00,2024-10-27 21:45:00,LONG,67212.81999999999,68094.6,0.35391770418731794,2,0.6,302.43759939847644,30.243759939847642,Take Profit
2024-10-27 23:27:00,2024-10-28 10:25:00,LONG,67839.59999999999,68674.9,0.3329815257382715,2,0.6,268.99247925640987,26.899247925640985,Take Profit
2024-10-28 11:03:00,2024-10-28 19:04:00,LONG,68507.9,69344.0,0.16772224668925867,1,0.6,135.5803578671222,13.55803578671222,Take Profit
2024-10-28 20:29:00,2024-10-29 01:55:00,LONG,69404.1,70337.1,0.1666888475889232,1,0.6,150.83093074376657,15.083093074376658,Take Profit
2024-10-29 02:57:00,2024-10-29 15:25:00,LONG,71131.9,72057.3,0.16387319152061705,1,0.6,146.92494754383705,14.692494754383706,Take Profit
2024-10-29 17:46:00,2024-10-29 19:08:00,LONG,72586.5,73484.0,0.1617651884813074,1,0.6,140.42939541782923,14.042939541782923,Take Profit
2024-10-29 19:21:00,2024-11-01 13:36:00,LONG,69746.45999999999,70603.8,0.809978942400123,5,0.6,671.5523099759585,67.15523099759585,Take Profit
2024-11-01 15:21:00,2024-11-04 03:01:00,LONG,68622.13,69462.6,0.6396839124800493,4,0.6,519.8614948264931,51.9861494826493,Take Profit
2024-11-04 05:44:00,2024-11-05 14:23:00,LONG,68351.56,69261.5,0.7796956931348433,5,0.6,687.8751417110975,68.78751417110975,Take Profit
2024-11-05 15:28:00,2024-11-05 16:34:00,LONG,69489.0,70419.8,0.16026053561607162,1,0.6,144.65630060504927,14.465630060504928,Take Profit
2024-11-05 17:30:00,2024-11-06 00:25:00,LONG,69301.59999999999,70146.6,0.640346150214979,4,0.6,523.1252548273985,52.312525482739844,Take Profit
2024-11-06 01:17:00,2024-11-06 02:15:00,LONG,70666.6,71621.3,0.1630712399772327,1,0.6,151.01236312635103,15.101236312635102,Take Profit
2024-11-06 04:59:00,2024-11-06 06:21:00,LONG,74276.3,75210.0,0.1563288938629152,1,0.6,141.26128975683153,14.126128975683153,Take Profit
2024-11-06 07:42:00,2024-11-06 09:38:00,LONG,73195.64999999998,74101.4,0.3185919083211647,2,0.6,279.1213783877916,27.91213783877916,Take Profit
2024-11-06 10:07:00,2024-11-06 11:30:00,LONG,73455.1,74380.1,0.1613962537991885,1,0.6,144.48966696536576,14.448966696536575,Take Profit
2024-11-06 19:34:00,2024-11-06 20:11:00,LONG,75060.3,75985.7,0.15906180060448738,1,0.6,142.36122137451474,14.236122137451474,Take Profit
2024-11-07 00:06:00,2024-11-07 15:47:00,LONG,74855.00000000001,75774.4,0.7969189775480039,5,0.6,708.5328850086933,70.85328850086933,Take Profit
2024-11-07 18:07:00,2024-11-07 20:18:00,LONG,75839.1,76795.8,0.1639336531231808,1,0.6,151.79955952753974,15.179955952753973,Take Profit
2024-11-07 21:16:00,2024-11-08 18:39:00,LONG,76056.5,77008.0,0.3284081753720222,2,0.6,302.36435615885966,30.236435615885966,Take Profit
2024-11-08 20:15:00,2024-11-10 00:57:00,LONG,76097.74,77057.8,0.8275388231183287,5,0.6,768.9795940733458,76.89795940733458,Take Profit
2024-11-10 02:57:00,2024-11-10 04:45:00,LONG,77098.3,78080.9,0.17046257388965816,1,0.6,162.1725766297282,16.21725766297282,Take Profit
2024-11-10 05:53:00,2024-11-10 11:13:00,LONG,78912.93333333333,79956.9,0.5007588022735404,3,0.6,506.7598490224949,50.675984902249496,Take Profit
2024-11-10 14:35:00,2024-11-10 17:51:00,LONG,79568.6,80666.3,0.17005572578824646,1,0.6,181.18306372049668,18.118306372049666,Take Profit
2024-11-10 18:56:00,2024-11-10 22:16:00,LONG,79600.49999999999,80857.3,0.5073218771979189,3,0.6,621.1938643738912,62.119386437389124,Take Profit
2024-11-10 23:40:00,2024-11-11 01:38:00,LONG,80080.3,81192.5,0.1748193098520507,1,0.6,188.75642969138525,18.875642969138525,Take Profit
2024-11-11 04:27:00,2024-11-11 10:09:00,LONG,81055.70000000001,82040.0,0.5199599323655961,3,0.6,494.7335562869408,49.47335562869408,Take Profit
2024-11-11 12:20:00,2024-11-11 15:14:00,LONG,81903.2,82965.2,0.17577093323039528,1,0.6,180.83558283882124,18.083558283882123,Take Profit
2024-11-11 16:32:00,2024-11-11 18:39:00,LONG,84058.7,85163.6,0.17251335269048118,1,0.6,184.73326012243774,18.473326012243774,Take Profit
2024-11-11 22:16:00,2024-11-11 23:00:00,LONG,87124.3,88316.2,0.16767546845505168,1,0.6,193.92900676870713,19.39290067687071,Take Profit
2024-11-11 23:36:00,2024-11-12 00:49:00,LONG,87317.98,88395.0,0.831670110213827,5,0.6,866.3191503455588,86.63191503455589,Take Profit
2024-11-12 02:18:00,2024-11-12 04:24:00,LONG,87606.56,88672.4,0.8625306882841448,5,0.6,888.7266423192472,88.87266423192472,Take Profit
2024-11-12 09:08:00,2024-11-12 18:53:00,LONG,87725.96,88794.5,0.8865989721717187,5,0.6,915.8764207505619,91.5876420750562,Take Profit
2024-11-12 21:12:00,2024-11-13 13:42:00,LONG,87908.64,88967.9,0.914395365768087,5,0.6,936.0417009586516,93.60417009586516,Take Profit
2024-11-13 16:35:00,2024-11-15 12:03:00,LONG,88832.49599999998,89963.9,0.9109068000709963,5,0.6,997.8241059191714,99.78241059191714,Take Profit
2024-11-15 12:35:00,2024-11-15 19:42:00,LONG,89354.4,90549.1,0.897032996789528,5,0.6,1039.1951090526218,103.91951090526217,Take Profit
2024-11-16 03:33:00,2024-11-18 06:56:00,LONG,90558.6,91683.9,0.9166186863261796,5,0.6,997.8553373327348,99.78553373327348,Take Profit
2024-11-18 07:31:00,2024-11-18 15:39:00,LONG,90528.58,91849.7,0.9452680214544924,5,0.6,1214.0834548278792,121.40834548278792,Take Profit
2024-11-18 16:46:00,2024-11-18 20:24:00,LONG,90724.95999999999,91818.7,0.9858259948078079,5,0.6,1042.030419053313,104.20304190533129,Take Profit
2024-11-18 21:45:00,2024-11-19 06:29:00,LONG,90872.18000000001,91993.3,1.0184091695328636,5,0.6,1104.2841600444442,110.42841600444441,Take Profit
2024-11-19 08:39:00,2024-11-19 13:02:00,LONG,91550.1,92661.7,0.2104197271220434,1,0.6,226.10342881739575,22.610342881739577,Take Profit
2024-11-19 13:31:00,2024-11-19 16:00:00,LONG,91397.04999999999,92512.4,0.8438390143671072,4,0.6,909.9496157012637,90.99496157012638,Take Profit
2024-11-19 17:22:00,2024-11-19 18:28:00,LONG,92444.7,93744.6,0.21550662919812005,1,0.6,272.0560341940277,27.20560341940277,Take Profit
2024-11-19 19:03:00,2024-11-20 09:12:00,LONG,92337.85999999999,93483.0,1.0768403825928412,5,0.6,1192.8664879280104,119.28664879280105,Take Profit
2024-11-20 09:34:00,2024-11-20 13:16:00,LONG,93113.0,94264.3,0.22309187608371348,1,0.6,248.4338371212928,24.84338371212928,Take Profit
2024-11-20 14:40:00,2024-11-21 00:25:00,LONG,93539.09999999999,94687.9,0.8906870848518603,4,0.6,989.4864072291219,98.9486407229122,Take Profit
2024-11-21 02:02:00,2024-11-21 03:28:00,LONG,94491.3,95677.5,0.22743390309028994,1,0.6,261.07797294053273,26.107797294053274,Take Profit
2024-11-21 05:51:00,2024-11-21 11:09:00,LONG,97066.3,98387.0,0.22296115361149785,1,0.6,285.6902039665548,28.569020396655482,Take Profit
2024-11-21 12:17:00,2024-11-21 18:22:00,LONG,96991.73333333331,98215.4,0.6690374385673806,3,0.6,792.394900469416,79.23949004694161,Take Profit
2024-11-21 19:48:00,2024-11-22 03:17:00,LONG,98082.4,99262.3,0.22703458867082982,1,0.6,258.86372099230584,25.886372099230588,Take Profit
2024-11-22 04:15:00,2024-11-22 17:10:00,LONG,98059.98000000001,99236.9,1.1354601607144397,5,0.6,1291.2739537788987,129.12739537788985,Take Profit
2024-11-22 19:40:00,2024-11-27 20:04:00,LONG,95636.57200000001,96799.7,1.1691223819373264,5,0.6,1314.5706995240507,131.45706995240508,Take Profit
2024-11-27 22:47:00,2024-11-29 02:45:00,LONG,95691.04000000001,96908.5,1.1523999966820127,5,0.6,1358.3299579290904,135.83299579290903,Take Profit
2024-11-29 03:17:00,2024-11-29 12:11:00,LONG,96311.2,97468.3,0.47554346934182223,2,0.6,531.7111829622855,53.171118296228556,Take Profit
2024-11-29 15:32:00,2024-12-02 01:30:00,LONG,97047.2,98245.3,0.951324184422614,4,0.6,1102.3962533983974,110.23962533983975,Take Profit
2024-12-02 03:08:00,2024-12-04 01:38:00,LONG,95449.50799999999,96650.4,1.2263347421621478,5,0.6,1425.2852838390472,142.52852838390473,Take Profit
2024-12-04 02:01:00,2024-12-04 09:15:00,LONG,95833.675,96998.8,0.9551142285779222,4,0.6,1075.7694919578578,107.57694919578577,Take Profit
2024-12-04 11:52:00,2024-12-04 19:54:00,LONG,95855.75,97090.4,0.4901129431037631,2,0.6,586.0838405266095,58.608384052660945,Take Profit
2024-12-04 21:14:00,2024-12-04 23:26:00,LONG,97715.37499999999,98903.6,0.9741050428893997,4,0.6,1118.9189663793104,111.89189663793104,Take Profit
2024-12-05 00:03:00,2024-12-05 02:32:00,LONG,98543.5,99764.0,0.2494728100047164,1,0.6,294.5262024438322,29.452620244383215,Take Profit
2024-12-05 04:17:00,2024-12-05 14:43:00,LONG,102233.48,103496.4,1.2036320572790689,5,0.6,1470.2623638376886,147.02623638376886,Take Profit
2024-12-05 15:20:00,2024-12-06 17:44:00,LONG,99400.56,100722.2,1.2442839889319137,5,0.6,1594.3646828159744,159.43646828159746,Take Profit
2024-12-06 18:42:00,2024-12-11 08:44:00,LONG,97235.25200000001,98460.2,1.2195146731631514,5,0.6,1445.8125964128117,144.58125964128118,Take Profit
2024-12-11 11:40:00,2024-12-11 14:51:00,LONG,98162.8,99355.2,0.24110097644343992,1,0.6,277.90695001726306,27.790695001726306,Take Profit
2024-12-11 17:57:00,2024-12-11 20:00:00,LONG,99936.4,101248.5,0.23843375371905695,1,0.6,303.19250428940643,30.31925042894064,Take Profit
2024-12-11 20:57:00,2024-12-12 16:02:00,LONG,100906.5,102248.8,0.4745595357506325,2,0.6,617.5920076144516,61.759200761445165,Take Profit
2024-12-12 16:30:00,2024-12-14 01:03:00,LONG,100675.11999999998,101961.1,1.1979591496903463,5,0.6,1491.6934142558248,149.16934142558247,Take Profit
2024-12-14 02:10:00,2024-12-15 04:21:00,LONG,101390.5,102650.3,0.49602789392166785,2,0.6,604.5289759147477,60.452897591474766,Take Profit
2024-12-15 05:51:00,2024-12-15 12:39:00,LONG,101836.5,103104.2,0.5008750240721319,2,0.6,614.302340553465,61.4302340553465,Take Profit
2024-12-15 13:17:00,2024-12-15 23:08:00,LONG,102579.6,103833.3,0.2528429433578078,1,0.6,306.48779121146123,30.648779121146124,Take Profit
2024-12-16 02:17:00,2024-12-16 14:46:00,LONG,104332.12,105590.2,1.2447185843887163,5,0.6,1513.3835229400297,151.33835229400296,Take Profit
2024-12-16 18:50:00,2024-12-17 14:48:00,LONG,106585.1,107906.8,1.2592261229182409,5,0.6,1609.9675421008296,160.99675421008297,Take Profit
2024-12-20 12:00:00,2024-12-20 16:00:00,SHORT,92734.8,96866.8,1.3024287407557356,1,0.6,-5480.412586056008,-548.0412586056008,Trend Up
2024-12-22 16:00:00,2024-12-24 16:00:00,SHORT,95263.3,98167.5,1.3024287407557356,1,0.6,-3883.2854822097534,-388.32854822097534,Trend Up
2024-12-26 12:00:00,2024-12-27 12:00:00,SHORT,95614.0,96968.3,1.3024287407557356,1,0.6,-1864.2091325978338,-186.4209132597834,Trend Up
2024-12-27 16:00:00,2025-01-02 12:00:00,SHORT,94638.9,96718.9,1.3024287407557356,1,0.6,-2808.743740167045,-280.87437401670445,Trend Up
2025-01-08 08:00:00,2025-01-14 12:00:00,SHORT,95633.2,96589.0,1.3024287407557356,1,0.6,-1345.0036775708547,-134.50036775708548,Trend Up
2024-12-17 15:11:00,2025-01-17 19:21:00,LONG,104244.328,105555.0,1.3024287407557356,5,0.6,1652.0657362116206,165.20657362116205,Take Profit
2025-01-17 19:33:00,2025-01-19 02:31:00,LONG,104097.37999999999,105416.7,0.5535156351070807,5,0.4,706.9243310489205,70.69243310489205,Take Profit
2025-01-19 02:57:00,2025-01-19 14:28:00,LONG,104293.3,105573.2,0.24988475624269907,2,0.44,309.27504617592444,30.927504617592444,Take Profit
2025-01-19 15:05:00,2025-01-19 19:56:00,LONG,104648.6,105910.9,0.13791848414372862,1,0.48,168.25167422170782,16.825167422170782,Take Profit
2025-01-19 20:16:00,2025-01-19 22:59:00,LONG,102106.96999999999,103396.7,0.5951633454997955,4,0.52,742.9848512372021,74.2984851237202,Take Profit
2025-01-20 00:39:00,2025-01-20 02:12:00,LONG,99883.0,101090.5,0.1609787747569391,1,0.56,187.87250058717743,18.787250058717742,Take Profit
2025-01-20 10:56:00,2025-01-20 13:31:00,LONG,106452.98000000001,107798.8,0.8039209489155423,5,0.6,1047.2682060343263,104.72682060343263,Take Profit
2025-01-20 14:30:00,2025-01-21 11:16:00,LONG,102404.67333333334,103761.2,0.5014241577049365,3,0.6,659.3838923126325,65.93838923126324,Take Profit
2025-01-21 14:35:00,2025-01-21 16:08:00,LONG,103486.725,104799.9,0.6447688935997923,4,0.6,819.6657056239521,81.96657056239522,Take Profit
2025-01-21 16:37:00,2025-01-21 17:47:00,LONG,104809.0,106141.3,0.16432622759162854,1,0.6,211.95511325205865,21.195511325205864,Take Profit
2025-01-21 20:33:00,2025-01-23 14:35:00,LONG,102915.948,104425.6,0.8150590395813317,5,0.6,1196.4102975245564,119.64102975245565,Take Profit
2025-01-23 15:11:00,2025-01-23 15:22:00,LONG,102640.3,104078.4,0.16323083678947156,1,0.6,227.94674465745388,22.794674465745388,Take Profit
2025-01-23 17:01:00,2025-01-23 17:47:00,LONG,104519.8,105853.2,0.1615656471713791,1,0.6,208.5907376330514,20.85907376330514,Take Profit
2025-01-23 18:11:00,2025-01-23 20:25:00,LONG,104589.85,106077.2,0.6454621204616676,4,0.6,932.6405590908012,93.26405590908011,Take Profit
2025-01-23 20:53:00,2025-01-23 22:31:00,LONG,103048.8,104559.0,0.1703202071672845,1,0.6,250.0941726475509,25.00941726475509,Take Profit
2025-01-24 00:00:00,2025-01-24 04:45:00,LONG,103329.62500000001,104723.0,0.6818989974123008,4,0.6,921.5768120369512,92.15768120369512,Take Profit
2025-01-24 07:27:00,2025-01-24 14:43:00,LONG,104643.9,105919.4,0.17424018749868464,1,0.6,214.861192708273,21.4861192708273,Take Profit
2025-01-24 16:58:00,2025-01-24 18:06:00,LONG,105605.9,106918.1,0.17383227178365024,1,0.6,220.66838054739125,22.066838054739122,Take Profit
2025-01-27 08:00:00,2025-01-27 16:00:00,SHORT,99001.6,101000.0,0.8688820399939668,1,0.6,-1805.8849880079613,-180.58849880079612,Trend Up
2025-01-24 18:46:00,2025-01-28 04:37:00,LONG,102040.34400000001,103297.0,0.8688820399939668,5,0.6,1055.9846656165453,105.59846656165452,Take Profit
2025-01-28 05:18:00,2025-01-28 15:31:00,LONG,102315.93333333332,103646.3,0.3235047652647406,3,0.4,416.9679274352172,41.69679274352171,Take Profit
2025-01-28 15:45:00,2025-01-29 19:40:00,LONG,102222.46,103825.4,0.6017905348253614,5,0.44,939.6416626951745,93.96416626951746,Take Profit
2025-01-29 21:44:00,2025-01-30 03:51:00,LONG,103850.0,105104.1,0.1341914400018663,1,0.48,162.64785669470126,16.264785669470125,Take Profit
2025-01-30 04:35:00,2025-01-30 14:52:00,LONG,104832.7,106136.1,0.14479045540402963,1,0.52,182.57288187209042,18.257288187209042,Take Profit
2025-02-02 04:00:00,2025-02-03 20:00:00,SHORT,99084.1,101830.0,0.7783537249462704,1,0.56,-2199.8343885816507,-219.9834388581651,Trend Up
2025-02-04 08:00:00,2025-03-24 12:00:00,SHORT,98301.0,87532.3,0.7783537249462704,1,0.56,8324.000141319277,832.4000141319276,Trend Up
2025-03-25 04:00:00,2025-03-25 16:00:00,SHORT,86375.8,87795.9,0.7783537249462704,1,0.56,-1159.5670013862814,-115.95670013862814,Trend Up
2025-03-26 16:00:00,2025-03-27 04:00:00,SHORT,86624.5,87610.0,0.7783537249462704,1,0.56,-821.3140247702098,-82.13140247702097,Trend Up
2025-03-28 08:00:00,2025-04-02 16:00:00,SHORT,85217.9,86699.1,0.7783537249462704,1,0.56,-1206.4224323230599,-120.64224323230599,Trend Up
2025-04-03 00:00:00,2025-04-12 16:00:00,SHORT,82487.7,84993.0,0.7783537249462704,1,0.56,-2002.153277788537,-200.2153277788537,Trend Up
2025-04-16 08:00:00,2025-04-16 16:00:00,SHORT,83294.2,84910.0,0.7783537249462704,1,0.56,-1310.032895016829,-131.0032895016829,Trend Up
2025-01-30 15:25:00,2025-05-08 21:21:00,LONG,102262.636,103599.8,0.7783537249462704,5,0.56,1008.5316641705826,100.85316641705826,Take Profit
2025-05-08 23:26:00,2025-05-09 07:47:00,LONG,102765.3,104049.9,0.10804873774358235,1,0.4,134.30242436246658,13.430242436246658,Take Profit
2025-05-09 08:39:00,2025-05-10 23:15:00,LONG,102948.04999999999,104444.3,0.2376764898133654,2,0.44,345.69386604124577,34.569386604124574,Take Profit
2025-05-11 00:29:00,2025-05-12 07:01:00,LONG,103891.7,105270.0,0.13040465730677342,1,0.48,174.24565985605258,17.42456598560526,Take Profit
2025-05-12 07:43:00,2025-05-13 19:27:00,LONG,103319.68,104591.8,0.7053342666581818,5,0.52,867.7609550806294,86.77609550806295,Take Profit
2025-05-13 21:07:00,2025-05-18 13:58:00,LONG,103283.21999999999,104726.2,0.7842176566842691,5,0.56,1098.7591401792956,109.87591401792956,Take Profit
2025-05-18 15:03:00,2025-05-18 22:53:00,LONG,104263.18,105520.3,0.8657897935914433,5,0.6,1051.8583058170007,105.18583058170006,Take Profit
2025-05-19 00:31:00,2025-05-20 00:15:00,LONG,104712.90000000001,106162.9,0.8876377211275446,5,0.6,1249.3810177852101,124.938101778521,Take Profit
2025-05-20 02:30:00,2025-05-20 19:47:00,LONG,105410.20000000001,106693.7,0.7341231113055644,4,0.6,910.9164889604002,91.09164889604003,Take Profit
2025-05-20 21:11:00,2025-05-21 04:42:00,LONG,106241.33333333333,107577.2,0.5640672671792726,3,0.6,729.2463490966328,72.92463490966328,Take Profit
2025-05-21 07:14:00,2025-05-21 14:51:00,LONG,106941.875,108281.4,0.7623291038844301,4,0.6,988.1404678290462,98.81404678290463,Take Profit
2025-05-21 15:35:00,2025-05-21 23:13:00,LONG,107858.2,109199.9,0.5824371252807309,3,0.6,756.0150606543776,75.60150606543776,Take Profit
2025-06-05 20:00:00,2025-06-06 12:00:00,SHORT,101855.1,103949.9,0.9681346031494075,1,0.6,-2107.747143477833,-210.7747143477833,Trend Up
2025-05-22 05:55:00,2025-06-09 11:42:00,LONG,106446.17199999998,107754.2,0.9681346031494075,5,0.6,1224.61894082646,122.46189408264601,Take Profit
2025-06-09 12:11:00,2025-06-09 18:09:00,LONG,107069.29999999999,108412.4,0.35950072782411946,3,0.4,467.25569285851316,46.725569285851314,Take Profit
2025-06-09 20:49:00,2025-06-09 21:26:00,LONG,108553.2,109921.9,0.1323944444253853,1,0.44,175.3870565327514,17.538705653275137,Take Profit
2025-06-09 23:11:00,2025-06-16 14:34:00,LONG,106321.68000000001,107709.4,0.5736561754329945,4,0.48,771.3588827869945,77.13588827869945,Take Profit
2025-06-16 15:56:00,2025-06-16 19:08:00,LONG,107345.3,108681.9,0.153321254907373,1,0.52,198.26389119170636,19.82638911917064,Take Profit
2025-06-17 16:00:00,2025-06-20 08:00:00,SHORT,104217.6,105797.0,0.8225962220602971,1,0.56,-1368.3113597370302,-136.83113597370303,Trend Up
2025-06-16 19:40:00,2025-06-23 22:07:00,LONG,103444.1752,104687.0,0.8225962220602971,5,0.56,987.8969328833157,98.78969328833158,Take Profit
2025-06-20 16:00:00,2025-06-24 00:00:00,SHORT,104196.0,105267.4,0.8225962220602971,1,0.56,-950.2511129153595,-95.02511129153595,Trend Up
2025-06-24 04:12:00,2025-06-24 16:59:00,LONG,104733.9,106160.1,0.10777790254823666,1,0.4,149.13615944937197,14.913615944937197,Take Profit
2025-06-24 17:22:00,2025-06-25 10:26:00,LONG,105740.8,107032.4,0.11802854996947484,1,0.44,147.39252355187156,14.739252355187157,Take Profit
2025-06-25 11:19:00,2025-06-26 03:04:00,LONG,106820.5,108155.4,0.12809685696912823,1,0.48,165.45474764639297,16.545474764639298,Take Profit
2025-06-26 05:38:00,2025-06-29 11:54:00,LONG,106966.175,108389.8,0.5545957865145638,4,0.52,765.4914160243334,76.54914160243334,Take Profit
2025-06-29 12:09:00,2025-07-02 15:10:00,LONG,107016.36000000002,108350.0,0.7609916028986565,5,0.56,981.907465220125,98.19074652201249,Take Profit
2025-07-02 17:38:00,2025-07-03 13:51:00,LONG,108988.2,110329.9,0.1671268842488419,1,0.6,216.85850362607616,21.685850362607614,Take Profit
2025-07-03 14:30:00,2025-07-09 19:28:00,LONG,108901.88,110221.7,0.835737868622885,5,0.6,1066.1769743122534,106.61769743122534,Take Profit
2025-07-09 20:25:00,2025-07-10 16:25:00,LONG,110930.0,112317.4,0.17090475781704464,1,0.6,229.43502977711069,22.94350297771107,Take Profit
2025-07-10 18:09:00,2025-07-10 21:17:00,LONG,113385.2,114945.9,0.16837802262519896,1,0.6,255.04583457079798,25.5045834570798,Take Profit
2025-07-10 22:25:00,2025-07-11 05:08:00,LONG,115847.2,117258.0,0.16608102132395222,1,0.6,226.51737352447068,22.651737352447068,Take Profit
2025-07-11 07:07:00,2025-07-13 13:42:00,LONG,117129.44999999998,118545.5,0.32985082137881566,2,0.6,451.4443233951727,45.14443233951727,Take Profit
2025-07-13 14:50:00,2025-07-14 02:27:00,LONG,118411.9,119848.1,0.1658018176187686,1,0.6,230.17615733681504,23.017615733681502,Take Profit
2025-07-14 05:49:00,2025-07-16 09:08:00,LONG,117382.21200000001,118871.4,0.8107761955593191,5,0.6,1168.8469405314513,116.88469405314513,Take Profit
2025-07-16 09:43:00,2025-07-17 18:21:00,LONG,118217.78,119677.4,0.7978166130283065,5,0.6,1126.3168375387597,112.63168375387598,Take Profit
2025-07-17 19:46:00,2025-07-17 21:15:00,LONG,118884.625,120336.2,0.65756999336469,4,0.6,922.8603734241352,92.28603734241352,Take Profit
2025-07-17 22:51:00,2025-07-22 18:54:00,LONG,118465.48000000001,120034.2,0.841986611085251,5,0.6,1280.414360832712,128.04143608327118,Take Profit
2025-07-22 19:25:00,2025-07-27 22:05:00,LONG,118139.16,119586.1,0.8746904114608898,5,0.6,1223.7842179536206,122.37842179536204,Take Profit
2025-08-01 20:00:00,2025-08-06 16:00:00,SHORT,113289.9,115352.7,0.9035886264733329,1,0.6,-1946.5621598441105,-194.65621598441106,Trend Up
2025-07-27 22:51:00,2025-08-10 03:27:00,LONG,116827.1,118268.3,0.36143545058933313,2,0.6,503.8022288689721,50.38022288689721,Take Profit
2025-08-10 05:09:00,2025-08-10 23:33:00,LONG,117789.62500000001,119233.0,0.42978981601092114,4,0.4,599.8498240317849,59.98498240317849,Take Profit
2025-08-11 05:23:00,2025-08-13 19:23:00,LONG,120898.93999999999,122488.9,0.5834528017126938,5,0.44,899.080019857636,89.90800198576359,Take Profit
2025-08-18 04:00:00,2025-08-22 20:00:00,SHORT,115228.0,116577.1,0.6477828920459267,1,0.48,-933.9876508867616,-93.39876508867616,Trend Up
2025-08-23 12:00:00,2025-09-10 16:00:00,SHORT,115210.0,113808.9,0.6477828920459267,1,0.48,848.2667998954809,84.82667998954808,Trend Up
2025-09-22 08:00:00,2025-09-29 16:00:00,SHORT,112505.9,113812.7,0.6477828920459267,1,0.48,-905.164810218333,-90.5164810218333,Trend Up
2025-08-13 22:57:00,2025-10-02 18:24:00,LONG,118751.84000000001,120180.9,0.6477828920459267,5,0.48,894.5801673188681,89.45801673188681,Take Profit
2025-10-02 20:15:00,2025-10-03 15:31:00,LONG,120026.075,121623.8,0.4099473624278182,4,0.4,635.0394072276088,63.50394072276087,Take Profit
2025-10-03 16:48:00,2025-10-05 02:34:00,LONG,122528.46,124116.2,0.5623141961017367,5,0.44,864.8918212280853,86.48918212280853,Take Profit
2025-10-05 03:18:00,2025-10-05 04:45:00,LONG,123410.4,124954.7,0.12577499830042904,1,0.48,187.94785900330066,18.794785900330066,Take Profit
2025-10-05 07:30:00,2025-10-06 17:08:00,LONG,123982.75999999998,125517.3,0.6780255000342984,5,0.52,1006.4156787844656,100.64156787844655,Take Profit
2025-10-11 00:00:00,2025-10-26 16:00:00,SHORT,112492.8,113644.9,0.7491400292915523,1,0.56,-930.8477490275607,-93.08477490275607,Trend Up
2025-10-29 16:00:00,2026-01-03 04:00:00,SHORT,111352.3,90311.8,0.7491400292915523,1,0.56,15701.850926396486,1570.1850926396487,Trend Up
2025-10-06 17:36:00,2026-02-12 00:00:00,LONG,120870.31199999999,67031.2,0.7491400292915523,5,0.56,-40353.12024276374,-4035.3120242763734,Final Close
2026-01-20 08:00:00,2026-02-12 00:00:00,SHORT,91098.7,67031.2,0.7491400292915523,1,0.56,17982.54307980729,1798.254307980729,Final Hedge Close
