variant,case3_name,w1,w2,w3,total_final_equity,total_return_pct,total_cagr_pct,total_mdd_pct,total_calmar_ratio,rebalance_count,fee_paid
regime_hold_case3_w60_24_16,regime_hold_case3,0.6,0.24,0.16,44859.8282419422,2142.9914120971102,112.96409492632495,43.21074510306159,2.6142593620381973,9012,312.0775066758245
regime_hold_case3_w60_22_18,regime_hold_case3,0.6,0.22,0.18,43779.13229600447,2088.9566148002236,111.70566262714337,43.11275053728134,2.59101220022014,9012,314.6023467743312
regime_hold_case3_w62_24_14,regime_hold_case3,0.62,0.24,0.14,45501.41928279493,2175.070964139746,113.70038481113171,43.95035180122616,2.587018764385854,9012,302.39212887186306
regime_hold_case3_w60_26_14,regime_hold_case3,0.6,0.26,0.14,45883.60266980198,2194.1801334900993,114.13525088513606,44.16990950330222,2.5840046350242827,9012,307.93782046331125
regime_hold_case3_w62_22_16,regime_hold_case3,0.62,0.22,0.16,44447.91294408862,2122.3956472044306,112.48716899398698,43.88939662966753,2.5629691367857634,9012,306.1230116285835
regime_hold_case3_w64_24_12,regime_hold_case3,0.64,0.24,0.12,46100.30593519204,2205.015296759602,114.38060913067596,44.683629234948654,2.559787803476241,9012,290.985904717514
regime_hold_case3_w62_26_12,regime_hold_case3,0.62,0.26,0.12,46494.97925351596,2224.748962675798,114.82523671453752,44.900402129084505,2.557332034230464,9012,297.0553229894595
regime_hold_case3_w60_28_12,regime_hold_case3,0.6,0.28,0.12,46845.1952690369,2242.259763451845,115.21739394507198,45.118993991743665,2.55363393000641,9012,302.1747526218537
regime_hold_case3_w60_20_20,regime_hold_case3,0.6,0.2,0.2,42646.69420766144,2032.334710383072,110.36148929891655,43.49512697064738,2.537329972007987,9012,315.5866319877787
regime_hold_case3_w64_22_14,regime_hold_case3,0.64,0.22,0.14,45076.37081477002,2153.8185407385013,113.21348522619363,44.6742551150746,2.534199729454282,9012,295.9207723906795
regime_hold_case3_w66_24_10,regime_hold_case3,0.66,0.24,0.1,46654.46273988557,2232.7231369942783,115.00409592834777,45.41056880155692,2.5325403086429694,9012,277.8396239962182
regime_hold_case3_w64_26_10,regime_hold_case3,0.64,0.26,0.1,47061.41788544669,2253.0708942723345,115.45840420740716,45.62458054369194,2.5306184261100118,9012,284.46052576355845
regime_hold_case3_w62_28_10,regime_hold_case3,0.62,0.28,0.1,47423.51349404805,2271.175674702403,115.86013973661453,45.840393440570914,2.527468266318867,9012,290.11521230832994
regime_hold_case3_w60_30_10,regime_hold_case3,0.6,0.3,0.1,47739.657088837055,2286.982854441853,116.20899850196923,46.057982278235855,2.5231022453383156,9012,294.7956309707369
regime_hold_case3_w62_20_18,regime_hold_case3,0.62,0.2,0.18,43339.7918661953,2066.989593309765,111.18733777398346,44.2816930040178,2.5109098191863426,9012,308.27847880297696
regime_hold_case3_w68_24_8,regime_hold_case3,0.68,0.24,0.08,47161.935023992635,2258.096751199632,115.57015926168575,46.131173525975896,2.505250797415973,9012,262.9704830389055
regime_hold_case3_w66_22_12,regime_hold_case3,0.66,0.22,0.12,45662.360457958755,2183.118022897938,113.88384690926019,45.4625867348896,2.5050014767827036,9012,283.9784200518786
regime_hold_case3_w66_26_8,regime_hold_case3,0.66,0.26,0.08,47580.86003770866,2279.043001885433,116.03398813227925,46.34244912372559,2.5038380648051293,9012,270.18108988119855
regime_hold_case3_w64_28_8,regime_hold_case3,0.64,0.28,0.08,47954.610761848635,2297.7305380924317,116.44519853831237,46.55550662102195,2.5012121441662503,9012,276.4030892332687
regime_hold_case3_w62_30_8,regime_hold_case3,0.62,0.3,0.08,48282.0499728853,2314.1024986442653,116.80346681580991,46.770321083921154,2.4973843264027744,9012,281.6236085490347
regime_hold_case3_w60_32_8,regime_hold_case3,0.6,0.32,0.08,48562.16209401221,2328.1081047006105,117.10849530241126,46.98687054205983,2.4923663557798075,9012,285.84868091801366
regime_hold_case3_w64_20_16,regime_hold_case3,0.64,0.2,0.16,43994.82675157224,2099.741337578612,111.95869462840116,45.064139087900536,2.4844299013461333,9012,299.28350526485553
regime_hold_case3_w70_24_6,regime_hold_case3,0.7,0.24,0.06,47620.8149034132,2281.04074517066,116.07806400241488,46.84544889154153,2.4778941551219518,9012,246.4108593612386
regime_hold_case3_w68_26_6,regime_hold_case3,0.68,0.26,0.06,48051.45648244471,2302.5728241222355,116.55135482984961,47.05401343551151,2.47696947231899,9012,254.20606986668543
regime_hold_case3_w68_22_10,regime_hold_case3,0.68,0.22,0.1,46203.898342007604,2210.1949171003803,114.49759138588237,46.24640950785257,2.475815800715099,9012,270.2624495232184
regime_hold_case3_w66_28_6,regime_hold_case3,0.66,0.28,0.06,48436.6442810335,2321.8322140516752,116.97197763585851,47.2643401639107,2.474846305485377,9012,260.99381328145734
regime_hold_case3_w64_30_6,regime_hold_case3,0.64,0.3,0.06,48775.208311420734,2338.760415571037,117.33960181044183,47.47640495160148,2.471535111600393,9012,266.76458190266106
regime_hold_case3_w62_32_6,regime_hold_case3,0.62,0.32,0.06,49066.10724396041,2353.3053621980207,117.65392994320129,47.690185902812,2.467046997530449,9012,271.519657766777
regime_hold_case3_w60_34_6,regime_hold_case3,0.6,0.34,0.06,49308.43012633312,2365.421506316656,117.91469448907334,47.90566105202011,2.4613937455331505,9012,275.26415060072554
regime_hold_case3_w66_20_14,regime_hold_case3,0.66,0.2,0.14,44609.70266306337,2130.4851331531686,112.67489057982232,45.842324490713146,2.457879085137759,9012,288.555635367004
regime_hold_case3_w62_18_20,regime_hold_case3,0.62,0.18,0.2,42182.161356883,2009.10806784415,109.80227931853052,44.6913632395567,2.4569015433689794,9012,308.9712406415493
compression_case3_w60_24_16,compression_case3,0.6,0.24,0.16,36862.65351249842,1743.132675624921,103.03754721499247,42.03857031328958,2.451024058313881,9013,227.4363740134589
regime_hold_case3_w72_24_4,regime_hold_case3,0.72,0.24,0.04,48029.53445114083,2301.4767225570417,116.52733944497146,47.55340192661822,2.450452222635722,9012,228.10903755150787
regime_hold_case3_w70_26_4,regime_hold_case3,0.7,0.26,0.04,48471.61953852422,2323.580976926211,117.01004486532818,47.759278970369664,2.449996050776277,9012,236.49254625669164
regime_hold_case3_w68_28_4,regime_hold_case3,0.68,0.28,0.04,48868.00968004495,2343.4004840022476,117.44003124496274,47.96689814483942,2.4483557575548103,9012,243.86078603806894
compression_case3_w62_22_16,compression_case3,0.62,0.22,0.16,36525.69840994443,1726.2849204972217,102.58491948855246,41.92830546370797,2.4466745878234275,9013,221.76987561512274
regime_hold_case3_w70_22_8,regime_hold_case3,0.7,0.22,0.08,46699.07391138155,2234.953695569078,115.0540440845378,47.02562067573641,2.4466246788721637,9012,254.79900969539204
regime_hold_case3_w66_30_4,regime_hold_case3,0.66,0.3,0.04,49217.49974036905,2360.8749870184524,117.81695791256861,48.176237061957764,2.4455408952145508,9012,250.2036684530539
compression_case3_w64_22_14,compression_case3,0.64,0.22,0.14,37909.235283393544,1795.461764169677,104.42372590860978,42.72360223475693,2.4441695092755533,9013,220.61284744173156
compression_case3_w62_24_14,compression_case3,0.62,0.24,0.14,38265.26668293181,1813.2633341465905,104.88867771276134,42.942734185261635,2.4425244387154126,9013,226.7939949060491
regime_hold_case3_w64_32_4,regime_hold_case3,0.64,0.32,0.04,49519.01344847438,2375.950672423719,118.14051735609561,48.387273605563976,2.441561769301894,9012,255.51978602960617
compression_case3_w60_26_14,compression_case3,0.6,0.26,0.14,38585.295364809535,1829.2647682404765,105.30382606101148,43.16378018518849,2.439634008171187,9013,232.16411464402805
regime_hold_case3_w62_34_4,regime_hold_case3,0.62,0.34,0.04,49771.611776841295,2388.580588842065,118.41043884290113,48.5999861250973,2.436429478356442,9012,259.8117648417906
compression_case3_w60_22_18,compression_case3,0.6,0.22,0.18,35167.118357736814,1658.3559178868406,100.72723821189223,41.34784589738151,2.4360939735985405,9013,221.88190180725695
compression_case3_w66_22_12,compression_case3,0.66,0.22,0.12,39316.51995088608,1865.825997544304,106.24269619302984,43.61905015812215,2.4356948582762015,9013,218.3702652255694
compression_case3_w64_24_12,compression_case3,0.64,0.24,0.12,39692.341315943464,1884.6170657971734,106.72010569336096,43.83518124664841,2.4345765811455533,9013,225.0805590090096
regime_hold_case3_w64_18_18,regime_hold_case3,0.64,0.18,0.18,42860.944226140484,2043.047211307024,110.6178532769272,45.46341216908784,2.433118149282692,9012,301.1304785691788
compression_case3_w62_26_12,compression_case3,0.62,0.26,0.12,40030.959941557594,1901.54799707788,107.14733463480424,44.053207976885226,2.432225473591494,9013,230.94300734408537
regime_hold_case3_w68_20_12,regime_hold_case3,0.68,0.2,0.12,45182.444329045065,2159.1222164522533,113.33531842613476,46.61614174788804,2.4312462202273415,9012,276.0471963927631
regime_hold_case3_w60_36_4,regime_hold_case3,0.6,0.36,0.04,49974.505442900285,2398.7252721450145,118.62649696738154,48.81435295919686,2.4301560868079015,9012,263.080358501081
compression_case3_w60_28_12,compression_case3,0.6,0.28,0.12,40331.3698333423,1916.568491667115,107.52407233461132,44.27309731451216,2.428654845871068,9013,235.94462105476754
compression_case3_w66_24_10,compression_case3,0.66,0.24,0.1,41142.59061796612,1957.129530898306,108.53090162747026,44.71604613996736,2.427113105835736,9013,222.20203600088178
compression_case3_w64_26_10,compression_case3,0.64,0.26,0.1,41500.4207569536,1975.0210378476802,108.97024328672119,44.93107807751795,2.425275509719994,9013,228.59735318258885
compression_case3_w68_22_10,compression_case3,0.68,0.22,0.1,40746.326974072086,1937.3163487036043,108.04098337332432,44.57058728076654,2.424042175902561,9013,214.9251024640766
regime_hold_case3_w74_24_2,regime_hold_case3,0.74,0.24,0.02,48386.52037096525,2319.3260185482627,116.91738625059189,48.25503776948612,2.4229052893732086,9012,208.18983098367445
regime_hold_case3_w72_26_2,regime_hold_case3,0.72,0.26,0.02,48839.69843219507,2341.9849216097537,117.40940818979331,48.45825141849498,2.422898159816428,9012,217.17609383385985
compression_case3_w62_28_10,compression_case3,0.62,0.28,0.1,41818.75101429869,1990.937550714934,109.35868354925593,45.14794522363474,2.422229472627409,9013,234.10496120288806
regime_hold_case3_w70_28_2,regime_hold_case3,0.7,0.28,0.02,49246.99786668071,2362.349893334035,117.84867895752562,48.66318739002396,2.4217213314244357,9012,225.13710275390218
compression_case3_w62_20_18,compression_case3,0.62,0.2,0.18,34815.9765030198,1640.7988251509903,100.23828051319997,41.39493149159238,2.42151096526296,9013,215.92311732776466
compression_case3_w68_24_8,compression_case3,0.68,0.24,0.08,42614.59133124422,2030.729566562211,110.32010199851415,45.585425302929906,2.420073987802052,9013,218.05963741232216
regime_hold_case3_w68_30_2,regime_hold_case3,0.68,0.3,0.02,49607.17620574234,2380.358810287117,118.2348444569604,48.869824477324244,2.4193834482016965,9012,232.06338841789102
compression_case3_w66_26_8,compression_case3,0.66,0.26,0.08,42992.291323976984,2049.6145661988494,110.77163452694717,45.797496342817276,2.4187268600398113,9013,225.02644731706835
compression_case3_w60_30_10,compression_case3,0.6,0.3,0.1,42096.61111231067,2004.8305556155335,109.69591509558425,45.36662509104429,2.417987118844312,9013,238.7201982455032
regime_hold_case3_w72_22_6,regime_hold_case3,0.72,0.22,0.06,47146.007064380436,2257.300353219022,115.55246256943086,47.80014697152111,2.4174081020770912,9012,237.6261587541819
compression_case3_w64_28_8,compression_case3,0.64,0.28,0.08,43329.204532438074,2066.460226621904,111.17188038784498,46.011375426555,2.4161825061131132,9013,231.07545549416767
regime_hold_case3_w66_32_2,regime_hold_case3,0.66,0.32,0.02,49919.12973064289,2395.9564865321445,118.56759426249374,49.07814076479673,2.4158941723306095,9012,237.95059909603143
compression_case3_w64_20_16,compression_case3,0.64,0.2,0.16,36155.00178896952,1707.750089448476,102.08330098782787,42.26712979951186,2.4151935906707065,9013,215.3141229475765
compression_case3_w70_24_6,compression_case3,0.7,0.24,0.06,44106.950665237266,2105.347533261863,112.08690958079201,46.443436214651534,2.4134069034588768,9013,212.5312551081344
compression_case3_w68_26_6,compression_case3,0.68,0.26,0.06,44505.19383992843,2125.2596919964217,112.55072769775536,46.652585469698025,2.412529264232521,9013,220.09719408854846
compression_case3_w62_30_8,compression_case3,0.62,0.3,0.08,43624.31170776941,2081.2155853884706,111.520530667672,46.227041906294005,2.412452237236664,9013,236.19575622374464
regime_hold_case3_w64_34_2,regime_hold_case3,0.64,0.34,0.02,50181.888719693736,2409.0944359846867,118.84665089719451,49.288114907629236,2.4112638740581738,9012,242.80035254540098
compression_case3_w66_28_6,compression_case3,0.66,0.28,0.06,44861.35795217255,2143.0678976086274,112.96288419939535,46.863515774115626,2.4104654192801456,9013,226.71440065236868
compression_case3_w60_20_20,compression_case3,0.6,0.2,0.2,33502.20677600107,1575.1103388000533,98.37509300342285,40.813576574723655,2.410352173456608,9013,215.55093802246816
regime_hold_case3_w66_18_16,regime_hold_case3,0.66,0.18,0.16,43501.845450071036,2075.092272503552,111.37898626323977,46.23138779269576,2.409163807988409,9012,291.596827983138
compression_case3_w60_32_8,compression_case3,0.6,0.32,0.08,43876.69865002233,2093.8349325011163,111.8172961610683,46.444473106068486,2.4075479531375743,9013,240.39173590105935
compression_case3_w64_30_6,compression_case3,0.64,0.3,0.06,45174.36565758967,2158.7182828794835,113.32305973165333,47.07620542384389,2.407225873694903,9013,232.37607155700383
compression_case3_w72_24_4,compression_case3,0.72,0.24,0.04,45618.179893944805,2180.9089946972404,113.83052897865676,47.29019702060213,2.4070639614604716,9013,205.49422009499813
compression_case3_w70_26_4,compression_case3,0.7,0.26,0.04,46037.67318471245,2201.8836592356224,114.30676485207316,47.496454461254565,2.406637845890568,9013,213.69100348756547
regime_hold_case3_w62_36_2,regime_hold_case3,0.62,0.36,0.02,50394.624374856736,2419.7312187428365,119.07177238034441,49.49972548732018,2.405503691345637,9012,246.61689300245192
compression_case3_w68_28_4,compression_case3,0.68,0.28,0.04,46413.78316861515,2220.6891584307573,114.730964421168,47.70446658083915,2.405036103417002,9013,220.91061487606277
regime_hold_case3_w70_20_10,regime_hold_case3,0.7,0.2,0.1,45711.04590114277,2185.5522950571385,113.93924859531586,47.38547677373282,2.404518353574439,9012,261.7566954114162
compression_case3_w62_32_6,compression_case3,0.62,0.32,0.06,45443.25609681935,2172.1628048409675,113.63096448203609,47.29063242322661,2.402821841439927,9013,237.08054598809625
compression_case3_w70_22_8,compression_case3,0.7,0.22,0.08,42197.26245401164,2009.8631227005817,109.81765729548667,45.713399328402595,2.4023078333458106,9013,210.17766264112515
compression_case3_w66_30_4,compression_case3,0.66,0.3,0.04,46745.36090023988,2237.268045011994,115.10278505116145,47.91421181266134,2.402268151695767,9013,227.14712898138856
compression_case3_w72_26_2,compression_case3,0.72,0.26,0.02,47587.96522854046,2279.398261427023,116.03875229552037,48.3292051211192,2.4010068447166124,9013,205.78671553701082
compression_case3_w74_24_2,compression_case3,0.74,0.24,0.02,47146.58760512308,2257.329380256154,115.55004772211528,48.12580590693574,2.40099974524193,9013,196.91064524680462
compression_case3_w70_28_2,compression_case3,0.7,0.28,0.02,47984.63928833946,2299.231964416973,116.47504109760192,48.534332967488936,2.399848395477559,9013,213.66275985635426
regime_hold_case3_w60_38_2,regime_hold_case3,0.6,0.38,0.02,50556.66069224642,2427.8330346123207,119.2427605799482,49.712951095483305,2.3986256690116723,9012,249.40829836607665
compression_case3_w64_32_4,compression_case3,0.64,0.32,0.04,47031.389548457555,2251.5694774228778,115.42192787631235,48.12566853095718,2.3983444053783143,9013,232.398173484772
compression_case3_w68_30_2,compression_case3,0.68,0.3,0.02,48335.40300464577,2316.7701502322884,116.85856598805961,48.74116817762274,2.3975331399978597,9013,220.52741779336517
compression_case3_w60_34_6,compression_case3,0.6,0.34,0.06,45667.18174742273,2183.3590873711364,113.88632961514205,47.50677471815341,2.3972650277945204,9013,240.83043272053925
regime_hold_case3_w74_26_0,regime_hold_case3,0.74,0.26,0.0,49153.87315364312,2357.6936576821563,117.74848752684753,49.15094827744154,2.395650372037475,9012,196.46711109231833
baseline_70_case12_only,none,0.74,0.26,0.0,49153.87315364312,2357.6936576821563,117.74848752684753,49.15094827744154,2.395650372037475,9012,196.46711109231833
compression_case3_w74_26_0,compression_case3,0.74,0.26,0.0,49153.87315364312,2357.6936576821563,117.74535564456166,49.15094827744154,2.395586652365818,9013,196.46711109231833
regime_hold_case3_w72_28_0,regime_hold_case3,0.72,0.28,0.0,49571.77327580518,2378.588663790259,118.19698141197077,49.35322546032555,2.39491908197546,9012,205.0147283368613
compression_case3_w72_28_0,compression_case3,0.72,0.28,0.0,49571.77327580518,2378.588663790259,118.19383478094316,49.35322546032555,2.394855324622253,9013,205.0147283368613
compression_case3_w66_32_2,compression_case3,0.66,0.32,0.02,48639.183739204054,2331.9591869602027,117.18902100624416,48.94968942470863,2.394070777231325,9013,226.37559918922906
compression_case3_w62_34_4,compression_case3,0.62,0.34,0.04,47270.971202352375,2263.5485601176188,115.68811766634659,48.33881505255293,2.393275828970423,9013,236.66733671595784
regime_hold_case3_w70_30_0,regime_hold_case3,0.7,0.3,0.0,49942.382793788776,2397.1191396894387,118.59233438184332,49.55718457579861,2.393040189772165,9012,212.52249158556356
compression_case3_w70_30_0,compression_case3,0.7,0.3,0.0,49942.382793788776,2397.1191396894387,118.58917473548445,49.55718457579861,2.3929764321881555,9013,212.52249158556356
regime_hold_case3_w76_24_0,regime_hold_case3,0.76,0.24,0.0,48689.9533321179,2334.4976666058947,117.2472115056531,49.0129000436196,2.392170457192037,9012,186.88851953903614
compression_case3_w76_24_0,compression_case3,0.76,0.24,0.0,48689.9533321179,2334.4976666058947,117.24409608764455,49.0129000436196,2.392106893966727,9013,186.88851953903614
compression_case3_w66_20_14,compression_case3,0.66,0.2,0.14,37518.2986928903,1775.914934644515,103.9093672824758,43.44596383571139,2.3916920723730186,9013,213.62595613851047
regime_hold_case3_w68_32_0,regime_hold_case3,0.68,0.32,0.0,50264.563661984685,2413.2281830992342,118.93422497670004,49.76280459254417,2.3900225469711494,9012,218.98558568716987
compression_case3_w68_32_0,compression_case3,0.68,0.32,0.0,50264.563661984685,2413.2281830992342,118.93105406437647,49.76280459254417,2.3899588264403326,9013,218.98558568716987
compression_case3_w64_34_2,compression_case3,0.64,0.34,0.02,48895.035065840704,2344.751753292035,117.46612820469386,49.15987532517866,2.389471645883735,9013,231.20825135186732
regime_hold_case3_w74_22_4,regime_hold_case3,0.74,0.22,0.04,47543.09238140892,2277.1546190704457,115.99229929832018,48.56983349427947,2.3881551768544087,9012,218.72300146864103
compression_case3_w60_36_4,compression_case3,0.6,0.36,0.04,47463.347991363225,2273.1673995681613,115.90112172613662,48.553629638532314,2.3870743050310934,9013,239.95937172130508
regime_hold_case3_w66_34_0,regime_hold_case3,0.66,0.34,0.0,50537.31645502969,2426.8658227514848,119.22236947321494,49.9700644231446,2.3858758408563268,9012,224.40326784375674
compression_case3_w66_34_0,compression_case3,0.66,0.34,0.0,50537.31645502969,2426.8658227514848,119.2191890583023,49.9700644231446,2.3858121944522375,9013,224.40326784375674
regime_hold_case3_w68_18_14,regime_hold_case3,0.68,0.18,0.14,44102.808356483445,2105.1404178241723,112.08501568902771,46.99514806891848,2.3850337810331994,9012,280.32133987512645
compression_case3_w62_36_2,compression_case3,0.62,0.36,0.02,49102.15300479078,2355.107650239539,117.68965049727905,49.37170444035254,2.3837469625838725,9013,235.02870825738586
compression_case3_w72_22_6,compression_case3,0.72,0.22,0.06,43667.848492681966,2083.392424634098,111.57181535286482,46.83695901805817,2.382131925128783,9013,204.01971230686638
regime_hold_case3_w64_36_0,regime_hold_case3,0.64,0.36,0.0,50759.78547951002,2437.989273975501,119.45652225939286,50.17894292569128,2.3806105767571264,9012,228.77885234027937
compression_case3_w64_36_0,compression_case3,0.64,0.36,0.0,50759.78547951002,2437.989273975501,119.45333411730385,50.17894292569128,2.380547041299759,9013,228.77885234027937
regime_hold_case3_w64_16_20,regime_hold_case3,0.64,0.16,0.2,41679.81354004685,1983.9906770023426,109.19227612830551,45.871910272430874,2.380373424167825,9012,301.5943745242473
compression_case3_w62_18_20,compression_case3,0.62,0.18,0.2,33139.398120208745,1556.9699060104374,97.85082845407493,41.12293303783909,2.379471045123117,9013,209.3335834879024
regime_hold_case3_w72_20_8,regime_hold_case3,0.72,0.2,0.08,46193.64358474435,2209.6821792372175,114.48602000803638,48.150230608001976,2.3776837319863264,9012,245.6807195720806
compression_case3_w60_38_2,compression_case3,0.6,0.38,0.02,49259.87005967635,2362.9935029838175,117.85938103490423,49.58515527806201,2.376908580279244,9013,237.84757810232531
regime_hold_case3_w62_38_0,regime_hold_case3,0.62,0.38,0.0,50931.263199261586,2446.563159963079,119.63647616574562,50.38941890539241,2.374238059588791,9012,232.11967226814753
compression_case3_w62_38_0,compression_case3,0.62,0.38,0.0,50931.263199261586,2446.563159963079,119.63328208193613,50.38941890539241,2.374174671602208,9013,232.11967226814753
compression_case3_w68_20_12,compression_case3,0.68,0.2,0.12,38904.67387826435,1845.2336939132176,105.71554058165931,44.60520766722217,2.370026867049958,9013,210.8081789719773
regime_hold_case3_w60_40_0,regime_hold_case3,0.6,0.4,0.0,51051.19394260861,2452.559697130431,119.76206275220149,50.601471116196315,2.366770374663446,9012,234.43701850166642
compression_case3_w60_40_0,compression_case3,0.6,0.4,0.0,51051.19394260861,2452.559697130431,119.75886452015772,50.601471116196315,2.3667071703341405,9013,234.43701850166642
compression_case3_w74_22_4,compression_case3,0.74,0.22,0.04,45156.578826323464,2157.8289413161733,113.30264327202411,47.9414922592738,2.3633524517607576,9013,196.32801163530826
regime_hold_case3_w70_18_12,regime_hold_case3,0.7,0.18,0.12,44661.94309876221,2133.09715493811,112.73539410599645,47.75457000263997,2.3607247243512863,9012,267.2385219753411
regime_hold_case3_w66_16_18,regime_hold_case3,0.66,0.16,0.18,42343.85551939622,2017.1927759698108,109.99745513302327,46.62958925204804,2.358962557839645,9012,293.2296870904248
regime_hold_case3_w76_22_2,regime_hold_case3,0.76,0.22,0.02,47888.82970405767,2294.4414852028835,116.37300082522782,49.334616783988295,2.3588508112826174,9012,198.1901328839829
compression_case3_w64_18_18,compression_case3,0.64,0.18,0.18,34433.248996305694,1621.6624498152846,99.70107008854147,42.318152307300316,2.355988261598605,9013,209.2164210824131
regime_hold_case3_w74_20_6,regime_hold_case3,0.74,0.2,0.06,46628.433579863755,2231.4216789931875,114.97493610927214,48.9103483226371,2.3507282211698843,9012,227.8700837058175
compression_case3_w70_20_10,compression_case3,0.7,0.2,0.1,40312.86037668708,1915.6430188343538,107.5009215344259,45.74508241164944,2.3499995161676597,9013,206.7685782270249
compression_case3_w76_22_2,compression_case3,0.76,0.22,0.02,46661.84515844018,2233.092257922009,115.00932175025476,49.02724908130168,2.3458244936307824,9013,187.04170747126395
regime_hold_case3_w68_16_16,regime_hold_case3,0.68,0.16,0.16,42970.33061382306,2048.516530691153,110.74836726513672,47.38319916617911,2.337291892780976,9012,283.11140914621427
regime_hold_case3_w72_18_10,regime_hold_case3,0.72,0.18,0.1,45177.336834132424,2158.8668417066215,113.32945705841854,48.50955621930433,2.336229516223016,9012,252.35084514056777
compression_case3_w66_18_16,compression_case3,0.66,0.18,0.16,35751.67244803554,1687.5836224017771,101.53308264495146,43.493648371074734,2.3344347151267173,9013,208.07837703622295
compression_case3_w72_20_8,compression_case3,0.72,0.2,0.08,41741.54245334784,1987.077122667392,109.26467649266156,46.86581227442025,2.331436737997159,9013,201.39314156487208
regime_hold_case3_w78_22_0,regime_hold_case3,0.78,0.22,0.0,48181.411204192875,2309.0705602096436,116.69354898740995,50.09445708431579,2.329470280334585,9012,176.29186708068588
compression_case3_w78_22_0,compression_case3,0.78,0.22,0.0,48181.411204192875,2309.0705602096436,116.69045172945145,50.09445708431579,2.329408451977941,9013,176.29186708068588
regime_hold_case3_w76_20_4,regime_hold_case3,0.76,0.2,0.04,47013.73429756865,2250.686714878432,115.4053263511548,49.66568453158543,2.3236431238103954,9012,208.3549150574161
regime_hold_case3_w70_16_14,regime_hold_case3,0.7,0.16,0.14,43557.13384594916,2077.856692297458,111.44424801436341,48.13265166284955,2.3153565025876177,9012,271.2455059180308
compression_case3_w68_18_14,compression_case3,0.68,0.18,0.14,37093.63350271901,1754.6816751359504,103.34601378028671,44.64965467681803,2.314598276925614,9013,205.83864525578133
compression_case3_w74_20_6,compression_case3,0.74,0.2,0.06,43189.18356132878,2059.4591780664387,111.00582548754869,47.96761285690525,2.3141828178670494,9013,194.57700424066368
regime_hold_case3_w74_18_8,regime_hold_case3,0.74,0.18,0.08,45647.137579308954,2182.356878965448,113.86651483166585,49.25999488105991,2.3115413451950366,9012,235.64522696501155
regime_hold_case3_w66_14_20,regime_hold_case3,0.66,0.14,0.2,41141.07336689295,1957.0536683446476,108.5318652342985,47.036715604620326,2.3073861310086374,9012,293.51386003427575
compression_case3_w76_20_4,compression_case3,0.76,0.2,0.04,44654.25277432552,2132.712638716276,112.72352282626761,49.05071141961835,2.298101690349442,9013,186.20561461775884
regime_hold_case3_w78_20_2,regime_hold_case3,0.78,0.2,0.02,47348.10951976913,2267.4054759884566,115.77667291292357,50.4161612307757,2.2964198401176494,9012,187.1955655524927
compression_case3_w70_18_12,compression_case3,0.7,0.18,0.12,38457.997402603425,1822.8998701301712,105.13900563181373,45.786400656972624,2.2962933124947993,9013,202.42104923667955
compression_case3_w64_16_20,compression_case3,0.64,0.16,0.2,32747.142999241758,1537.357149962088,97.27910231578242,42.379350711573636,2.2954363547909638,9013,202.3952379132169
regime_hold_case3_w72_16_12,regime_hold_case3,0.72,0.16,0.12,44102.38014771655,2105.1190073858274,112.08451521643839,48.877816072846194,2.2931571870844354,9012,257.5715927858064
regime_hold_case3_w68_14_18,regime_hold_case3,0.68,0.14,0.18,41790.01037636866,1989.5005188184327,109.32656322487864,47.78013717894952,2.288117399400113,9012,284.5660675181872
regime_hold_case3_w76_18_6,regime_hold_case3,0.76,0.18,0.06,46069.61370136496,2203.480685068248,114.34591156078389,50.00582163959073,2.2866519899405806,9012,217.17144158372489
compression_case3_w78_20_2,compression_case3,0.78,0.2,0.02,46135.18750747324,2206.759375373662,114.41699856336803,50.11534846695134,2.2830729918763417,9013,176.19352707050396
compression_case3_w72_18_10,compression_case3,0.72,0.18,0.1,39843.47113250075,1892.1735566250377,106.9111229587516,46.90410310420305,2.27935544831197,9013,197.75305175525008
compression_case3_w66_16_18,compression_case3,0.66,0.16,0.18,34020.0641369021,1601.003206845105,99.11601061330808,43.55132104772458,2.275843952120175,9013,201.76856895229386
regime_hold_case3_w74_16_10,regime_hold_case3,0.74,0.16,0.1,44604.32875752796,2130.216437876398,112.66866361912311,49.61857989949641,2.2706950470435894,9012,242.05556986007505
regime_hold_case3_w80_20_0,regime_hold_case3,0.8,0.2,0.0,47629.76371450057,2281.4881857250284,116.08793197004968,51.161752920363014,2.2690374223641046,9012,164.6940472800775
compression_case3_w80_20_0,compression_case3,0.8,0.2,0.0,47629.76371450057,2281.4881857250284,116.08485454629718,51.161752920363014,2.268977271497943,9013,164.6940472800775
regime_hold_case3_w70_14_16,regime_hold_case3,0.7,0.14,0.16,42401.71427515766,2020.085713757883,110.06715752013743,48.51953409414299,2.2685122513042457,9012,273.8773270661608
compression_case3_w74_18_8,compression_case3,0.74,0.18,0.08,41248.77788586983,1962.4388942934913,108.66157852242124,48.002985096165865,2.2636421111048852,9013,191.71987952049483
regime_hold_case3_w78_18_4,regime_hold_case3,0.78,0.18,0.04,46443.02104955262,2222.151052477631,114.76686579386835,50.746943397108105,2.2615522849482304,9012,197.02265923593103
compression_case3_w68_16_16,compression_case3,0.68,0.16,0.16,35316.866956530066,1665.843347826503,100.934636381431,44.70390347274383,2.2578483877357893,9013,200.0847199477117
compression_case3_w76_18_6,compression_case3,0.76,0.18,0.06,42672.38488913827,2033.6192444569135,110.38938879217532,49.083259726698905,2.2490231783063273,9013,184.2172794384156
regime_hold_case3_w72_14_14,regime_hold_case3,0.72,0.14,0.14,42974.163012336285,2048.7081506168142,110.7529353160169,49.25478371824994,2.248572157976619,9012,261.37587722299
regime_hold_case3_w76_16_8,regime_hold_case3,0.76,0.16,0.08,45061.149349382,2153.0574674691,113.19598445814192,50.354839658488494,2.2479663370164276,9012,224.71421669489047
compression_case3_w70_16_14,compression_case3,0.7,0.16,0.14,36636.500555361315,1731.8250277680659,102.73410618593081,45.837324609605965,2.241276231998959,9013,197.26059605988343
regime_hold_case3_w68_12_20,regime_hold_case3,0.68,0.12,0.2,40567.43649953847,1928.3718249769233,107.82144078090745,48.18575707168041,2.2376205612067874,9012,284.8151422702639
regime_hold_case3_w80_18_2,regime_hold_case3,0.8,0.18,0.02,46765.95490987018,2238.297745493509,115.12885866153404,51.483249221474935,2.2362391729834905,9012,175.22604296435094
compression_case3_w78_18_4,compression_case3,0.78,0.18,0.04,44112.6912619211,2105.634563096055,112.0936179020343,50.14515470112578,2.235382831504511,9013,175.14377955500674
regime_hold_case3_w74_14_12,regime_hold_case3,0.74,0.14,0.12,43505.39267812107,2075.2696339060535,111.38317525245456,49.985815958281556,2.228295629812577,9012,247.0678470177928
compression_case3_w72_16_12,compression_case3,0.72,0.16,0.12,37977.79595353568,1798.8897976767837,104.51351749512123,46.95181293897217,2.22597405623011,9013,193.23336616062772
regime_hold_case3_w78_16_6,regime_hold_case3,0.78,0.16,0.06,45471.15927021313,2173.5579635106565,113.66583559391698,51.08651655101626,2.224967433048747,9012,205.56748445509814
compression_case3_w80_18_2,compression_case3,0.8,0.18,0.02,45568.17265039619,2178.4086325198095,113.77353666118336,51.18890150278761,2.2226211800030042,9013,164.38539821179089
regime_hold_case3_w70_12_18,regime_hold_case3,0.7,0.12,0.18,41200.92616555119,1960.0463082775593,108.60555746182258,48.91503681178227,2.2202898033118217,9012,275.2507666516298
compression_case3_w66_14_20,compression_case3,0.66,0.14,0.2,32326.598045866496,1516.329902293325,96.6603551813493,43.618937848218934,2.2160180864031784,9013,194.75526095202898
compression_case3_w74_16_10,compression_case3,0.74,0.16,0.1,39339.55367282708,1866.977683641354,106.27205529245268,48.047585147090345,2.211808459615962,9013,187.89619251677647
regime_hold_case3_w76_14_10,regime_hold_case3,0.76,0.14,0.1,43993.65018613315,2099.6825093066577,111.95731694472472,50.712493824576434,2.2076870708035985,9012,230.9249362839635
regime_hold_case3_w72_12_16,regime_hold_case3,0.72,0.12,0.16,41797.58220623025,1989.8791103115122,109.33578049545139,49.640339505859664,2.202559079648219,9012,263.91938830575134
regime_hold_case3_w80_16_4,regime_hold_case3,0.8,0.16,0.04,45832.61984341166,2191.630992170583,114.07739911003789,51.81355327996728,2.2016903278884703,9012,184.7473192318164
compression_case3_w68_14_18,compression_case3,0.68,0.14,0.18,33577.63078198563,1578.8815390992816,98.48354186001333,44.767910971021465,2.199869051825141,9013,193.59336469701122
compression_case3_w76_16_8,compression_case3,0.76,0.16,0.08,40720.4152811181,1936.020764055905,108.00882218003491,49.12485636242597,2.1986592975088555,9013,181.18079891777768
regime_hold_case3_w78_14_8,regime_hold_case3,0.78,0.14,0.08,44437.34558741625,2121.8672793708124,112.47488990375194,51.434719298994146,2.186750339783647,9012,212.9235075157316
compression_case3_w78_16_6,compression_case3,0.78,0.16,0.06,42118.95496050258,2005.9477480251292,109.72295996934282,50.183842306197654,2.186420069229975,9013,172.96778925650102
compression_case3_w70_14_16,compression_case3,0.7,0.14,0.16,34851.84584413562,1642.592292206781,100.28839854730873,45.89782854377682,2.18503580080384,9013,191.34727024750842
regime_hold_case3_w74_12_14,regime_hold_case3,0.74,0.12,0.14,42355.4106191639,2017.770530958195,110.01138130927669,50.361542145672544,2.184432339086537,9012,250.79565381888065
compression_case3_w80_16_4,compression_case3,0.8,0.16,0.04,43533.478300423936,2076.673915021197,111.41340748717421,51.22476672145848,2.174991017392027,9013,163.16413046940582
compression_case3_w72_14_14,compression_case3,0.72,0.14,0.14,36148.19521612623,1707.4097608063116,102.07405415806994,47.008915618116134,2.1713764892447975,9013,187.92405908856364
regime_hold_case3_w70_10_20,regime_hold_case3,0.7,0.1,0.2,39960.451515325374,1898.0225757662688,107.0613871421338,49.326057325429794,2.1704833701950643,9012,275.4993934597355
regime_hold_case3_w76_12_12,regime_hold_case3,0.76,0.12,0.12,42872.52670526415,2043.6263352632075,110.63168479870886,51.07854582602689,2.165912968147517,9012,235.80788902197602
regime_hold_case3_w80_14_6,regime_hold_case3,0.8,0.14,0.06,44834.77120144796,2141.7385600723983,112.93517815538054,52.15239143958159,2.1654841712525426,9012,193.09214622755493
compression_case3_w74_14_12,compression_case3,0.74,0.14,0.12,37465.49277668544,1773.2746388342719,103.83957948702047,48.101389762846566,2.158764642746892,9013,183.2508665506705
regime_hold_case3_w72_10_18,regime_hold_case3,0.72,0.1,0.18,40578.17677324739,1928.9088386623696,107.83481178518919,50.03443307868265,2.15521202399978,9012,265.35775881453975
compression_case3_w76_14_10,compression_case3,0.76,0.14,0.1,38802.527613043676,1840.126380652184,105.58414183856794,49.17547362748256,2.1470894746921245,9013,177.24136403370636
regime_hold_case3_w78_12_10,regime_hold_case3,0.78,0.12,0.1,43347.07060315855,2067.3535301579273,111.1959574090852,51.79126957857238,2.147001962181872,9012,218.98906234385066
compression_case3_w68_12_20,compression_case3,0.68,0.12,0.2,31878.86053000131,1493.9430265000656,95.99486613389536,44.84163744049587,2.140752916556158,9013,186.43643154757189
regime_hold_case3_w74_10_16,regime_hold_case3,0.74,0.1,0.16,41159.50485649827,1957.9752428249137,108.55456717704493,50.74561883634055,2.1391909226123293,9012,253.3891825943885
compression_case3_w78_14_8,compression_case3,0.78,0.14,0.08,40158.00021718261,1907.9000108591306,107.30691342226902,50.23137539885069,2.136252741841591,9013,169.80114868052914
regime_hold_case3_w80_12_8,regime_hold_case3,0.8,0.12,0.08,43777.480969733675,2088.8740484866835,111.70372181357165,52.49959136808491,2.1277065002353064,9012,200.3135548530532
compression_case3_w70_12_18,compression_case3,0.7,0.12,0.18,33107.209291299274,1555.3604645649639,97.80410558208266,45.96786870405918,2.127662394176785,9013,184.71480573608318
compression_case3_w80_14_6,compression_case3,0.8,0.14,0.06,41530.4814087977,1976.5240704398848,109.0070208280213,51.26931146392701,2.1261651018020484,9013,160.8535767721236
regime_hold_case3_w76_10_14,regime_hold_case3,0.76,0.1,0.14,41702.514669738244,1985.1257334869122,109.21996193909429,51.452882570167425,2.1227180380059103,9012,239.55520810246233
compression_case3_w72_12_16,compression_case3,0.72,0.12,0.16,34357.939681961274,1617.8969840980637,99.59483150454551,47.07537387329253,2.1156461077210706,9013,181.8830762601264
regime_hold_case3_w78_10_12,regime_hold_case3,0.78,0.1,0.12,42205.3364131259,2010.2668206562948,109.83028791127568,52.156007082920354,2.1058032248646206,9012,223.89112630034822
compression_case3_w74_12_14,compression_case3,0.74,0.12,0.14,35630.08536006264,1681.5042680031322,101.36629319110608,48.16437623765798,2.1045905939056144,9013,177.851008086745
compression_case3_w76_12_12,compression_case3,0.76,0.12,0.12,36922.499438893334,1746.1249719446666,103.11760969740634,49.23508832494772,2.0943927025546945,9013,172.5216702524584
regime_hold_case3_w80_10_10,regime_hold_case3,0.8,0.1,0.1,42666.19451975814,2033.3097259879069,110.38486295698466,52.85487854298594,2.0884517380398595,9012,206.34451393169027
compression_case3_w78_12_10,compression_case3,0.78,0.12,0.1,38233.938876069806,1811.6969438034903,104.84789752682282,50.28772523995124,2.084960037992056,9013,165.8109227793963
compression_case3_w80_12_8,compression_case3,0.8,0.12,0.08,39563.12654881661,1878.1563274408306,106.5563504103228,51.32250255331312,2.0762111181081537,9013,157.6242883704026
compression_case3_w70_10_20,compression_case3,0.7,0.1,0.2,31405.248523044258,1470.2624261522128,95.28317342755335,46.0474043191646,2.069240923269527,9013,177.46044754662825
compression_case3_w72_10_18,compression_case3,0.72,0.1,0.18,32609.982239222772,1530.4991119611386,97.07796226990585,47.15115327503347,2.0588671862096026,9013,175.17044859305201
compression_case3_w74_10_16,compression_case3,0.74,0.1,0.16,33836.47125272855,1591.8235626364276,98.85432054869736,48.236501383441386,2.049367547676914,9013,171.73072403577817
compression_case3_w76_10_14,compression_case3,0.76,0.1,0.14,35083.6359721974,1654.18179860987,100.61132676616671,49.30366877899988,2.040645843560845,9013,167.0606459726135
compression_case3_w78_10_12,compression_case3,0.78,0.1,0.12,36350.31781616311,1717.5158908081553,102.34808101640454,50.3528663912528,2.032616777387359,9013,161.0647243822202
compression_case3_w80_10_10,compression_case3,0.8,0.1,0.1,37635.364602523,1781.7682301261498,104.06381575403087,51.3843077015857,2.025206145782509,9013,153.64097038024843
